-- gmpfrxx_mkII enabled components: GMP;MPFR;MPC
-- MPFR buildopt TLS probe: has API=1, tls=1
-- MPC buildopt TLS probe: has API=0, tls=0
-- OpenMP benchmark targets enabled
-- Configuring done (0.4s)
-- Generating done (1.2s)
-- Build files have been written to: /home/docker/gmpfrxx_mkII-p2a-clean.wbx83b/build-p2c
[  1%] Built target gmpxx_mkII_default_context_provider
[  1%] Built target example03_mpfr
[  1%] Built target example02_mpc
[  1%] Built target example02_mpf
[  1%] Built target example04_mpf
[  1%] Built target example04_mpfr
[  1%] Built target example03_mpf
[  3%] Built target example01
[  3%] Built target example06_mpfc
[  3%] Built target example05_mpf
[  3%] Built target example02_mpfr
[  3%] Built target example06_mpc
[  3%] Built target example05_mpfr
[  3%] Built target example07_mpfc
[  3%] Built target example07_mpc
[  3%] Built target example03_mpfc
[  3%] Built target example09_mpc
[  3%] Built target example09_mpfc
[  3%] Built target example11_mpf
[  3%] Built target example10_mpfr
[  3%] Built target example12_mpf
[  3%] Built target example08_mpfc
[  3%] Built target example14_mpfr
[  4%] Built target example10_mpf
[  5%] Built target example11_mpfr
[  5%] Built target example13_mpf
[  5%] Built target example12_mpfr
[  5%] Built target example14_mpf
[  5%] Built target example15_mpf
[  5%] Built target example08_mpc
[  5%] Built target example15_mpfr
[  5%] Built target example13_mpfr
[  5%] Built target example16_mpfr_thread_context
[  5%] Built target Rdot_gmp_C_native_01
[  5%] Built target Rdot_gmp_C_native_04
[  6%] Built target Rdot_gmp_C_native_openmp_01
[  6%] Built target Rdot_gmp_C_native_05
[  6%] Built target Rdot_gmp_C_native_02
[  6%] Built target Rdot_gmp_C_native_03
[  6%] Built target Rdot_gmp_C_native_06
[  6%] Built target Rdot_gmp_C_native_openmp_02
[  7%] Built target Rdot_gmp_C_native_openmp_03
[  7%] Built target Rdot_gmp_kernel_01_mkII
[  7%] Built target Rdot_gmp_C_native_openmp_06
[  8%] Built target Rdot_gmp_kernel_01_orig
[  8%] Built target Rdot_gmp_C_native_openmp_05
[  8%] Built target Rdot_gmp_kernel_02_orig
[  8%] Built target Rdot_gmp_kernel_02_mkII
[  8%] Built target Rdot_gmp_C_native_openmp_04
[  9%] Built target Rdot_gmp_kernel_03_orig
[  9%] Built target Rdot_gmp_kernel_01_mkII_FIXED_PRECISION_FASTPATH
[  9%] Built target Rdot_gmp_kernel_03_mkII_FIXED_PRECISION_FASTPATH
[  9%] Built target Rdot_gmp_kernel_04_orig
[  9%] Built target Rdot_gmp_kernel_04_mkII
[  9%] Built target Rdot_gmp_kernel_02_mkII_FIXED_PRECISION_FASTPATH
[  9%] Built target Rdot_gmp_kernel_06_mkII_FIXED_PRECISION_FASTPATH
[  9%] Built target Rdot_gmp_kernel_03_mkII
[  9%] Built target Rdot_gmp_kernel_04_mkII_FIXED_PRECISION_FASTPATH
[  9%] Built target Rdot_gmp_kernel_05_mkII_FIXED_PRECISION_FASTPATH
[ 10%] Built target Rdot_gmp_kernel_05_orig
[ 10%] Built target Rdot_gmp_kernel_06_orig
[ 10%] Built target Rdot_gmp_kernel_openmp_01_orig
[ 10%] Built target Rdot_gmp_kernel_06_mkII
[ 10%] Built target Rdot_gmp_kernel_05_mkII
[ 10%] Built target Rdot_gmp_kernel_openmp_02_orig
[ 10%] Built target Rdot_gmp_kernel_openmp_03_orig
[ 11%] Built target Rdot_gmp_kernel_openmp_02_mkII
[ 11%] Built target Rdot_gmp_kernel_openmp_01_mkII
[ 11%] Built target Rdot_gmp_kernel_openmp_03_mkII
[ 11%] Built target Rdot_gmp_kernel_openmp_01_mkII_FIXED_PRECISION_FASTPATH
[ 11%] Built target Rdot_gmp_kernel_openmp_03_mkII_FIXED_PRECISION_FASTPATH
[ 11%] Built target Rdot_gmp_kernel_openmp_02_mkII_FIXED_PRECISION_FASTPATH
[ 11%] Built target Rdot_gmp_kernel_openmp_05_orig
[ 11%] Built target Rdot_gmp_kernel_openmp_04_orig
[ 11%] Built target Rdot_gmp_kernel_openmp_04_mkII_FIXED_PRECISION_FASTPATH
[ 11%] Built target Rdot_gmp_kernel_openmp_05_mkII_FIXED_PRECISION_FASTPATH
[ 12%] Built target Rdot_gmp_kernel_openmp_04_mkII
[ 13%] Built target Rdot_gmp_kernel_openmp_06_orig
[ 13%] Built target Rdot_gmp_kernel_openmp_06_mkII
[ 13%] Built target Rdot_gmp_kernel_openmp_05_mkII
[ 13%] Built target Rdot_mpfr_C_native_01
[ 13%] Built target Rdot_mpfr_C_native_06
[ 14%] Built target Rdot_mpfr_C_native_03
[ 14%] Built target Rdot_mpfr_C_native_05_FMA
[ 14%] Built target Rdot_mpfr_C_native_02
[ 14%] Built target Rdot_mpfr_C_native_06_FMA
[ 14%] Built target Rdot_gmp_kernel_openmp_06_mkII_FIXED_PRECISION_FASTPATH
[ 14%] Built target Rdot_mpfr_C_native_01_FMA
[ 14%] Built target Rdot_mpfr_C_native_openmp_03
[ 14%] Built target Rdot_mpfr_C_native_04
[ 14%] Built target Rdot_mpfr_C_native_openmp_02
[ 14%] Built target Rdot_mpfr_C_native_05
[ 14%] Built target Rdot_mpfr_C_native_openmp_04
[ 15%] Built target Rdot_mpfr_C_native_openmp_01
[ 15%] Built target Rdot_mpfr_C_native_openmp_05
[ 15%] Built target Rdot_mpfr_C_native_openmp_05_FMA
[ 16%] Built target Rdot_mpfr_C_native_openmp_06_FMA
[ 16%] Built target Rdot_mpfr_C_native_openmp_06
[ 16%] Built target Rdot_mpfr_C_native_openmp_01_FMA
[ 16%] Built target Rdot_mpfr_kernel_01_PRECISION
[ 16%] Built target Rdot_mpfr_kernel_01
[ 16%] Built target Rdot_mpfr_kernel_01_ROUNDING
[ 17%] Built target Rdot_mpfr_kernel_02
[ 17%] Built target Rdot_mpfr_kernel_01_ROUNDING_PRECISION
[ 18%] Built target Rdot_mpfr_kernel_03
[ 18%] Built target Rdot_mpfr_kernel_02_ROUNDING_PRECISION
[ 18%] Built target Rdot_mpfr_kernel_02_PRECISION
[ 18%] Built target Rdot_mpfr_kernel_03_ROUNDING
[ 18%] Built target Rdot_mpfr_kernel_03_PRECISION
[ 18%] Built target Rdot_mpfr_kernel_03_ROUNDING_PRECISION
[ 18%] Built target Rdot_mpfr_kernel_02_ROUNDING
[ 19%] Built target Rdot_mpfr_kernel_04_ROUNDING
[ 19%] Built target Rdot_mpfr_kernel_06_PRECISION
[ 19%] Built target Rdot_mpfr_kernel_05
[ 19%] Built target Rdot_mpfr_kernel_04_ROUNDING_PRECISION
[ 19%] Built target Rdot_mpfr_kernel_04_PRECISION
[ 19%] Built target Rdot_mpfr_kernel_06_ROUNDING
[ 19%] Built target Rdot_mpfr_kernel_05_ROUNDING_PRECISION
[ 19%] Built target Rdot_mpfr_kernel_05_ROUNDING
[ 19%] Built target Rdot_mpfr_kernel_06_ROUNDING_PRECISION
[ 19%] Built target Rdot_mpfr_kernel_05_PRECISION
[ 19%] Built target Rdot_mpfr_kernel_06
[ 19%] Built target Rdot_mpfr_kernel_05_PRECISION_FMA
[ 19%] Built target Rdot_mpfr_kernel_01_ROUNDING_PRECISION_FMA
[ 19%] Built target Rdot_mpfr_kernel_04
[ 19%] Built target Rdot_mpfr_kernel_06_PRECISION_FMA
[ 20%] Built target Rdot_mpfr_kernel_01_PRECISION_FMA
[ 20%] Built target Rdot_mpfr_kernel_05_ROUNDING_PRECISION_FMA
[ 21%] Built target Rdot_mpfr_kernel_06_ROUNDING_PRECISION_FMA
[ 21%] Built target Rdot_mpfr_kernel_openmp_01_PRECISION
[ 21%] Built target Rdot_mpfr_kernel_openmp_01
[ 21%] Built target Rdot_mpfr_kernel_openmp_01_ROUNDING_PRECISION
[ 21%] Built target Rdot_mpfr_kernel_openmp_02_ROUNDING
[ 21%] Built target Rdot_mpfr_kernel_openmp_02
[ 21%] Built target Rdot_mpfr_kernel_openmp_02_PRECISION
[ 21%] Built target Rdot_mpfr_kernel_openmp_03
[ 21%] Built target Rdot_mpfr_kernel_openmp_01_ROUNDING
[ 21%] Built target Rdot_mpfr_kernel_openmp_03_ROUNDING
[ 21%] Built target Rdot_mpfr_kernel_openmp_04
[ 21%] Built target Rdot_mpfr_kernel_openmp_02_ROUNDING_PRECISION
[ 22%] Built target Rdot_mpfr_kernel_openmp_05
[ 22%] Built target Rdot_mpfr_kernel_openmp_03_PRECISION
[ 22%] Built target Rdot_mpfr_kernel_openmp_05_PRECISION
[ 22%] Built target Rdot_mpfr_kernel_openmp_03_ROUNDING_PRECISION
[ 22%] Built target Rdot_mpfr_kernel_openmp_04_ROUNDING
[ 22%] Built target Rdot_mpfr_kernel_openmp_05_ROUNDING_PRECISION
[ 23%] Built target Rdot_mpfr_kernel_openmp_04_ROUNDING_PRECISION
[ 23%] Built target Rdot_mpfr_kernel_openmp_04_PRECISION
[ 23%] Built target Rdot_mpfr_kernel_openmp_06_ROUNDING_PRECISION
[ 25%] Built target Rdot_mpfr_kernel_openmp_01_ROUNDING_PRECISION_FMA
[ 25%] Built target Rdot_mpfr_kernel_openmp_05_ROUNDING
[ 25%] Built target Rdot_mpfr_kernel_openmp_06
[ 25%] Built target Rdot_mpfr_kernel_openmp_06_ROUNDING
[ 25%] Built target Rdot_mpfr_kernel_openmp_06_PRECISION
[ 25%] Built target Rdot_mpfr_kernel_openmp_05_ROUNDING_PRECISION_FMA
[ 25%] Built target Rdot_mpfr_kernel_openmp_01_PRECISION_FMA
[ 25%] Built target Raxpy_mpfr_C_native_01
[ 25%] Built target Rdot_mpfr_kernel_openmp_06_ROUNDING_PRECISION_FMA
[ 25%] Built target Rdot_mpfr_kernel_openmp_05_PRECISION_FMA
[ 25%] Built target Rdot_mpfr_kernel_openmp_06_PRECISION_FMA
[ 25%] Built target Raxpy_mpfr_C_native_04
[ 25%] Built target Raxpy_mpfr_C_native_01_FMA
[ 26%] Built target Raxpy_mpfr_C_native_openmp_01
[ 26%] Built target Raxpy_mpfr_C_native_02
[ 26%] Built target Raxpy_mpfr_C_native_openmp_02
[ 26%] Built target Raxpy_mpfr_C_native_03
[ 26%] Built target Raxpy_mpfr_C_native_openmp_01_FMA
[ 26%] Built target Raxpy_mpfr_C_native_packed_custom_layout_FMA
[ 26%] Built target Raxpy_mpfr_C_native_openmp_03
[ 27%] Built target Raxpy_mpfr_kernel_01
[ 27%] Built target Raxpy_mpfr_C_native_openmp_04
[ 27%] Built target Raxpy_mpfr_kernel_01_ROUNDING
[ 27%] Built target Raxpy_mpfr_kernel_02_PRECISION
[ 27%] Built target Raxpy_mpfr_kernel_01_PRECISION
[ 27%] Built target Raxpy_mpfr_kernel_02_ROUNDING
[ 27%] Built target Raxpy_mpfr_kernel_01_PRECISION_FMA
[ 27%] Built target Raxpy_mpfr_kernel_03
[ 28%] Built target Raxpy_mpfr_kernel_02_ROUNDING_PRECISION
[ 28%] Built target Raxpy_mpfr_kernel_02
[ 28%] Built target Raxpy_mpfr_kernel_01_ROUNDING_PRECISION
[ 28%] Built target Raxpy_mpfr_kernel_03_PRECISION
[ 28%] Built target Raxpy_mpfr_kernel_04
[ 28%] Built target Raxpy_mpfr_kernel_03_ROUNDING
[ 29%] Built target Raxpy_mpfr_kernel_04_ROUNDING_PRECISION
[ 29%] Built target Raxpy_mpfr_kernel_03_ROUNDING_PRECISION
[ 29%] Built target Raxpy_mpfr_kernel_01_ROUNDING_PRECISION_FMA
[ 29%] Built target Raxpy_mpfr_kernel_04_ROUNDING
[ 29%] Built target Raxpy_mpfr_kernel_openmp_01
[ 29%] Built target Raxpy_mpfr_kernel_04_PRECISION
[ 29%] Built target Raxpy_mpfr_kernel_openmp_01_ROUNDING_PRECISION
[ 30%] Built target Raxpy_mpfr_kernel_openmp_01_PRECISION
[ 30%] Built target Raxpy_mpfr_kernel_openmp_01_ROUNDING
[ 30%] Built target Raxpy_mpfr_kernel_openmp_02_ROUNDING
[ 30%] Built target Raxpy_mpfr_kernel_openmp_01_PRECISION_FMA
[ 31%] Built target Raxpy_mpfr_kernel_openmp_02_PRECISION
[ 31%] Built target Raxpy_mpfr_kernel_openmp_03
[ 31%] Built target Raxpy_mpfr_kernel_openmp_01_ROUNDING_PRECISION_FMA
[ 31%] Built target Raxpy_mpfr_kernel_openmp_02
[ 31%] Built target Raxpy_mpfr_kernel_openmp_02_ROUNDING_PRECISION
[ 31%] Built target Raxpy_mpfr_kernel_openmp_03_PRECISION
[ 31%] Built target Raxpy_mpfr_kernel_openmp_04_PRECISION
[ 31%] Built target Raxpy_mpfr_kernel_openmp_04
[ 31%] Built target Raxpy_mpfr_kernel_openmp_03_ROUNDING
[ 32%] Built target Rgemv_mpfr_C_native_01_FMA
[ 32%] Built target Raxpy_mpfr_kernel_openmp_03_ROUNDING_PRECISION
[ 32%] Built target Rgemv_mpfr_C_native_04
[ 32%] Built target Raxpy_mpfr_kernel_openmp_04_ROUNDING_PRECISION
[ 32%] Built target Raxpy_mpfr_kernel_openmp_04_ROUNDING
[ 32%] Built target Rgemv_mpfr_C_native_openmp_01
[ 32%] Built target Rgemv_mpfr_C_native_02_FMA
[ 33%] Built target Rgemv_mpfr_C_native_03
[ 33%] Built target Rgemv_mpfr_C_native_openmp_02_FMA
[ 33%] Built target Rgemv_mpfr_C_native_openmp_01_FMA
[ 33%] Built target Rgemv_mpfr_C_native_01
[ 33%] Built target Rgemv_mpfr_C_native_openmp_02
[ 33%] Built target Rgemv_mpfr_C_native_02
[ 34%] Built target Rgemv_mpfr_C_native_openmp_04
[ 34%] Built target Rgemv_mpfr_C_native_openmp_03
[ 34%] Built target Rgemv_mpfr_C_native_openmp_04_FMA
[ 34%] Built target Rgemv_mpfr_C_native_openmp_05_FMA
[ 35%] Built target Rgemv_mpfr_C_native_openmp_07
[ 35%] Built target Rgemv_mpfr_C_native_openmp_05
[ 35%] Built target Rgemv_mpfr_C_native_openmp_06
[ 35%] Built target Rgemv_mpfr_C_native_openmp_06_FMA
[ 35%] Built target Rgemv_mpfr_C_native_openmp_07_FMA
[ 35%] Built target Rgemv_mpfr_kernel_01_ROUNDING_PRECISION
[ 35%] Built target Rgemv_mpfr_kernel_01_PRECISION
[ 35%] Built target Rgemv_mpfr_kernel_01_ROUNDING_FMA_CAPTURE_FMA
[ 35%] Built target Rgemv_mpfr_kernel_01_ROUNDING
[ 35%] Built target Rgemv_mpfr_kernel_01
[ 35%] Built target Rgemv_mpfr_kernel_02_PRECISION
[ 35%] Built target Rgemv_mpfr_kernel_02
[ 35%] Built target Rgemv_mpfr_kernel_02_ROUNDING_FMA_CAPTURE_FMA
[ 35%] Built target Rgemv_mpfr_kernel_02_ROUNDING_PRECISION
[ 35%] Built target Rgemv_mpfr_kernel_02_ROUNDING
[ 36%] Built target Rgemv_mpfr_kernel_03
[ 36%] Built target Rgemv_mpfr_kernel_01_ROUNDING_FMA_CAPTURE_PRECISION_FMA
[ 36%] Built target Rgemv_mpfr_kernel_03_ROUNDING
[ 37%] Built target Rgemv_mpfr_kernel_02_ROUNDING_FMA_CAPTURE_PRECISION_FMA
[ 37%] Built target Rgemv_mpfr_kernel_03_PRECISION
[ 37%] Built target Rgemv_mpfr_kernel_03_ROUNDING_FMA_CAPTURE_FMA
[ 37%] Built target Rgemv_mpfr_kernel_03_ROUNDING_FMA_CAPTURE_PRECISION_FMA
[ 37%] Built target Rgemv_mpfr_kernel_04_PRECISION
[ 38%] Built target Rgemv_mpfr_kernel_04_ROUNDING_PRECISION
[ 39%] Built target Rgemv_mpfr_kernel_03_ROUNDING_PRECISION
[ 39%] Built target Rgemv_mpfr_kernel_openmp_01
[ 39%] Built target Rgemv_mpfr_kernel_04_ROUNDING_FMA_CAPTURE_PRECISION_FMA
[ 39%] Built target Rgemv_mpfr_kernel_openmp_01_PRECISION
[ 40%] Built target Rgemv_mpfr_kernel_04_ROUNDING_FMA_CAPTURE_FMA
[ 39%] Built target Rgemv_mpfr_kernel_04
[ 40%] Built target Rgemv_mpfr_kernel_openmp_01_ROUNDING_PRECISION
[ 40%] Built target Rgemv_mpfr_kernel_openmp_01_ROUNDING
[ 40%] Built target Rgemv_mpfr_kernel_04_ROUNDING
[ 40%] Built target Rgemv_mpfr_kernel_openmp_01_ROUNDING_FMA_CAPTURE_FMA
[ 40%] Built target Rgemv_mpfr_kernel_openmp_01_ROUNDING_FMA_CAPTURE_PRECISION_FMA
[ 40%] Built target Rgemv_mpfr_kernel_openmp_02
[ 40%] Built target Rgemv_mpfr_kernel_openmp_02_PRECISION
[ 40%] Built target Rgemv_mpfr_kernel_openmp_02_ROUNDING
[ 40%] Built target Rgemv_mpfr_kernel_openmp_02_ROUNDING_FMA_CAPTURE_FMA
[ 41%] Built target Rgemv_mpfr_kernel_openmp_03_ROUNDING
[ 41%] Built target Rgemv_mpfr_kernel_openmp_02_ROUNDING_PRECISION
[ 41%] Built target Rgemv_mpfr_kernel_openmp_03
[ 41%] Built target Rgemv_mpfr_kernel_openmp_03_ROUNDING_FMA_CAPTURE_FMA
[ 41%] Built target Rgemv_mpfr_kernel_openmp_02_ROUNDING_FMA_CAPTURE_PRECISION_FMA
[ 41%] Built target Rgemv_mpfr_kernel_openmp_04
[ 42%] Built target Rgemv_mpfr_kernel_openmp_04_PRECISION
[ 42%] Built target Rgemv_mpfr_kernel_openmp_04_ROUNDING
[ 42%] Built target Rgemv_mpfr_kernel_openmp_03_ROUNDING_PRECISION
[ 42%] Built target Rgemv_mpfr_kernel_openmp_03_PRECISION
[ 43%] Built target Rgemv_mpfr_kernel_openmp_05
[ 43%] Built target Rgemv_mpfr_kernel_openmp_03_ROUNDING_FMA_CAPTURE_PRECISION_FMA
[ 43%] Built target Rgemv_mpfr_kernel_openmp_04_ROUNDING_PRECISION
[ 43%] Built target Rgemv_mpfr_kernel_openmp_05_ROUNDING
[ 43%] Built target Rgemv_mpfr_kernel_openmp_04_ROUNDING_FMA_CAPTURE_FMA
[ 43%] Built target Rgemv_mpfr_kernel_openmp_06_PRECISION
[ 43%] Built target Rgemv_mpfr_kernel_openmp_05_ROUNDING_FMA_CAPTURE_PRECISION_FMA
[ 43%] Built target Rgemv_mpfr_kernel_openmp_05_ROUNDING_PRECISION
[ 43%] Built target Rgemv_mpfr_kernel_openmp_05_ROUNDING_FMA_CAPTURE_FMA
[ 43%] Built target Rgemv_mpfr_kernel_openmp_06_ROUNDING_PRECISION
[ 43%] Built target Rgemv_mpfr_kernel_openmp_06_ROUNDING_FMA_CAPTURE_FMA
[ 44%] Built target Rgemv_mpfr_kernel_openmp_06
[ 44%] Built target Rgemv_mpfr_kernel_openmp_07_PRECISION
[ 44%] Built target Rgemv_mpfr_kernel_openmp_04_ROUNDING_FMA_CAPTURE_PRECISION_FMA
[ 44%] Built target Rgemv_mpfr_kernel_openmp_06_ROUNDING
[ 45%] Built target Rgemv_mpfr_kernel_openmp_07
[ 45%] Built target Rgemv_mpfr_kernel_openmp_07_ROUNDING
[ 45%] Built target Rgemv_mpfr_kernel_openmp_06_ROUNDING_FMA_CAPTURE_PRECISION_FMA
[ 45%] Built target Rgemv_mpfr_kernel_openmp_05_PRECISION
[ 45%] Built target Rgemv_mpfr_kernel_openmp_07_ROUNDING_PRECISION
[ 45%] Built target Rgemv_mpfr_kernel_openmp_07_ROUNDING_FMA_CAPTURE_FMA
[ 45%] Built target Rgemv_mpfr_kernel_openmp_07_ROUNDING_FMA_CAPTURE_PRECISION_FMA
[ 45%] Built target Rgemm_mpfr_C_native_openmp_02
[ 45%] Built target Rgemm_mpfr_C_native_02
[ 45%] Built target Rgemm_mpfr_C_native_openmp_03
[ 46%] Built target Rgemm_mpfr_C_native_04
[ 46%] Built target Rgemm_mpfr_C_native_openmp_01
[ 46%] Built target Rgemm_mpfr_C_native_openmp_04
[ 46%] Built target Rgemm_mpfr_C_native_01
[ 46%] Built target Rgemm_mpfr_C_native_openmp_05
[ 46%] Built target Rgemm_mpfr_C_native_openmp_06
[ 47%] Built target Rgemm_mpfr_C_native_06
[ 47%] Built target Rgemm_mpfr_C_native_openmp_03_FMA
[ 47%] Built target Rgemm_mpfr_C_native_04_FMA
[ 47%] Built target Rgemm_mpfr_C_native_05_FMA
[ 47%] Built target Rgemm_mpfr_C_native_openmp_04_FMA
[ 47%] Built target Rgemm_mpfr_C_native_05
[ 48%] Built target Rgemm_mpfr_C_native_03
[ 48%] Built target Rgemm_mpfr_C_native_openmp_05_FMA
[ 48%] Built target Rgemm_mpfr_C_native_03_FMA
[ 48%] Built target Rgemm_mpfr_kernel_01_mkII_PRECISION
[ 49%] Built target Rgemm_mpfr_kernel_01_mkII_ROUNDING
[ 49%] Built target Rgemm_mpfr_kernel_openmp_01_mkII
[ 50%] Built target Rgemm_mpfr_kernel_01_mkII
[ 50%] Built target Rgemm_mpfr_C_native_openmp_06_FMA
[ 50%] Built target Rgemm_mpfr_kernel_01_mkII_ROUNDING_PRECISION
[ 50%] Built target Rgemm_mpfr_C_native_06_FMA
[ 50%] Built target Rgemm_mpfr_kernel_openmp_01_mkII_PRECISION
[ 50%] Built target Rgemm_mpfr_kernel_openmp_01_mkII_ROUNDING
[ 50%] Built target Rgemm_mpfr_kernel_openmp_01_mkII_ROUNDING_PRECISION
[ 50%] Built target Rgemm_mpfr_kernel_02_mkII
[ 50%] Built target Rgemm_mpfr_kernel_02_mkII_PRECISION
[ 50%] Built target Rgemm_mpfr_kernel_02_mkII_ROUNDING
[ 51%] Built target Rgemm_mpfr_kernel_02_mkII_ROUNDING_PRECISION
[ 51%] Built target Rgemm_mpfr_kernel_openmp_02_mkII
[ 51%] Built target Rgemm_mpfr_kernel_openmp_02_mkII_PRECISION
[ 51%] Built target Rgemm_mpfr_kernel_03_mkII_ROUNDING_PRECISION
[ 51%] Built target Rgemm_mpfr_kernel_openmp_02_mkII_ROUNDING_PRECISION
[ 51%] Built target Rgemm_mpfr_kernel_03_mkII
[ 52%] Built target Rgemm_mpfr_kernel_openmp_02_mkII_ROUNDING
[ 52%] Built target Rgemm_mpfr_kernel_03_mkII_ROUNDING
[ 52%] Built target Rgemm_mpfr_kernel_03_mkII_ROUNDING_FMA
[ 52%] Built target Rgemm_mpfr_kernel_03_mkII_PRECISION
[ 52%] Built target Rgemm_mpfr_kernel_openmp_03_mkII
[ 53%] Built target Rgemm_mpfr_kernel_openmp_03_mkII_ROUNDING_PRECISION
[ 53%] Built target Rgemm_mpfr_kernel_openmp_03_mkII_PRECISION
[ 53%] Built target Rgemm_mpfr_kernel_openmp_03_mkII_ROUNDING_PRECISION_FMA
[ 53%] Built target Rgemm_mpfr_kernel_04_mkII_PRECISION
[ 54%] Built target Rgemm_mpfr_kernel_03_mkII_ROUNDING_PRECISION_FMA
[ 54%] Built target Rgemm_mpfr_kernel_openmp_03_mkII_ROUNDING_FMA
[ 54%] Built target Rgemm_mpfr_kernel_04_mkII
[ 54%] Built target Rgemm_mpfr_kernel_04_mkII_ROUNDING_FMA
[ 54%] Built target Rgemm_mpfr_kernel_openmp_03_mkII_ROUNDING
[ 54%] Built target Rgemm_mpfr_kernel_04_mkII_ROUNDING_PRECISION
[ 54%] Built target Rgemm_mpfr_kernel_04_mkII_ROUNDING
[ 54%] Built target Rgemm_mpfr_kernel_openmp_04_mkII_ROUNDING
[ 55%] Built target Rgemm_mpfr_kernel_openmp_04_mkII
[ 55%] Built target Rgemm_mpfr_kernel_openmp_04_mkII_ROUNDING_PRECISION
[ 55%] Built target Rgemm_mpfr_kernel_openmp_04_mkII_PRECISION
[ 55%] Built target Rgemm_mpfr_kernel_openmp_04_mkII_ROUNDING_FMA
[ 55%] Built target Rgemm_mpfr_kernel_05_mkII
[ 56%] Built target Rgemm_mpfr_kernel_04_mkII_ROUNDING_PRECISION_FMA
[ 56%] Built target Rgemm_mpfr_kernel_openmp_04_mkII_ROUNDING_PRECISION_FMA
[ 56%] Built target Rgemm_mpfr_kernel_05_mkII_ROUNDING_PRECISION
[ 56%] Built target Rgemm_mpfr_kernel_05_mkII_PRECISION
[ 57%] Built target Rgemm_mpfr_kernel_05_mkII_ROUNDING_PRECISION_FMA
[ 57%] Built target Rgemm_mpfr_kernel_openmp_05_mkII
[ 57%] Built target Rgemm_mpfr_kernel_05_mkII_ROUNDING_FMA
[ 57%] Built target Rgemm_mpfr_kernel_05_mkII_ROUNDING
[ 57%] Built target Rgemm_mpfr_kernel_openmp_05_mkII_ROUNDING
[ 57%] Built target Rgemm_mpfr_kernel_openmp_05_mkII_ROUNDING_PRECISION_FMA
[ 57%] Built target Rgemm_mpfr_kernel_openmp_05_mkII_PRECISION
[ 57%] Built target Rgemm_mpfr_kernel_06_mkII
[ 58%] Built target Rgemm_mpfr_kernel_openmp_05_mkII_ROUNDING_PRECISION
[ 58%] Built target Rgemm_mpfr_kernel_06_mkII_PRECISION
[ 58%] Built target Rgemm_mpfr_kernel_openmp_05_mkII_ROUNDING_FMA
[ 58%] Built target Rgemm_mpfr_kernel_06_mkII_ROUNDING_FMA
[ 58%] Built target Rgemm_mpfr_kernel_06_mkII_ROUNDING_PRECISION_FMA
[ 58%] Built target Rgemm_mpfr_kernel_openmp_06_mkII_PRECISION
[ 58%] Built target Rgemm_mpfr_kernel_openmp_06_mkII_ROUNDING_FMA
[ 58%] Built target Rgemm_mpfr_kernel_06_mkII_ROUNDING
[ 58%] Built target Rgemm_mpfr_kernel_openmp_06_mkII_ROUNDING
[ 58%] Built target Rgemm_mpfr_kernel_06_mkII_ROUNDING_PRECISION
[ 58%] Built target Rgemm_mpfr_kernel_openmp_06_mkII
[ 59%] Built target Raxpy_gmp_C_native_01
[ 59%] Built target Rgemm_mpfr_kernel_openmp_06_mkII_ROUNDING_PRECISION_FMA
[ 59%] Built target Raxpy_gmp_C_native_04
[ 59%] Built target Raxpy_gmp_C_native_03
[ 59%] Built target Rgemm_mpfr_kernel_openmp_06_mkII_ROUNDING_PRECISION
[ 59%] Built target Raxpy_gmp_C_native_openmp_04
[ 59%] Built target Raxpy_gmp_C_native_02
[ 59%] Built target Raxpy_gmp_kernel_01_orig
[ 59%] Built target Raxpy_gmp_C_native_openmp_01
[ 59%] Built target Raxpy_gmp_C_native_openmp_02
[ 60%] Built target Raxpy_gmp_C_native_openmp_03
[ 60%] Built target Raxpy_gmp_kernel_02_orig
[ 60%] Built target Raxpy_gmp_kernel_01_mkII
[ 61%] Built target Raxpy_gmp_kernel_02_mkII_FIXED_PRECISION_FASTPATH
[ 61%] Built target Raxpy_gmp_kernel_02_mkII
[ 61%] Built target Raxpy_gmp_kernel_03_mkII_FIXED_PRECISION_FASTPATH
[ 61%] Built target Raxpy_gmp_kernel_04_orig
[ 61%] Built target Raxpy_gmp_kernel_03_orig
[ 62%] Built target Raxpy_gmp_kernel_04_mkII_FIXED_PRECISION_FASTPATH
[ 62%] Built target Raxpy_gmp_kernel_03_mkII
[ 62%] Built target Raxpy_gmp_kernel_01_mkII_FIXED_PRECISION_FASTPATH
[ 62%] Built target Raxpy_gmp_kernel_openmp_01_orig
[ 62%] Built target Raxpy_gmp_kernel_openmp_01_mkII_FIXED_PRECISION_FASTPATH
[ 62%] Built target Raxpy_gmp_kernel_04_mkII
[ 62%] Built target Raxpy_gmp_kernel_openmp_01_mkII
[ 62%] Built target Raxpy_gmp_kernel_openmp_02_orig
[ 62%] Built target Raxpy_gmp_kernel_openmp_03_orig
[ 63%] Built target Raxpy_gmp_kernel_openmp_04_orig
[ 63%] Built target Raxpy_gmp_kernel_openmp_04_mkII
[ 63%] Built target Raxpy_gmp_kernel_openmp_03_mkII
[ 63%] Built target Raxpy_gmp_kernel_openmp_02_mkII
[ 64%] Built target Raxpy_gmp_kernel_openmp_02_mkII_FIXED_PRECISION_FASTPATH
[ 64%] Built target Raxpy_gmp_kernel_openmp_04_mkII_FIXED_PRECISION_FASTPATH
[ 64%] Built target Rgemv_gmp_C_native_openmp_01
[ 64%] Built target Rgemv_gmp_C_native_01
[ 64%] Built target Raxpy_gmp_kernel_openmp_03_mkII_FIXED_PRECISION_FASTPATH
[ 64%] Built target Rgemv_gmp_C_native_openmp_04
[ 64%] Built target Rgemv_gmp_C_native_openmp_03
[ 64%] Built target Rgemv_gmp_C_native_04
[ 64%] Built target Rgemv_gmp_C_native_02
[ 64%] Built target Rgemv_gmp_C_native_03
[ 64%] Built target Rgemv_gmp_C_native_openmp_05
[ 65%] Built target Rgemv_gmp_C_native_openmp_02
[ 65%] Built target Rgemv_gmp_C_native_openmp_06
[ 66%] Built target Rgemv_gmp_kernel_01_mkII
[ 66%] Built target Rgemv_gmp_kernel_01_orig
[ 66%] Built target Rgemv_gmp_kernel_01_mkII_FIXED_PRECISION_FASTPATH
[ 66%] Built target Rgemv_gmp_kernel_02_mkII
[ 66%] Built target Rgemv_gmp_C_native_openmp_07
[ 66%] Built target Rgemv_gmp_kernel_02_orig
[ 66%] Built target Rgemv_gmp_kernel_02_mkII_FIXED_PRECISION_FASTPATH
[ 67%] Built target Rgemv_gmp_kernel_03_mkII
[ 67%] Built target Rgemv_gmp_kernel_03_orig
[ 67%] Built target Rgemv_gmp_kernel_04_orig
[ 67%] Built target Rgemv_gmp_kernel_openmp_01_orig
[ 68%] Built target Rgemv_gmp_kernel_openmp_01_mkII_FIXED_PRECISION_FASTPATH
[ 68%] Built target Rgemv_gmp_kernel_03_mkII_FIXED_PRECISION_FASTPATH
[ 68%] Built target Rgemv_gmp_kernel_04_mkII_FIXED_PRECISION_FASTPATH
[ 68%] Built target Rgemv_gmp_kernel_openmp_01_mkII
[ 68%] Built target Rgemv_gmp_kernel_openmp_04_mkII
[ 68%] Built target Rgemv_gmp_kernel_openmp_02_orig
[ 68%] Built target Rgemv_gmp_kernel_openmp_04_orig
[ 68%] Built target Rgemv_gmp_kernel_04_mkII
[ 68%] Built target Rgemv_gmp_kernel_openmp_02_mkII
[ 68%] Built target Rgemv_gmp_kernel_openmp_02_mkII_FIXED_PRECISION_FASTPATH
[ 68%] Built target Rgemv_gmp_kernel_openmp_03_orig
[ 68%] Built target Rgemv_gmp_kernel_openmp_05_mkII
[ 68%] Built target Rgemv_gmp_kernel_openmp_03_mkII
[ 69%] Built target Rgemv_gmp_kernel_openmp_03_mkII_FIXED_PRECISION_FASTPATH
[ 69%] Built target Rgemv_gmp_kernel_openmp_06_mkII
[ 69%] Built target Rgemv_gmp_kernel_openmp_06_orig
[ 69%] Built target Rgemv_gmp_kernel_openmp_05_orig
[ 69%] Built target Rgemv_gmp_kernel_openmp_06_mkII_FIXED_PRECISION_FASTPATH
[ 70%] Built target Rgemv_gmp_kernel_openmp_05_mkII_FIXED_PRECISION_FASTPATH
[ 70%] Built target Rgemv_gmp_kernel_openmp_04_mkII_FIXED_PRECISION_FASTPATH
[ 70%] Built target Rgemv_gmp_kernel_openmp_07_mkII
[ 70%] Built target Rgemv_gmp_kernel_openmp_07_orig
[ 71%] Built target Rgemv_gmp_kernel_openmp_07_mkII_FIXED_PRECISION_FASTPATH
[ 72%] Built target Rgemm_gmp_C_native_03
[ 72%] Built target Rgemm_gmp_C_native_01
[ 72%] Built target Rgemm_gmp_C_native_02
[ 72%] Built target Rgemm_gmp_C_native_05
[ 72%] Built target Rgemm_gmp_C_native_04
[ 72%] Built target Rgemm_gmp_C_native_06
[ 73%] Built target Rgemm_gmp_C_native_openmp_01
[ 73%] Built target Rgemm_gmp_C_native_openmp_05
[ 73%] Built target Rgemm_gmp_C_native_openmp_02
[ 73%] Built target Rgemm_gmp_C_native_openmp_06
[ 73%] Built target Rgemm_gmp_C_native_openmp_03
[ 73%] Built target Rgemm_gmp_kernel_01_orig
[ 73%] Built target Rgemm_gmp_kernel_02_orig
[ 73%] Built target Rgemm_gmp_kernel_01_mkII_FIXED_PRECISION_FASTPATH
[ 73%] Built target Rgemm_gmp_C_native_openmp_04
[ 74%] Built target Rgemm_gmp_kernel_03_mkII_FIXED_PRECISION_FASTPATH
[ 75%] Built target Rgemm_gmp_kernel_02_mkII
[ 75%] Built target Rgemm_gmp_kernel_01_mkII
[ 75%] Built target Rgemm_gmp_kernel_03_mkII
[ 75%] Built target Rgemm_gmp_kernel_02_mkII_FIXED_PRECISION_FASTPATH
[ 75%] Built target Rgemm_gmp_kernel_05_orig
[ 75%] Built target Rgemm_gmp_kernel_04_mkII_FIXED_PRECISION_FASTPATH
[ 75%] Built target Rgemm_gmp_kernel_04_orig
[ 75%] Built target Rgemm_gmp_kernel_03_orig
[ 75%] Built target Rgemm_gmp_kernel_05_mkII
[ 75%] Built target Rgemm_gmp_kernel_06_orig
[ 75%] Built target Rgemm_gmp_kernel_04_mkII
[ 76%] Built target Rgemm_gmp_kernel_05_mkII_FIXED_PRECISION_FASTPATH
[ 76%] Built target Rgemm_gmp_kernel_06_mkII
[ 76%] Built target Rgemm_gmp_kernel_openmp_01_orig
[ 76%] Built target Rgemm_gmp_kernel_openmp_01_mkII
[ 76%] Built target Rgemm_gmp_kernel_openmp_02_orig
[ 76%] Built target Rgemm_gmp_kernel_openmp_03_orig
[ 77%] Built target Rgemm_gmp_kernel_openmp_01_mkII_FIXED_PRECISION_FASTPATH
[ 77%] Built target Rgemm_gmp_kernel_06_mkII_FIXED_PRECISION_FASTPATH
[ 77%] Built target Rgemm_gmp_kernel_openmp_02_mkII_FIXED_PRECISION_FASTPATH
[ 77%] Built target Rgemm_gmp_kernel_openmp_03_mkII
[ 77%] Built target Rgemm_gmp_kernel_openmp_02_mkII
[ 77%] Built target Rgemm_gmp_kernel_openmp_04_orig
[ 78%] Built target Rgemm_gmp_kernel_openmp_05_orig
[ 78%] Built target Rgemm_gmp_kernel_openmp_03_mkII_FIXED_PRECISION_FASTPATH
[ 78%] Built target Rgemm_gmp_kernel_openmp_06_mkII_FIXED_PRECISION_FASTPATH
[ 78%] Built target Rgemm_gmp_kernel_openmp_05_mkII
[ 78%] Built target Rgemm_gmp_kernel_openmp_06_orig
[ 78%] Built target test_mpfr_header_smoke
[ 78%] Built target Rgemm_gmp_kernel_openmp_04_mkII
[ 78%] Built target test_gmp_header_smoke
[ 78%] Built target Rgemm_gmp_kernel_openmp_04_mkII_FIXED_PRECISION_FASTPATH
[ 79%] Built target Rgemm_gmp_kernel_openmp_05_mkII_FIXED_PRECISION_FASTPATH
[ 79%] Built target test_mplapack_default_512
[ 79%] Built target Rgemm_gmp_kernel_openmp_06_mkII
[ 79%] Built target test_aggregator_header_smoke
[ 79%] Built target test_qd_real_adapter
[ 79%] Built target test_mpc_header_smoke
[ 79%] Built target test_dd_real_adapter
[ 79%] Built target test_mpf_binary_real_adapters
[ 79%] Built target test_namespace_aliases
[ 79%] Built target test_library_tls_detection
[ 79%] Built target test_complex_compare_adapters
[ 80%] Built target test_mplapack_wrapper_compat
[ 80%] Built target test_header_boundaries
[ 80%] Built target test_expr_unary_move_folding
[ 80%] Built target test_gmpxx_mkII
[ 80%] Built target test_version_info
[ 80%] Built target test_mpfrxx_mkII
[ 80%] Built target test_abi_fingerprint
[ 80%] Built target test_temporary_expression_lifetime
[ 80%] Built target test_alias_safety
[ 80%] Built target test_compound_assign
[ 80%] Built target test_integer_model_diagnostics
[ 81%] Built target test_leaf_single_rounding
[ 81%] Built target test_comparisons
[ 82%] Built target test_random
[ 83%] Built target test_mpq_floating_conversion
[ 83%] Built target test_type_conversions
[ 83%] Built target test_common_type
[ 84%] Built target test_exception_support
[ 84%] Built target test_user_defined_literals
[ 84%] Built target test_mpfr_aliasing
[ 84%] Built target test_unary_minus_simplification
[ 84%] Built target test_mpfr_random
[ 84%] Built target test_et_contract_mpfr_scalar
[ 85%] Built target test_mpfr_expression_eval
[ 86%] Built target test_mpfr_precision_policy
[ 86%] Built target test_mpfr_long_width_dispatch
[ 86%] Built target test_et_contract_mpfr
[ 86%] Built target test_mpfr_fixed_precision_materialization
[ 86%] Built target test_mpfr_fixed_precision_tls_scratch
[ 86%] Built target test_mpfr_fixed_precision_fma_alloc_count
[ 86%] Built target test_mpfr_alloc_count
[ 86%] Built target test_mpfr_user_defined_literals
[ 86%] Built target test_mpfr_type_conversions
[ 86%] Built target test_mpfr_scalar_eval
[ 86%] Built target test_mpfr_comparisons
[ 86%] Built target test_mpfr_compound_assign
[ 86%] Built target test_mpfr_environment
[ 87%] Built target test_mpfr_rounding_context
[ 87%] Built target test_mpfr_rounding_context_fixed_precision
[ 88%] Built target test_mpfr_defaults
[ 88%] Built target test_mpfr_exception_support
[ 88%] Built target test_mpfr_rounding_scope_stable
[ 88%] Built target test_mpfr_initialization_sentinel
[ 88%] Built target test_mpfr_environment_first_use_stable
[ 88%] Built target test_mpfr_rounding_scope
[ 88%] Built target test_mpfr_math
[ 88%] Built target test_mpfr_environment_invalid
[ 88%] Built target test_mpfr_environment_first_use
[ 88%] Built target test_mpfr_string_io
[ 88%] Built target test_mpf_basic
[ 88%] Built target test_et_contract_mpf
[ 88%] Built target test_mpfr_transcendent_functions
[ 88%] Built target test_mpf_external_provider
[ 88%] Built target test_mpf_precision_policy
[ 89%] Built target test_mpf_default_precision_invalid_env
[ 89%] Built target test_mpf_default_precision_env
[ 89%] Built target test_mpf_fixed_precision_materialization
[ 89%] Built target test_mpf_long_width_dispatch
[ 89%] Built target test_mpf_alloc_count
[ 89%] Built target test_mpf_scalar_alloc_count
[ 89%] Built target test_mpf_numeric_equivalence
[ 91%] Built target test_mpf_aliasing
[ 91%] Built target test_mpf_string_io
[ 91%] Built target test_mpf_fixed_precision_tls_scratch
[ 91%] Built target test_mpf_decomposition_functions
[ 91%] Built target test_mpf_power_of_two_fusion
[ 92%] Built target test_mpf_pi
[ 92%] Built target test_mpf_math_functions
[ 92%] Built target test_mpf_transcendent_functions
[ 92%] Built target test_mpfc_precision_policy
[ 92%] Built target test_et_contract_mpfc
[ 92%] Built target test_mpf_thread_safety
[ 92%] Built target test_mpfc_basic
[ 92%] Built target test_construction_copy
[ 92%] Built target test_mpf_extended_transcendent_functions
[ 92%] Built target test_mixed_type_arithmetic
[ 92%] Built target test_et_contract_zq_mpf
[ 92%] Built target test_mpfc_io
[ 92%] Built target test_mpfc_header_boundary
[ 92%] Built target test_et_contract_zq_mpfr
[ 93%] Built target test_mpz_addmul_fusion
[ 94%] Built target test_mpq_canonicalization
[ 94%] Built target test_mpz_basic
[ 94%] Built target test_mpfc_math
[ 94%] Built target test_mpz_arithmetic
[ 94%] Built target test_mpz_addmul_alloc_count
[ 94%] Built target test_mpq_basic
[ 94%] Built target test_mixed_zq_mpf_promotion
[ 95%] Built target test_zq_string_io
[ 95%] Built target test_mixed_zq_mpfr_exact_subexpression
[ 95%] Built target test_mpq_arithmetic
[ 95%] Built target test_mpfr_numeric_equivalence
[ 96%] Built target test_mpfr_thread_safety
[ 96%] Built target test_mixed_zq_mpfr_promotion
[ 96%] Built target test_mpfr_decomposition_functions
[ 96%] Built target test_mpfr_scalar_alloc_count
[ 96%] Built target test_mpz_mpq_alloc_count
[ 96%] Built target test_mpfr_power_of_two_fusion
[ 96%] Built target test_mpc_defaults
[ 97%] Built target test_et_contract_mpc
[ 98%] Built target test_mpc_environment_invalid
[ 99%] Built target test_mpc_aliasing
[ 99%] Built target test_mpc_environment
[ 99%] Built target test_mpc_basic
[ 99%] Built target test_mpc_evaluation_context
[ 99%] Built target test_mpc_precision_policy
[ 99%] Built target test_mpc_evaluation_context_fixed_precision
[ 99%] Built target test_mpc_math
[ 99%] Built target test_mpc_environment_first_use
[ 99%] Built target test_mpc_io
[100%] Built target example16_mpf_thread_context
[100%] Built target test_mpc_alloc_count
Test project /home/docker/gmpfrxx_mkII-p2a-clean.wbx83b/build-p2c
        Start   1: example01
  1/192 Test   #1: example01 ...............................................................   Passed    0.00 sec
        Start   2: example02_mpf
  2/192 Test   #2: example02_mpf ...........................................................   Passed    0.00 sec
        Start   3: example02_mpfr
  3/192 Test   #3: example02_mpfr ..........................................................   Passed    0.00 sec
        Start   4: example02_mpc
  4/192 Test   #4: example02_mpc ...........................................................   Passed    0.00 sec
        Start   5: example03_mpf
  5/192 Test   #5: example03_mpf ...........................................................   Passed    0.00 sec
        Start   6: example03_mpfr
  6/192 Test   #6: example03_mpfr ..........................................................   Passed    0.00 sec
        Start   7: example03_mpfc
  7/192 Test   #7: example03_mpfc ..........................................................   Passed    0.00 sec
        Start   8: example04_mpf
  8/192 Test   #8: example04_mpf ...........................................................   Passed    0.00 sec
        Start   9: example04_mpfr
  9/192 Test   #9: example04_mpfr ..........................................................   Passed    0.00 sec
        Start  10: example05_mpf
 10/192 Test  #10: example05_mpf ...........................................................   Passed    0.01 sec
        Start  11: example05_mpfr
 11/192 Test  #11: example05_mpfr ..........................................................   Passed    0.01 sec
        Start  12: example06_mpfc
 12/192 Test  #12: example06_mpfc ..........................................................   Passed    0.01 sec
        Start  13: example06_mpc
 13/192 Test  #13: example06_mpc ...........................................................   Passed    0.01 sec
        Start  14: example07_mpfc
 14/192 Test  #14: example07_mpfc ..........................................................   Passed    0.01 sec
        Start  15: example07_mpc
 15/192 Test  #15: example07_mpc ...........................................................   Passed    0.01 sec
        Start  16: example08_mpfc
 16/192 Test  #16: example08_mpfc ..........................................................   Passed    0.01 sec
        Start  17: example08_mpc
 17/192 Test  #17: example08_mpc ...........................................................   Passed    0.02 sec
        Start  18: example09_mpfc
 18/192 Test  #18: example09_mpfc ..........................................................   Passed    0.02 sec
        Start  19: example09_mpc
 19/192 Test  #19: example09_mpc ...........................................................   Passed    0.02 sec
        Start  20: example10_mpf
 20/192 Test  #20: example10_mpf ...........................................................   Passed    0.00 sec
        Start  21: example10_mpfr
 21/192 Test  #21: example10_mpfr ..........................................................   Passed    0.00 sec
        Start  22: example11_mpf
 22/192 Test  #22: example11_mpf ...........................................................   Passed    0.01 sec
        Start  23: example11_mpfr
 23/192 Test  #23: example11_mpfr ..........................................................   Passed    0.01 sec
        Start  24: example12_mpf
 24/192 Test  #24: example12_mpf ...........................................................   Passed    0.01 sec
        Start  25: example12_mpfr
 25/192 Test  #25: example12_mpfr ..........................................................   Passed    0.01 sec
        Start  26: example13_mpf
 26/192 Test  #26: example13_mpf ...........................................................   Passed    0.45 sec
        Start  27: example13_mpfr
 27/192 Test  #27: example13_mpfr ..........................................................   Passed    0.07 sec
        Start  28: example14_mpf
 28/192 Test  #28: example14_mpf ...........................................................   Passed    0.59 sec
        Start  29: example14_mpfr
 29/192 Test  #29: example14_mpfr ..........................................................   Passed    0.12 sec
        Start  30: example15_mpf
 30/192 Test  #30: example15_mpf ...........................................................   Passed    0.00 sec
        Start  31: example15_mpfr
 31/192 Test  #31: example15_mpfr ..........................................................   Passed    0.00 sec
        Start  32: example16_mpf_thread_context
 32/192 Test  #32: example16_mpf_thread_context ............................................   Passed    0.00 sec
        Start  33: example16_mpfr_thread_context
 33/192 Test  #33: example16_mpfr_thread_context ...........................................   Passed    0.00 sec
        Start  34: example15_mpf_bbp
 34/192 Test  #34: example15_mpf_bbp .......................................................   Passed    0.00 sec
        Start  35: example15_mpfr_bbp
 35/192 Test  #35: example15_mpfr_bbp ......................................................   Passed    0.00 sec
        Start  36: benchmark_disasm_equivalence
 36/192 Test  #36: benchmark_disasm_equivalence ............................................   Passed    0.52 sec
        Start  37: test_gmp_header_smoke
 37/192 Test  #37: test_gmp_header_smoke ...................................................   Passed    0.00 sec
        Start  38: test_mpfr_header_smoke
 38/192 Test  #38: test_mpfr_header_smoke ..................................................   Passed    0.00 sec
        Start  39: test_mpc_header_smoke
 39/192 Test  #39: test_mpc_header_smoke ...................................................   Passed    0.00 sec
        Start  40: test_dd_real_adapter
 40/192 Test  #40: test_dd_real_adapter ....................................................   Passed    0.00 sec
        Start  41: test_qd_real_adapter
 41/192 Test  #41: test_qd_real_adapter ....................................................   Passed    0.00 sec
        Start  42: test_mpf_binary_real_adapters
 42/192 Test  #42: test_mpf_binary_real_adapters ...........................................   Passed    0.00 sec
        Start  43: test_complex_compare_adapters
 43/192 Test  #43: test_complex_compare_adapters ...........................................   Passed    0.00 sec
        Start  44: test_mplapack_default_512
 44/192 Test  #44: test_mplapack_default_512 ...............................................   Passed    0.00 sec
        Start  45: test_mplapack_wrapper_compat
 45/192 Test  #45: test_mplapack_wrapper_compat ............................................   Passed    0.00 sec
        Start  46: test_aggregator_header_smoke
 46/192 Test  #46: test_aggregator_header_smoke ............................................   Passed    0.00 sec
        Start  47: test_namespace_aliases
 47/192 Test  #47: test_namespace_aliases ..................................................   Passed    0.00 sec
        Start  48: test_header_boundaries
 48/192 Test  #48: test_header_boundaries ..................................................   Passed    0.00 sec
        Start  49: test_library_tls_detection
 49/192 Test  #49: test_library_tls_detection ..............................................   Passed    0.00 sec
        Start  50: test_version_info
 50/192 Test  #50: test_version_info .......................................................   Passed    0.00 sec
        Start  51: test_integer_model_diagnostics
 51/192 Test  #51: test_integer_model_diagnostics ..........................................   Passed    0.00 sec
        Start  52: test_gmpxx_mkII
 52/192 Test  #52: test_gmpxx_mkII .........................................................   Passed    0.01 sec
        Start  53: test_mpfrxx_mkII
 53/192 Test  #53: test_mpfrxx_mkII ........................................................   Passed    0.00 sec
        Start  54: test_abi_fingerprint
 54/192 Test  #54: test_abi_fingerprint ....................................................   Passed    0.00 sec
        Start  55: test_alias_safety
 55/192 Test  #55: test_alias_safety .......................................................   Passed    0.00 sec
        Start  56: test_temporary_expression_lifetime
 56/192 Test  #56: test_temporary_expression_lifetime ......................................   Passed    0.00 sec
        Start  57: test_leaf_single_rounding
 57/192 Test  #57: test_leaf_single_rounding ...............................................   Passed    0.00 sec
        Start  58: test_expr_unary_move_folding
 58/192 Test  #58: test_expr_unary_move_folding ............................................   Passed    0.00 sec
        Start  59: test_comparisons
 59/192 Test  #59: test_comparisons ........................................................   Passed    0.00 sec
        Start  60: test_compound_assign
 60/192 Test  #60: test_compound_assign ....................................................   Passed    0.00 sec
        Start  61: test_common_type
 61/192 Test  #61: test_common_type ........................................................   Passed    0.00 sec
        Start  62: test_exception_support
 62/192 Test  #62: test_exception_support ..................................................   Passed    0.00 sec
        Start  63: test_random
 63/192 Test  #63: test_random .............................................................   Passed    0.01 sec
        Start  64: test_type_conversions
 64/192 Test  #64: test_type_conversions ...................................................   Passed    0.00 sec
        Start  65: test_mpq_floating_conversion
 65/192 Test  #65: test_mpq_floating_conversion ............................................   Passed    0.00 sec
        Start  66: test_unary_minus_simplification
 66/192 Test  #66: test_unary_minus_simplification .........................................   Passed    0.00 sec
        Start  67: test_user_defined_literals
 67/192 Test  #67: test_user_defined_literals ..............................................   Passed    0.00 sec
        Start  68: test_et_contract_mpfr
 68/192 Test  #68: test_et_contract_mpfr ...................................................   Passed    0.00 sec
        Start  69: test_mpfr_user_defined_literals
 69/192 Test  #69: test_mpfr_user_defined_literals .........................................   Passed    0.00 sec
        Start  70: test_mpfr_expression_eval
 70/192 Test  #70: test_mpfr_expression_eval ...............................................   Passed    0.00 sec
        Start  71: test_mpfr_precision_policy
 71/192 Test  #71: test_mpfr_precision_policy ..............................................   Passed    0.00 sec
        Start  72: test_mpfr_aliasing
 72/192 Test  #72: test_mpfr_aliasing ......................................................   Passed    0.00 sec
        Start  73: test_mpfr_random
 73/192 Test  #73: test_mpfr_random ........................................................   Passed    0.02 sec
        Start  74: test_et_contract_mpfr_scalar
 74/192 Test  #74: test_et_contract_mpfr_scalar ............................................   Passed    0.00 sec
        Start  75: test_mpfr_scalar_eval
 75/192 Test  #75: test_mpfr_scalar_eval ...................................................   Passed    0.01 sec
        Start  76: test_mpfr_long_width_dispatch
 76/192 Test  #76: test_mpfr_long_width_dispatch ...........................................   Passed    0.00 sec
        Start  77: test_mpfr_alloc_count
 77/192 Test  #77: test_mpfr_alloc_count ...................................................   Passed    0.00 sec
        Start  78: test_mpfr_fixed_precision_materialization
 78/192 Test  #78: test_mpfr_fixed_precision_materialization ...............................   Passed    0.00 sec
        Start  79: test_mpfr_fixed_precision_fma_alloc_count
 79/192 Test  #79: test_mpfr_fixed_precision_fma_alloc_count ...............................   Passed    0.00 sec
        Start  80: test_mpfr_fixed_precision_tls_scratch
 80/192 Test  #80: test_mpfr_fixed_precision_tls_scratch ...................................   Passed    0.00 sec
        Start  81: test_mpfr_type_conversions
 81/192 Test  #81: test_mpfr_type_conversions ..............................................   Passed    0.00 sec
        Start  82: test_mpfr_comparisons
 82/192 Test  #82: test_mpfr_comparisons ...................................................   Passed    0.00 sec
        Start  83: test_mpfr_compound_assign
 83/192 Test  #83: test_mpfr_compound_assign ...............................................   Passed    0.00 sec
        Start  84: test_mpfr_rounding_context
 84/192 Test  #84: test_mpfr_rounding_context ..............................................   Passed    0.00 sec
        Start  85: test_mpfr_rounding_context_fixed_precision
 85/192 Test  #85: test_mpfr_rounding_context_fixed_precision ..............................   Passed    0.00 sec
        Start  86: test_mpfr_rounding_scope
 86/192 Test  #86: test_mpfr_rounding_scope ................................................   Passed    0.00 sec
        Start  87: test_mpfr_rounding_scope_stable
 87/192 Test  #87: test_mpfr_rounding_scope_stable .........................................   Passed    0.00 sec
        Start  88: test_mpfr_exception_support
 88/192 Test  #88: test_mpfr_exception_support .............................................   Passed    0.00 sec
        Start  89: test_mpfr_defaults
 89/192 Test  #89: test_mpfr_defaults ......................................................   Passed    0.00 sec
        Start  90: test_mpfr_initialization_sentinel
 90/192 Test  #90: test_mpfr_initialization_sentinel .......................................   Passed    0.00 sec
        Start  91: test_mpfr_environment
 91/192 Test  #91: test_mpfr_environment ...................................................   Passed    0.00 sec
        Start  92: test_mpfr_environment_first_use_with_precision
 92/192 Test  #92: test_mpfr_environment_first_use_with_precision ..........................   Passed    0.00 sec
        Start  93: test_mpfr_environment_first_use_explicit_precision_constructor
 93/192 Test  #93: test_mpfr_environment_first_use_explicit_precision_constructor ..........   Passed    0.00 sec
        Start  94: test_mpfr_environment_first_use_current_eval_context
 94/192 Test  #94: test_mpfr_environment_first_use_current_eval_context ....................   Passed    0.00 sec
        Start  95: test_mpfr_environment_first_use_initialize_thread_defaults
 95/192 Test  #95: test_mpfr_environment_first_use_initialize_thread_defaults ..............   Passed    0.00 sec
        Start  96: test_mpfr_environment_first_use_raw_rounding_preserved
 96/192 Test  #96: test_mpfr_environment_first_use_raw_rounding_preserved ..................   Passed    0.00 sec
        Start  97: test_mpfr_environment_first_use_stable_with_precision
 97/192 Test  #97: test_mpfr_environment_first_use_stable_with_precision ...................   Passed    0.00 sec
        Start  98: test_mpfr_environment_first_use_stable_explicit_precision_constructor
 98/192 Test  #98: test_mpfr_environment_first_use_stable_explicit_precision_constructor ...   Passed    0.00 sec
        Start  99: test_mpfr_environment_first_use_stable_current_eval_context
 99/192 Test  #99: test_mpfr_environment_first_use_stable_current_eval_context .............   Passed    0.00 sec
        Start 100: test_mpfr_environment_first_use_stable_initialize_thread_defaults
100/192 Test #100: test_mpfr_environment_first_use_stable_initialize_thread_defaults .......   Passed    0.00 sec
        Start 101: test_mpfr_environment_first_use_stable_raw_rounding_preserved
101/192 Test #101: test_mpfr_environment_first_use_stable_raw_rounding_preserved ...........   Passed    0.00 sec
        Start 102: test_mpfr_environment_invalid
102/192 Test #102: test_mpfr_environment_invalid ...........................................   Passed    0.00 sec
        Start 103: test_mpfr_string_io
103/192 Test #103: test_mpfr_string_io .....................................................   Passed    0.00 sec
        Start 104: test_mpfr_math
104/192 Test #104: test_mpfr_math ..........................................................   Passed    0.03 sec
        Start 105: test_mpfr_transcendent_functions
105/192 Test #105: test_mpfr_transcendent_functions ........................................   Passed    0.04 sec
        Start 106: test_et_contract_mpf
106/192 Test #106: test_et_contract_mpf ....................................................   Passed    0.00 sec
        Start 107: test_mpf_basic
107/192 Test #107: test_mpf_basic ..........................................................   Passed    0.00 sec
        Start 108: test_mpf_precision_policy
108/192 Test #108: test_mpf_precision_policy ...............................................   Passed    0.00 sec
        Start 109: test_mpf_default_precision_env
109/192 Test #109: test_mpf_default_precision_env ..........................................   Passed    0.00 sec
        Start 110: test_mpf_default_precision_invalid_env
110/192 Test #110: test_mpf_default_precision_invalid_env ..................................   Passed    0.00 sec
        Start 111: test_mpf_default_precision_overflow_env
111/192 Test #111: test_mpf_default_precision_overflow_env .................................   Passed    0.00 sec
        Start 112: test_mpf_external_provider
112/192 Test #112: test_mpf_external_provider ..............................................   Passed    0.00 sec
        Start 113: test_mpf_aliasing
113/192 Test #113: test_mpf_aliasing .......................................................   Passed    0.00 sec
        Start 114: test_mpf_string_io
114/192 Test #114: test_mpf_string_io ......................................................   Passed    0.00 sec
        Start 115: test_mpf_alloc_count
115/192 Test #115: test_mpf_alloc_count ....................................................   Passed    0.00 sec
        Start 116: test_mpf_scalar_alloc_count
116/192 Test #116: test_mpf_scalar_alloc_count .............................................   Passed    0.00 sec
        Start 117: test_mpf_fixed_precision_materialization
117/192 Test #117: test_mpf_fixed_precision_materialization ................................   Passed    0.00 sec
        Start 118: test_mpf_fixed_precision_tls_scratch
118/192 Test #118: test_mpf_fixed_precision_tls_scratch ....................................   Passed    0.00 sec
        Start 119: test_mpf_long_width_dispatch
119/192 Test #119: test_mpf_long_width_dispatch ............................................   Passed    0.00 sec
        Start 120: test_mpf_numeric_equivalence
120/192 Test #120: test_mpf_numeric_equivalence ............................................   Passed    0.00 sec
        Start 121: test_mpf_power_of_two_fusion
121/192 Test #121: test_mpf_power_of_two_fusion ............................................   Passed    0.00 sec
        Start 122: test_mpf_decomposition_functions
122/192 Test #122: test_mpf_decomposition_functions ........................................   Passed    0.00 sec
        Start 123: test_mpf_thread_safety
123/192 Test #123: test_mpf_thread_safety ..................................................   Passed    0.00 sec
        Start 124: test_mpf_pi
124/192 Test #124: test_mpf_pi .............................................................   Passed    0.00 sec
        Start 125: test_mpf_transcendent_functions
125/192 Test #125: test_mpf_transcendent_functions .........................................   Passed    4.58 sec
        Start 126: test_mpf_math_functions
126/192 Test #126: test_mpf_math_functions .................................................   Passed    0.00 sec
        Start 127: test_mpf_extended_transcendent_functions
127/192 Test #127: test_mpf_extended_transcendent_functions ................................   Passed    0.10 sec
        Start 128: test_construction_copy
128/192 Test #128: test_construction_copy ..................................................   Passed    0.00 sec
        Start 129: test_et_contract_mpfc
129/192 Test #129: test_et_contract_mpfc ...................................................   Passed    0.00 sec
        Start 130: test_mpfc_basic
130/192 Test #130: test_mpfc_basic .........................................................   Passed    0.01 sec
        Start 131: test_mpfc_precision_policy
131/192 Test #131: test_mpfc_precision_policy ..............................................   Passed    0.00 sec
        Start 132: test_mpfc_header_boundary
132/192 Test #132: test_mpfc_header_boundary ...............................................   Passed    0.00 sec
        Start 133: test_mpfc_math
133/192 Test #133: test_mpfc_math ..........................................................   Passed    0.01 sec
        Start 134: test_mpfc_io
134/192 Test #134: test_mpfc_io ............................................................   Passed    0.00 sec
        Start 135: test_et_contract_zq_mpf
135/192 Test #135: test_et_contract_zq_mpf .................................................   Passed    0.00 sec
        Start 136: test_mixed_zq_mpf_promotion
136/192 Test #136: test_mixed_zq_mpf_promotion .............................................   Passed    0.00 sec
        Start 137: test_mixed_type_arithmetic
137/192 Test #137: test_mixed_type_arithmetic ..............................................   Passed    0.00 sec
        Start 138: test_et_contract_zq_mpfr
138/192 Test #138: test_et_contract_zq_mpfr ................................................   Passed    0.00 sec
        Start 139: test_mpz_basic
139/192 Test #139: test_mpz_basic ..........................................................   Passed    0.00 sec
        Start 140: test_mpz_arithmetic
140/192 Test #140: test_mpz_arithmetic .....................................................   Passed    0.00 sec
        Start 141: test_mpz_addmul_fusion
141/192 Test #141: test_mpz_addmul_fusion ..................................................   Passed    0.00 sec
        Start 142: test_mpz_addmul_alloc_count
142/192 Test #142: test_mpz_addmul_alloc_count .............................................   Passed    0.00 sec
        Start 143: test_mpq_basic
143/192 Test #143: test_mpq_basic ..........................................................   Passed    0.00 sec
        Start 144: test_mpq_arithmetic
144/192 Test #144: test_mpq_arithmetic .....................................................   Passed    0.00 sec
        Start 145: test_mpq_canonicalization
145/192 Test #145: test_mpq_canonicalization ...............................................   Passed    0.00 sec
        Start 146: test_zq_string_io
146/192 Test #146: test_zq_string_io .......................................................   Passed    0.00 sec
        Start 147: test_mpz_mpq_alloc_count
147/192 Test #147: test_mpz_mpq_alloc_count ................................................   Passed    0.00 sec
        Start 148: test_mixed_zq_mpfr_promotion
148/192 Test #148: test_mixed_zq_mpfr_promotion ............................................   Passed    0.00 sec
        Start 149: test_mixed_zq_mpfr_exact_subexpression
149/192 Test #149: test_mixed_zq_mpfr_exact_subexpression ..................................   Passed    0.00 sec
        Start 150: test_mpfr_numeric_equivalence
150/192 Test #150: test_mpfr_numeric_equivalence ...........................................   Passed    0.00 sec
        Start 151: test_mpfr_power_of_two_fusion
151/192 Test #151: test_mpfr_power_of_two_fusion ...........................................   Passed    0.00 sec
        Start 152: test_mpfr_decomposition_functions
152/192 Test #152: test_mpfr_decomposition_functions .......................................   Passed    0.00 sec
        Start 153: test_mpfr_scalar_alloc_count
153/192 Test #153: test_mpfr_scalar_alloc_count ............................................   Passed    0.00 sec
        Start 154: test_mpfr_thread_safety
154/192 Test #154: test_mpfr_thread_safety .................................................   Passed    0.01 sec
        Start 155: test_et_contract_mpc
155/192 Test #155: test_et_contract_mpc ....................................................   Passed    0.00 sec
        Start 156: test_mpc_basic
156/192 Test #156: test_mpc_basic ..........................................................   Passed    0.00 sec
        Start 157: test_mpc_aliasing
157/192 Test #157: test_mpc_aliasing .......................................................   Passed    0.00 sec
        Start 158: test_mpc_defaults
158/192 Test #158: test_mpc_defaults .......................................................   Passed    0.00 sec
        Start 159: test_mpc_environment
159/192 Test #159: test_mpc_environment ....................................................   Passed    0.00 sec
        Start 160: test_mpc_environment_first_use_share_mpfr
160/192 Test #160: test_mpc_environment_first_use_share_mpfr ...............................   Passed    0.00 sec
        Start 161: test_mpc_environment_first_use_mpc_env
161/192 Test #161: test_mpc_environment_first_use_mpc_env ..................................   Passed    0.00 sec
        Start 162: test_mpc_environment_first_use_component_env
162/192 Test #162: test_mpc_environment_first_use_component_env ............................   Passed    0.00 sec
        Start 163: test_mpc_environment_first_use_asymmetric_override
163/192 Test #163: test_mpc_environment_first_use_asymmetric_override ......................   Passed    0.00 sec
        Start 164: test_mpc_environment_invalid
164/192 Test #164: test_mpc_environment_invalid ............................................   Passed    0.00 sec
        Start 165: test_mpc_precision_policy
165/192 Test #165: test_mpc_precision_policy ...............................................   Passed    0.00 sec
        Start 166: test_mpc_evaluation_context
166/192 Test #166: test_mpc_evaluation_context .............................................   Passed    0.00 sec
        Start 167: test_mpc_evaluation_context_fixed_precision
167/192 Test #167: test_mpc_evaluation_context_fixed_precision .............................   Passed    0.00 sec
        Start 168: test_mpc_io
168/192 Test #168: test_mpc_io .............................................................   Passed    0.00 sec
        Start 169: test_mpc_math
169/192 Test #169: test_mpc_math ...........................................................   Passed    0.00 sec
        Start 170: test_mpc_alloc_count
170/192 Test #170: test_mpc_alloc_count ....................................................   Passed    0.00 sec
        Start 171: compile_pass_harness_control
171/192 Test #171: compile_pass_harness_control ............................................   Passed    0.65 sec
        Start 172: compile_fail_mpfr_header_must_not_expose_mpf
172/192 Test #172: compile_fail_mpfr_header_must_not_expose_mpf ............................   Passed    0.44 sec
        Start 173: compile_fail_mpfr_header_must_not_expose_mpfc
173/192 Test #173: compile_fail_mpfr_header_must_not_expose_mpfc ...........................   Passed    0.44 sec
        Start 174: compile_fail_mpfr_header_must_not_expose_mpc
174/192 Test #174: compile_fail_mpfr_header_must_not_expose_mpc ............................   Passed    0.44 sec
        Start 175: compile_fail_gmp_header_must_not_expose_mpfr_or_mpc
175/192 Test #175: compile_fail_gmp_header_must_not_expose_mpfr_or_mpc .....................   Passed    0.53 sec
        Start 176: compile_fail_test_bool_scalar
176/192 Test #176: compile_fail_test_bool_scalar ...........................................   Passed    0.45 sec
        Start 177: compile_fail_test_wchar_scalar
177/192 Test #177: compile_fail_test_wchar_scalar ..........................................   Passed    0.44 sec
        Start 178: compile_fail_test_char16_scalar
178/192 Test #178: compile_fail_test_char16_scalar .........................................   Passed    0.44 sec
        Start 179: compile_fail_test_char32_scalar
179/192 Test #179: compile_fail_test_char32_scalar .........................................   Passed    0.45 sec
        Start 180: compile_fail_test_long_double_scalar
180/192 Test #180: compile_fail_test_long_double_scalar ....................................   Passed    0.45 sec
        Start 181: compile_fail_test_int128_scalar
181/192 Test #181: compile_fail_test_int128_scalar .........................................   Passed    0.44 sec
        Start 182: compile_fail_test_scalar_scalar_et_operator
182/192 Test #182: compile_fail_test_scalar_scalar_et_operator .............................   Passed    0.44 sec
        Start 183: compile_fail_test_mpf_precision_guard_frozen_env
183/192 Test #183: compile_fail_test_mpf_precision_guard_frozen_env ........................   Passed    0.52 sec
        Start 184: compile_fail_test_mpf_plus_mpfr
184/192 Test #184: compile_fail_test_mpf_plus_mpfr .........................................   Passed    0.62 sec
        Start 185: compile_fail_test_mpfr_plus_mpf
185/192 Test #185: compile_fail_test_mpfr_plus_mpf .........................................   Passed    0.62 sec
        Start 186: compile_fail_test_mpf_plus_mpc
186/192 Test #186: compile_fail_test_mpf_plus_mpc ..........................................   Passed    0.62 sec
        Start 187: compile_fail_test_mpc_plus_mpf
187/192 Test #187: compile_fail_test_mpc_plus_mpf ..........................................   Passed    0.62 sec
        Start 188: compile_fail_test_mpfc_plus_mpfr
188/192 Test #188: compile_fail_test_mpfc_plus_mpfr ........................................   Passed    0.62 sec
        Start 189: compile_fail_test_mpfr_plus_mpfc
189/192 Test #189: compile_fail_test_mpfr_plus_mpfc ........................................   Passed    0.62 sec
        Start 190: compile_fail_test_mpfc_plus_mpc
190/192 Test #190: compile_fail_test_mpfc_plus_mpc .........................................   Passed    0.63 sec
        Start 191: compile_fail_test_mpc_plus_mpfc
191/192 Test #191: compile_fail_test_mpc_plus_mpfc .........................................   Passed    0.62 sec
        Start 192: link_fail_mpf_external_provider_missing
192/192 Test #192: link_fail_mpf_external_provider_missing .................................   Passed    0.57 sec

100% tests passed, 0 tests failed out of 192

Label Time Summary:
alloc-count    =   0.04 sec*proc (11 tests)
benchmark      =   0.52 sec*proc (1 test)
disasm         =   0.52 sec*proc (1 test)

Total Test time (real) =  18.98 sec
P2C GMP pow2 residual: 2^-200 < residual < 2^-198; emulated binary64 residual: 0
Test project /home/docker/gmpfrxx_mkII-p2a-clean.wbx83b/build-p2c
    Start 180: compile_fail_test_long_double_scalar
1/9 Test #180: compile_fail_test_long_double_scalar ...   Passed    0.44 sec
    Start 184: compile_fail_test_mpf_plus_mpfr
2/9 Test #184: compile_fail_test_mpf_plus_mpfr ........   Passed    0.62 sec
    Start 185: compile_fail_test_mpfr_plus_mpf
3/9 Test #185: compile_fail_test_mpfr_plus_mpf ........   Passed    0.62 sec
    Start 186: compile_fail_test_mpf_plus_mpc
4/9 Test #186: compile_fail_test_mpf_plus_mpc .........   Passed    0.62 sec
    Start 187: compile_fail_test_mpc_plus_mpf
5/9 Test #187: compile_fail_test_mpc_plus_mpf .........   Passed    0.62 sec
    Start 188: compile_fail_test_mpfc_plus_mpfr
6/9 Test #188: compile_fail_test_mpfc_plus_mpfr .......   Passed    0.62 sec
    Start 189: compile_fail_test_mpfr_plus_mpfc
7/9 Test #189: compile_fail_test_mpfr_plus_mpfc .......   Passed    0.62 sec
    Start 190: compile_fail_test_mpfc_plus_mpc
8/9 Test #190: compile_fail_test_mpfc_plus_mpc ........   Passed    0.62 sec
    Start 191: compile_fail_test_mpc_plus_mpfc
9/9 Test #191: compile_fail_test_mpc_plus_mpfc ........   Passed    0.63 sec

100% tests passed, 0 tests failed out of 9

Total Test time (real) =   5.43 sec
-- Install configuration: "Release"
-- Installing: /tmp/gmpfrxx-mkII-p2c-gate-install.ZFiadp/include
-- Installing: /tmp/gmpfrxx-mkII-p2c-gate-install.ZFiadp/include/gmpfrxx_mkII
-- Installing: /tmp/gmpfrxx-mkII-p2c-gate-install.ZFiadp/include/gmpfrxx_mkII/adapters
-- Installing: /tmp/gmpfrxx-mkII-p2c-gate-install.ZFiadp/include/gmpfrxx_mkII/adapters/qd_complex.hpp
-- Installing: /tmp/gmpfrxx-mkII-p2c-gate-install.ZFiadp/include/gmpfrxx_mkII/adapters/mpfc_complex.hpp
-- Installing: /tmp/gmpfrxx-mkII-p2c-gate-install.ZFiadp/include/gmpfrxx_mkII/adapters/qd_real.hpp
-- Installing: /tmp/gmpfrxx-mkII-p2c-gate-install.ZFiadp/include/gmpfrxx_mkII/adapters/dd_real.hpp
-- Installing: /tmp/gmpfrxx-mkII-p2c-gate-install.ZFiadp/include/gmpfrxx_mkII/adapters/dd_complex.hpp
-- Installing: /tmp/gmpfrxx-mkII-p2c-gate-install.ZFiadp/include/gmpfrxx_mkII/adapters/binary80_real.hpp
-- Installing: /tmp/gmpfrxx-mkII-p2c-gate-install.ZFiadp/include/gmpfrxx_mkII/adapters/mpf_real.hpp
-- Installing: /tmp/gmpfrxx-mkII-p2c-gate-install.ZFiadp/include/gmpfrxx_mkII/adapters/binary128_real.hpp
-- Installing: /tmp/gmpfrxx-mkII-p2c-gate-install.ZFiadp/include/gmpfrxx_mkII/adapters/detail
-- Installing: /tmp/gmpfrxx-mkII-p2c-gate-install.ZFiadp/include/gmpfrxx_mkII/adapters/detail/binary_float.hpp
-- Installing: /tmp/gmpfrxx-mkII-p2c-gate-install.ZFiadp/include/gmpfrxx_mkII/adapters/detail/real_components.hpp
-- Installing: /tmp/gmpfrxx-mkII-p2c-gate-install.ZFiadp/include/gmpfrxx_mkII/adapters/detail/complex_components.hpp
-- Installing: /tmp/gmpfrxx-mkII-p2c-gate-install.ZFiadp/include/gmpfrxx_mkII/adapters/binary128_complex.hpp
-- Installing: /tmp/gmpfrxx-mkII-p2c-gate-install.ZFiadp/include/gmpfrxx_mkII/adapters/binary80_complex.hpp
-- Installing: /tmp/gmpfrxx-mkII-p2c-gate-install.ZFiadp/include/gmpfrxx_mkII/detail
-- Installing: /tmp/gmpfrxx-mkII-p2c-gate-install.ZFiadp/include/gmpfrxx_mkII/detail/expr.hpp
-- Installing: /tmp/gmpfrxx-mkII-p2c-gate-install.ZFiadp/include/gmpfrxx_mkII/detail/math_mpf.hpp
-- Installing: /tmp/gmpfrxx-mkII-p2c-gate-install.ZFiadp/include/gmpfrxx_mkII/detail/integer_conversion.hpp
-- Installing: /tmp/gmpfrxx-mkII-p2c-gate-install.ZFiadp/include/gmpfrxx_mkII/detail/type_traits.hpp
-- Installing: /tmp/gmpfrxx-mkII-p2c-gate-install.ZFiadp/include/gmpfrxx_mkII/detail/environment.hpp
-- Installing: /tmp/gmpfrxx-mkII-p2c-gate-install.ZFiadp/include/gmpfrxx_mkII/detail/mpfr_impl.hpp
-- Installing: /tmp/gmpfrxx-mkII-p2c-gate-install.ZFiadp/include/gmpfrxx_mkII/detail/common_type_macros.hpp
-- Installing: /tmp/gmpfrxx-mkII-p2c-gate-install.ZFiadp/include/gmpfrxx_mkII/detail/config.hpp
-- Installing: /tmp/gmpfrxx-mkII-p2c-gate-install.ZFiadp/include/gmpfrxx_mkII/detail/math_mpfc.hpp
-- Installing: /tmp/gmpfrxx-mkII-p2c-gate-install.ZFiadp/include/gmpfrxx_mkII/detail/zq_impl.hpp
-- Installing: /tmp/gmpfrxx-mkII-p2c-gate-install.ZFiadp/include/gmpfrxx_mkII/detail/gmp_default_context.hpp
-- Installing: /tmp/gmpfrxx-mkII-p2c-gate-install.ZFiadp/include/gmpfrxx_mkII/detail/mpfc_impl.hpp
-- Installing: /tmp/gmpfrxx-mkII-p2c-gate-install.ZFiadp/include/gmpfrxx_mkII/detail/eval_context.hpp
-- Installing: /tmp/gmpfrxx-mkII-p2c-gate-install.ZFiadp/include/gmpfrxx_mkII/detail/mpc_impl.hpp
-- Installing: /tmp/gmpfrxx-mkII-p2c-gate-install.ZFiadp/include/gmpfrxx_mkII/detail/mpf_impl.hpp
-- Installing: /tmp/gmpfrxx-mkII-p2c-gate-install.ZFiadp/include/gmpfrxx_mkII/detail/mpc_environment.hpp
-- Installing: /tmp/gmpfrxx-mkII-p2c-gate-install.ZFiadp/include/mpfrxx_mkII.h
-- Installing: /tmp/gmpfrxx-mkII-p2c-gate-install.ZFiadp/include/gmpxx_mkII.h
-- Installing: /tmp/gmpfrxx-mkII-p2c-gate-install.ZFiadp/include/gmpfrxx_mkII.h
-- Installing: /tmp/gmpfrxx-mkII-p2c-gate-install.ZFiadp/include/mpcxx_mkII.h
-- Up-to-date: /tmp/gmpfrxx-mkII-p2c-gate-install.ZFiadp/include
-- Up-to-date: /tmp/gmpfrxx-mkII-p2c-gate-install.ZFiadp/include/gmpfrxx_mkII
-- Up-to-date: /tmp/gmpfrxx-mkII-p2c-gate-install.ZFiadp/include/gmpfrxx_mkII/detail
-- Installing: /tmp/gmpfrxx-mkII-p2c-gate-install.ZFiadp/include/gmpfrxx_mkII/detail/version.hpp
-- Installing: /tmp/gmpfrxx-mkII-p2c-gate-install.ZFiadp/include/gmpfrxx_mkII/detail/build_config.hpp
-- Installing: /tmp/gmpfrxx-mkII-p2c-gate-install.ZFiadp/lib/libgmpxx_mkII_default_context_provider.so
-- Installing: /tmp/gmpfrxx-mkII-p2c-gate-install.ZFiadp/lib/cmake/gmpfrxx_mkII/gmpxx_mkIITargets.cmake
-- Installing: /tmp/gmpfrxx-mkII-p2c-gate-install.ZFiadp/lib/cmake/gmpfrxx_mkII/gmpxx_mkIITargets-release.cmake
-- Installing: /tmp/gmpfrxx-mkII-p2c-gate-install.ZFiadp/lib/cmake/gmpfrxx_mkII/mpfrxx_mkIITargets.cmake
-- Installing: /tmp/gmpfrxx-mkII-p2c-gate-install.ZFiadp/lib/cmake/gmpfrxx_mkII/mpcxx_mkIITargets.cmake
-- Installing: /tmp/gmpfrxx-mkII-p2c-gate-install.ZFiadp/lib/cmake/gmpfrxx_mkII/gmpfrxx_mkIITargets.cmake
-- Installing: /tmp/gmpfrxx-mkII-p2c-gate-install.ZFiadp/lib/cmake/gmpfrxx_mkII/gmpfrxx_mkIIConfig.cmake
-- Installing: /tmp/gmpfrxx-mkII-p2c-gate-install.ZFiadp/lib/cmake/gmpfrxx_mkII/gmpfrxx_mkIIConfigVersion.cmake
-- Installing: /tmp/gmpfrxx-mkII-p2c-gate-install.ZFiadp/lib/cmake/gmpfrxx_mkII/FindGMP.cmake
-- Installing: /tmp/gmpfrxx-mkII-p2c-gate-install.ZFiadp/lib/cmake/gmpfrxx_mkII/FindMPFR.cmake
-- Installing: /tmp/gmpfrxx-mkII-p2c-gate-install.ZFiadp/lib/cmake/gmpfrxx_mkII/FindMPC.cmake
-- The CXX compiler identification is GNU 15.2.0
-- Detecting CXX compiler ABI info
-- Detecting CXX compiler ABI info - done
-- Check for working CXX compiler: /usr/bin/c++ - skipped
-- Detecting CXX compile features
-- Detecting CXX compile features - done
-- Found GMP: /usr/lib/x86_64-linux-gnu/libgmp.so
-- Found MPFR: /usr/lib/x86_64-linux-gnu/libmpfr.so
-- Found MPC: /usr/lib/x86_64-linux-gnu/libmpc.so
-- Configuring done (0.3s)
-- Generating done (0.0s)
-- Build files have been written to: /tmp/gmpfrxx-mkII-p2c-consumer-build.mlaqjl
[ 50%] Building CXX object CMakeFiles/p2c_consumer.dir/main.cpp.o
[100%] Linking CXX executable p2c_consumer
[100%] Built target p2c_consumer
Preparing worktree (detached HEAD 0bd061c)
HEAD is now at 0bd061c test: record forensic snapshot digest
-- The CXX compiler identification is GNU 15.2.0
-- Detecting CXX compiler ABI info
-- Detecting CXX compiler ABI info - done
-- Check for working CXX compiler: /usr/bin/c++ - skipped
-- Detecting CXX compile features
-- Detecting CXX compile features - done
-- gmpfrxx_mkII enabled components: GMP;MPFR;MPC
-- Performing Test GMPFRXX_MKII_HAVE_MPFR_BUILDOPT_TLS_P
-- Performing Test GMPFRXX_MKII_HAVE_MPFR_BUILDOPT_TLS_P - Success
-- MPFR buildopt TLS probe: has API=1, tls=1
-- Performing Test GMPFRXX_MKII_HAVE_MPC_BUILDOPT_TLS_P
-- Performing Test GMPFRXX_MKII_HAVE_MPC_BUILDOPT_TLS_P - Failed
-- MPC buildopt TLS probe: has API=0, tls=0
-- Found OpenMP_CXX: -fopenmp (found version "4.5")
-- Found OpenMP: TRUE (found version "4.5")
-- OpenMP benchmark targets enabled
-- Configuring done (1.1s)
-- Generating done (1.2s)
-- Build files have been written to: /tmp/gmpfrxx-mkII-p2a-recheck.IDSxFp/build-p2a
[  0%] Building CXX object CMakeFiles/gmpxx_mkII_default_context_provider.dir/src/gmpxx_mkII_default_context_provider.cpp.o
[  0%] Building CXX object examples/CMakeFiles/example03_mpfr.dir/example03_mpfr.cpp.o
[  0%] Building CXX object examples/CMakeFiles/example02_mpfr.dir/example02_mpfr.cpp.o
[  0%] Building CXX object examples/CMakeFiles/example02_mpc.dir/example02_mpc.cpp.o
[  0%] Building CXX object examples/CMakeFiles/example04_mpfr.dir/example04_mpfr.cpp.o
[  0%] Building CXX object examples/CMakeFiles/example03_mpfc.dir/example03_mpfc.cpp.o
[  0%] Building CXX object examples/CMakeFiles/example06_mpc.dir/example06_mpc.cpp.o
[  0%] Building CXX object examples/CMakeFiles/example04_mpf.dir/example04_mpf.cpp.o
[  0%] Building CXX object examples/CMakeFiles/example02_mpf.dir/example02_mpf.cpp.o
[  0%] Building CXX object examples/CMakeFiles/example01.dir/example01.cpp.o
[  1%] Building CXX object examples/CMakeFiles/example03_mpf.dir/example03_mpf.cpp.o
[  1%] Building CXX object examples/CMakeFiles/example05_mpfr.dir/example05_mpfr.cpp.o
[  1%] Building CXX object examples/CMakeFiles/example07_mpfc.dir/example07_mpfc.cpp.o
[  1%] Building CXX object examples/CMakeFiles/example05_mpf.dir/example05_mpf.cpp.o
[  1%] Building CXX object examples/CMakeFiles/example08_mpfc.dir/example08_mpfc.cpp.o
[  1%] Building CXX object examples/CMakeFiles/example11_mpf.dir/example11_mpf.cpp.o
[  1%] Building CXX object examples/CMakeFiles/example09_mpfc.dir/example09_mpfc.cpp.o
[  1%] Building CXX object examples/CMakeFiles/example08_mpc.dir/example08_mpc.cpp.o
[  1%] Building CXX object examples/CMakeFiles/example07_mpc.dir/example07_mpc.cpp.o
[  1%] Building CXX object examples/CMakeFiles/example06_mpfc.dir/example06_mpfc.cpp.o
[  1%] Building CXX object examples/CMakeFiles/example11_mpfr.dir/example11_mpfr.cpp.o
[  1%] Building CXX object examples/CMakeFiles/example10_mpfr.dir/example10_mpfr.cpp.o
[  1%] Building CXX object examples/CMakeFiles/example13_mpf.dir/example13_mpf.cpp.o
[  1%] Building CXX object examples/CMakeFiles/example12_mpfr.dir/example12_mpfr.cpp.o
[  1%] Building CXX object examples/CMakeFiles/example12_mpf.dir/example12_mpf.cpp.o
[  1%] Building CXX object examples/CMakeFiles/example14_mpf.dir/example14_mpf.cpp.o
[  1%] Building CXX object examples/CMakeFiles/example09_mpc.dir/example09_mpc.cpp.o
[  1%] Building CXX object examples/CMakeFiles/example10_mpf.dir/example10_mpf.cpp.o
[  2%] Building CXX object examples/CMakeFiles/example13_mpfr.dir/example13_mpfr.cpp.o
[  2%] Building CXX object examples/CMakeFiles/example15_mpf.dir/example15_mpf.cpp.o
[  2%] Building CXX object examples/CMakeFiles/example15_mpfr.dir/example15_mpfr.cpp.o
[  2%] Building CXX object examples/CMakeFiles/example14_mpfr.dir/example14_mpfr.cpp.o
[  2%] Linking CXX shared library libgmpxx_mkII_default_context_provider.so
[  2%] Built target gmpxx_mkII_default_context_provider
[  2%] Building CXX object examples/CMakeFiles/example16_mpfr_thread_context.dir/example16_mpfr_thread_context.cpp.o
[  2%] Linking CXX executable example01
[  2%] Linking CXX executable example02_mpf
[  2%] Linking CXX executable example02_mpfr
[  2%] Built target example01
[  2%] Built target example02_mpf
[  2%] Building CXX object benchmarks/CMakeFiles/Rdot_gmp_C_native_01.dir/gmp/00_Rdot/Rdot_gmp_C_native_01.cpp.o
[  2%] Linking CXX executable example02_mpc
[  2%] Building CXX object benchmarks/CMakeFiles/Rdot_gmp_C_native_02.dir/gmp/00_Rdot/Rdot_gmp_C_native_02.cpp.o
[  2%] Built target example02_mpfr
[  2%] Building CXX object benchmarks/CMakeFiles/Rdot_gmp_C_native_03.dir/gmp/00_Rdot/Rdot_gmp_C_native_03.cpp.o
[  2%] Built target example02_mpc
[  2%] Building CXX object benchmarks/CMakeFiles/Rdot_gmp_C_native_04.dir/gmp/00_Rdot/Rdot_gmp_C_native_04.cpp.o
[  2%] Linking CXX executable example03_mpfr
[  2%] Linking CXX executable example11_mpf
[  2%] Linking CXX executable example03_mpf
[  2%] Linking CXX executable example12_mpf
[  2%] Built target example03_mpfr
[  2%] Linking CXX executable example04_mpfr
[  2%] Linking CXX executable example07_mpfc
[  2%] Building CXX object benchmarks/CMakeFiles/Rdot_gmp_C_native_05.dir/gmp/00_Rdot/Rdot_gmp_C_native_05.cpp.o
[  2%] Built target example11_mpf
[  2%] Linking CXX executable example04_mpf
[  2%] Built target example03_mpf
[  2%] Linking CXX executable example12_mpfr
[  2%] Building CXX object benchmarks/CMakeFiles/Rdot_gmp_C_native_06.dir/gmp/00_Rdot/Rdot_gmp_C_native_06.cpp.o
[  2%] Built target example12_mpf
[  2%] Building CXX object benchmarks/CMakeFiles/Rdot_gmp_C_native_openmp_01.dir/gmp/00_Rdot/Rdot_gmp_C_native_openmp_01.cpp.o
[  2%] Building CXX object benchmarks/CMakeFiles/Rdot_gmp_C_native_openmp_02.dir/gmp/00_Rdot/Rdot_gmp_C_native_openmp_02.cpp.o
[  2%] Built target example04_mpfr
[  2%] Built target example07_mpfc
[  2%] Building CXX object benchmarks/CMakeFiles/Rdot_gmp_C_native_openmp_03.dir/gmp/00_Rdot/Rdot_gmp_C_native_openmp_03.cpp.o
[  2%] Built target example04_mpf
[  2%] Building CXX object benchmarks/CMakeFiles/Rdot_gmp_C_native_openmp_04.dir/gmp/00_Rdot/Rdot_gmp_C_native_openmp_04.cpp.o
[  2%] Built target example12_mpfr
[  2%] Building CXX object benchmarks/CMakeFiles/Rdot_gmp_C_native_openmp_05.dir/gmp/00_Rdot/Rdot_gmp_C_native_openmp_05.cpp.o
[  2%] Building CXX object benchmarks/CMakeFiles/Rdot_gmp_C_native_openmp_06.dir/gmp/00_Rdot/Rdot_gmp_C_native_openmp_06.cpp.o
[  2%] Linking CXX executable example10_mpf
[  2%] Linking CXX executable example15_mpf
[  2%] Built target example10_mpf
[  2%] Linking CXX executable example15_mpfr
[  2%] Building CXX object benchmarks/CMakeFiles/Rdot_gmp_kernel_01_orig.dir/gmp/00_Rdot/Rdot_gmp_kernel_01.cpp.o
[  2%] Linking CXX executable example13_mpfr
[  2%] Built target example15_mpf
[  2%] Linking CXX executable example10_mpfr
[  2%] Linking CXX executable example13_mpf
[  2%] Building CXX object benchmarks/CMakeFiles/Rdot_gmp_kernel_01_mkII.dir/gmp/00_Rdot/Rdot_gmp_kernel_01.cpp.o
[  2%] Linking CXX executable example16_mpfr_thread_context
[  2%] Linking CXX executable example07_mpc
[  2%] Linking CXX executable example14_mpf
[  2%] Linking CXX executable gmp/00_Rdot/Rdot_gmp_C_native_01
[  2%] Built target example10_mpfr
[  2%] Linking CXX executable example14_mpfr
[  2%] Built target example15_mpfr
[  2%] Built target example13_mpfr
[  2%] Building CXX object benchmarks/CMakeFiles/Rdot_gmp_kernel_01_mkII_FIXED_PRECISION_FASTPATH.dir/gmp/00_Rdot/Rdot_gmp_kernel_01.cpp.o
[  2%] Built target example16_mpfr_thread_context
[  2%] Building CXX object benchmarks/CMakeFiles/Rdot_gmp_kernel_02_orig.dir/gmp/00_Rdot/Rdot_gmp_kernel_02.cpp.o
[  2%] Built target example13_mpf
[  2%] Building CXX object benchmarks/CMakeFiles/Rdot_gmp_kernel_02_mkII.dir/gmp/00_Rdot/Rdot_gmp_kernel_02.cpp.o
[  3%] Linking CXX executable gmp/00_Rdot/Rdot_gmp_C_native_02
[  4%] Building CXX object benchmarks/CMakeFiles/Rdot_gmp_kernel_02_mkII_FIXED_PRECISION_FASTPATH.dir/gmp/00_Rdot/Rdot_gmp_kernel_02.cpp.o
[  4%] Building CXX object benchmarks/CMakeFiles/Rdot_gmp_kernel_03_orig.dir/gmp/00_Rdot/Rdot_gmp_kernel_03.cpp.o
[  4%] Linking CXX executable gmp/00_Rdot/Rdot_gmp_C_native_03
[  4%] Built target example07_mpc
[  4%] Built target example14_mpf
[  4%] Built target Rdot_gmp_C_native_01
[  4%] Building CXX object benchmarks/CMakeFiles/Rdot_gmp_kernel_03_mkII_FIXED_PRECISION_FASTPATH.dir/gmp/00_Rdot/Rdot_gmp_kernel_03.cpp.o
[  4%] Building CXX object benchmarks/CMakeFiles/Rdot_gmp_kernel_04_orig.dir/gmp/00_Rdot/Rdot_gmp_kernel_04.cpp.o
[  4%] Building CXX object benchmarks/CMakeFiles/Rdot_gmp_kernel_03_mkII.dir/gmp/00_Rdot/Rdot_gmp_kernel_03.cpp.o
[  4%] Built target Rdot_gmp_C_native_02
[  4%] Built target Rdot_gmp_C_native_03
[  4%] Building CXX object benchmarks/CMakeFiles/Rdot_gmp_kernel_04_mkII.dir/gmp/00_Rdot/Rdot_gmp_kernel_04.cpp.o
[  4%] Built target example14_mpfr
[  4%] Linking CXX executable gmp/00_Rdot/Rdot_gmp_C_native_04
[  4%] Building CXX object benchmarks/CMakeFiles/Rdot_gmp_kernel_04_mkII_FIXED_PRECISION_FASTPATH.dir/gmp/00_Rdot/Rdot_gmp_kernel_04.cpp.o
[  5%] Building CXX object benchmarks/CMakeFiles/Rdot_gmp_kernel_05_orig.dir/gmp/00_Rdot/Rdot_gmp_kernel_05.cpp.o
[  6%] Linking CXX executable example08_mpfc
[  6%] Linking CXX executable example08_mpc
[  7%] Linking CXX executable example05_mpfr
[  7%] Linking CXX executable example03_mpfc
[  7%] Built target Rdot_gmp_C_native_04
[  7%] Building CXX object benchmarks/CMakeFiles/Rdot_gmp_kernel_05_mkII.dir/gmp/00_Rdot/Rdot_gmp_kernel_05.cpp.o
[  7%] Built target example08_mpc
[  7%] Linking CXX executable gmp/00_Rdot/Rdot_gmp_C_native_05
[  7%] Building CXX object benchmarks/CMakeFiles/Rdot_gmp_kernel_05_mkII_FIXED_PRECISION_FASTPATH.dir/gmp/00_Rdot/Rdot_gmp_kernel_05.cpp.o
[  7%] Built target example05_mpfr
[  7%] Built target example08_mpfc
[  7%] Built target example03_mpfc
[  7%] Building CXX object benchmarks/CMakeFiles/Rdot_gmp_kernel_06_orig.dir/gmp/00_Rdot/Rdot_gmp_kernel_06.cpp.o
[  7%] Linking CXX executable example06_mpfc
[  7%] Linking CXX executable gmp/00_Rdot/Rdot_gmp_C_native_06
[  7%] Building CXX object benchmarks/CMakeFiles/Rdot_gmp_kernel_06_mkII.dir/gmp/00_Rdot/Rdot_gmp_kernel_06.cpp.o
[  7%] Building CXX object benchmarks/CMakeFiles/Rdot_gmp_kernel_06_mkII_FIXED_PRECISION_FASTPATH.dir/gmp/00_Rdot/Rdot_gmp_kernel_06.cpp.o
[  8%] Linking CXX executable gmp/00_Rdot/Rdot_gmp_C_native_openmp_02
[  9%] Linking CXX executable example11_mpfr
[  9%] Linking CXX executable example06_mpc
[  9%] Built target Rdot_gmp_C_native_05
[  9%] Linking CXX executable gmp/00_Rdot/Rdot_gmp_kernel_01_orig
[  9%] Linking CXX executable gmp/00_Rdot/Rdot_gmp_C_native_openmp_01
[  9%] Linking CXX executable example09_mpc
[  9%] Linking CXX executable example09_mpfc
[  9%] Building CXX object benchmarks/CMakeFiles/Rdot_gmp_kernel_openmp_01_orig.dir/gmp/00_Rdot/Rdot_gmp_kernel_openmp_01.cpp.o
[  9%] Linking CXX executable gmp/00_Rdot/Rdot_gmp_C_native_openmp_04
[  9%] Linking CXX executable gmp/00_Rdot/Rdot_gmp_C_native_openmp_03
[  9%] Built target Rdot_gmp_C_native_06
[  9%] Built target example06_mpfc
[  9%] Linking CXX executable gmp/00_Rdot/Rdot_gmp_C_native_openmp_05
[  9%] Built target Rdot_gmp_C_native_openmp_02
[  9%] Linking CXX executable example05_mpf
[  9%] Building CXX object benchmarks/CMakeFiles/Rdot_gmp_kernel_openmp_01_mkII.dir/gmp/00_Rdot/Rdot_gmp_kernel_openmp_01.cpp.o
[  9%] Linking CXX executable gmp/00_Rdot/Rdot_gmp_C_native_openmp_06
[  9%] Building CXX object benchmarks/CMakeFiles/Rdot_gmp_kernel_openmp_01_mkII_FIXED_PRECISION_FASTPATH.dir/gmp/00_Rdot/Rdot_gmp_kernel_openmp_01.cpp.o
[  9%] Built target example11_mpfr
[  9%] Built target example06_mpc
[  9%] Building CXX object benchmarks/CMakeFiles/Rdot_gmp_kernel_openmp_02_orig.dir/gmp/00_Rdot/Rdot_gmp_kernel_openmp_02.cpp.o
[  9%] Built target Rdot_gmp_kernel_01_orig
[  9%] Built target example09_mpc
[  9%] Built target example09_mpfc
[  9%] Built target Rdot_gmp_C_native_openmp_01
[  9%] Building CXX object benchmarks/CMakeFiles/Rdot_gmp_kernel_openmp_02_mkII.dir/gmp/00_Rdot/Rdot_gmp_kernel_openmp_02.cpp.o
[  9%] Building CXX object benchmarks/CMakeFiles/Rdot_gmp_kernel_openmp_02_mkII_FIXED_PRECISION_FASTPATH.dir/gmp/00_Rdot/Rdot_gmp_kernel_openmp_02.cpp.o
[  9%] Building CXX object benchmarks/CMakeFiles/Rdot_gmp_kernel_openmp_03_orig.dir/gmp/00_Rdot/Rdot_gmp_kernel_openmp_03.cpp.o
[  9%] Building CXX object benchmarks/CMakeFiles/Rdot_gmp_kernel_openmp_03_mkII_FIXED_PRECISION_FASTPATH.dir/gmp/00_Rdot/Rdot_gmp_kernel_openmp_03.cpp.o
[  9%] Built target Rdot_gmp_C_native_openmp_04
[  9%] Building CXX object benchmarks/CMakeFiles/Rdot_gmp_kernel_openmp_03_mkII.dir/gmp/00_Rdot/Rdot_gmp_kernel_openmp_03.cpp.o
[  9%] Building CXX object benchmarks/CMakeFiles/Rdot_gmp_kernel_openmp_04_orig.dir/gmp/00_Rdot/Rdot_gmp_kernel_openmp_04.cpp.o
[  9%] Built target Rdot_gmp_C_native_openmp_03
[  9%] Linking CXX executable gmp/00_Rdot/Rdot_gmp_kernel_02_orig
[  9%] Linking CXX executable gmp/00_Rdot/Rdot_gmp_kernel_03_orig
[  9%] Building CXX object benchmarks/CMakeFiles/Rdot_gmp_kernel_openmp_04_mkII.dir/gmp/00_Rdot/Rdot_gmp_kernel_openmp_04.cpp.o
[  9%] Building CXX object benchmarks/CMakeFiles/Rdot_gmp_kernel_openmp_04_mkII_FIXED_PRECISION_FASTPATH.dir/gmp/00_Rdot/Rdot_gmp_kernel_openmp_04.cpp.o
[  9%] Built target Rdot_gmp_C_native_openmp_05
[  9%] Built target example05_mpf
[  9%] Built target Rdot_gmp_C_native_openmp_06
[  9%] Building CXX object benchmarks/CMakeFiles/Rdot_gmp_kernel_openmp_05_orig.dir/gmp/00_Rdot/Rdot_gmp_kernel_openmp_05.cpp.o
[  9%] Building CXX object benchmarks/CMakeFiles/Rdot_gmp_kernel_openmp_05_mkII.dir/gmp/00_Rdot/Rdot_gmp_kernel_openmp_05.cpp.o
[  9%] Building CXX object benchmarks/CMakeFiles/Rdot_gmp_kernel_openmp_05_mkII_FIXED_PRECISION_FASTPATH.dir/gmp/00_Rdot/Rdot_gmp_kernel_openmp_05.cpp.o
[  9%] Linking CXX executable gmp/00_Rdot/Rdot_gmp_kernel_04_orig
[  9%] Built target Rdot_gmp_kernel_02_orig
[  9%] Built target Rdot_gmp_kernel_03_orig
[  9%] Building CXX object benchmarks/CMakeFiles/Rdot_gmp_kernel_openmp_06_orig.dir/gmp/00_Rdot/Rdot_gmp_kernel_openmp_06.cpp.o
[  9%] Building CXX object benchmarks/CMakeFiles/Rdot_gmp_kernel_openmp_06_mkII.dir/gmp/00_Rdot/Rdot_gmp_kernel_openmp_06.cpp.o
[  9%] Built target Rdot_gmp_kernel_04_orig
[  9%] Linking CXX executable gmp/00_Rdot/Rdot_gmp_kernel_05_orig
[  9%] Building CXX object benchmarks/CMakeFiles/Rdot_gmp_kernel_openmp_06_mkII_FIXED_PRECISION_FASTPATH.dir/gmp/00_Rdot/Rdot_gmp_kernel_openmp_06.cpp.o
[  9%] Linking CXX executable gmp/00_Rdot/Rdot_gmp_kernel_01_mkII
[  9%] Built target Rdot_gmp_kernel_05_orig
[  9%] Building CXX object benchmarks/CMakeFiles/Rdot_mpfr_C_native_01.dir/mpfr/00_Rdot/Rdot_mpfr_C_native_01.cpp.o
[  9%] Built target Rdot_gmp_kernel_01_mkII
[  9%] Building CXX object benchmarks/CMakeFiles/Rdot_mpfr_C_native_02.dir/mpfr/00_Rdot/Rdot_mpfr_C_native_02.cpp.o
[  9%] Linking CXX executable gmp/00_Rdot/Rdot_gmp_kernel_06_orig
[  9%] Linking CXX executable gmp/00_Rdot/Rdot_gmp_kernel_02_mkII
[ 10%] Linking CXX executable gmp/00_Rdot/Rdot_gmp_kernel_01_mkII_FIXED_PRECISION_FASTPATH
[ 11%] Linking CXX executable gmp/00_Rdot/Rdot_gmp_kernel_openmp_01_orig
[ 11%] Linking CXX executable gmp/00_Rdot/Rdot_gmp_kernel_03_mkII
[ 11%] Linking CXX executable gmp/00_Rdot/Rdot_gmp_kernel_02_mkII_FIXED_PRECISION_FASTPATH
[ 11%] Built target Rdot_gmp_kernel_06_orig
[ 11%] Built target Rdot_gmp_kernel_01_mkII_FIXED_PRECISION_FASTPATH
[ 12%] Building CXX object benchmarks/CMakeFiles/Rdot_mpfr_C_native_03.dir/mpfr/00_Rdot/Rdot_mpfr_C_native_03.cpp.o
[ 12%] Building CXX object benchmarks/CMakeFiles/Rdot_mpfr_C_native_04.dir/mpfr/00_Rdot/Rdot_mpfr_C_native_04.cpp.o
[ 12%] Linking CXX executable gmp/00_Rdot/Rdot_gmp_kernel_openmp_02_orig
[ 12%] Built target Rdot_gmp_kernel_02_mkII
[ 12%] Built target Rdot_gmp_kernel_openmp_01_orig
[ 12%] Built target Rdot_gmp_kernel_02_mkII_FIXED_PRECISION_FASTPATH
[ 12%] Built target Rdot_gmp_kernel_03_mkII
[ 12%] Building CXX object benchmarks/CMakeFiles/Rdot_mpfr_C_native_05.dir/mpfr/00_Rdot/Rdot_mpfr_C_native_05.cpp.o
[ 12%] Linking CXX executable gmp/00_Rdot/Rdot_gmp_kernel_03_mkII_FIXED_PRECISION_FASTPATH
[ 12%] Building CXX object benchmarks/CMakeFiles/Rdot_mpfr_C_native_05_FMA.dir/mpfr/00_Rdot/Rdot_mpfr_C_native_05_FMA.cpp.o
[ 12%] Building CXX object benchmarks/CMakeFiles/Rdot_mpfr_C_native_06.dir/mpfr/00_Rdot/Rdot_mpfr_C_native_06.cpp.o
[ 12%] Building CXX object benchmarks/CMakeFiles/Rdot_mpfr_C_native_06_FMA.dir/mpfr/00_Rdot/Rdot_mpfr_C_native_06_FMA.cpp.o
[ 12%] Linking CXX executable gmp/00_Rdot/Rdot_gmp_kernel_openmp_04_orig
[ 12%] Linking CXX executable gmp/00_Rdot/Rdot_gmp_kernel_04_mkII_FIXED_PRECISION_FASTPATH
[ 13%] Linking CXX executable gmp/00_Rdot/Rdot_gmp_kernel_openmp_05_orig
[ 13%] Built target Rdot_gmp_kernel_openmp_02_orig
[ 13%] Built target Rdot_gmp_kernel_03_mkII_FIXED_PRECISION_FASTPATH
[ 13%] Linking CXX executable gmp/00_Rdot/Rdot_gmp_kernel_04_mkII
[ 13%] Building CXX object benchmarks/CMakeFiles/Rdot_mpfr_C_native_01_FMA.dir/mpfr/00_Rdot/Rdot_mpfr_C_native_01_FMA.cpp.o
[ 14%] Building CXX object benchmarks/CMakeFiles/Rdot_mpfr_C_native_openmp_01.dir/mpfr/00_Rdot/Rdot_mpfr_C_native_openmp_01.cpp.o
[ 14%] Built target Rdot_gmp_kernel_openmp_04_orig
[ 14%] Linking CXX executable gmp/00_Rdot/Rdot_gmp_kernel_05_mkII
[ 14%] Building CXX object benchmarks/CMakeFiles/Rdot_mpfr_C_native_openmp_02.dir/mpfr/00_Rdot/Rdot_mpfr_C_native_openmp_02.cpp.o
[ 14%] Linking CXX executable gmp/00_Rdot/Rdot_gmp_kernel_openmp_06_orig
[ 15%] Linking CXX executable gmp/00_Rdot/Rdot_gmp_kernel_openmp_03_orig
[ 15%] Built target Rdot_gmp_kernel_openmp_05_orig
[ 15%] Building CXX object benchmarks/CMakeFiles/Rdot_mpfr_C_native_openmp_03.dir/mpfr/00_Rdot/Rdot_mpfr_C_native_openmp_03.cpp.o
[ 15%] Built target Rdot_gmp_kernel_04_mkII
[ 15%] Linking CXX executable gmp/00_Rdot/Rdot_gmp_kernel_05_mkII_FIXED_PRECISION_FASTPATH
[ 15%] Built target Rdot_gmp_kernel_04_mkII_FIXED_PRECISION_FASTPATH
[ 15%] Building CXX object benchmarks/CMakeFiles/Rdot_mpfr_C_native_openmp_04.dir/mpfr/00_Rdot/Rdot_mpfr_C_native_openmp_04.cpp.o
[ 15%] Built target Rdot_gmp_kernel_05_mkII
[ 15%] Building CXX object benchmarks/CMakeFiles/Rdot_mpfr_C_native_openmp_05.dir/mpfr/00_Rdot/Rdot_mpfr_C_native_openmp_05.cpp.o
[ 15%] Built target Rdot_gmp_kernel_openmp_03_orig
[ 15%] Built target Rdot_gmp_kernel_openmp_06_orig
[ 16%] Building CXX object benchmarks/CMakeFiles/Rdot_mpfr_C_native_openmp_05_FMA.dir/mpfr/00_Rdot/Rdot_mpfr_C_native_openmp_05_FMA.cpp.o
[ 16%] Linking CXX executable gmp/00_Rdot/Rdot_gmp_kernel_06_mkII_FIXED_PRECISION_FASTPATH
[ 16%] Building CXX object benchmarks/CMakeFiles/Rdot_mpfr_C_native_openmp_06.dir/mpfr/00_Rdot/Rdot_mpfr_C_native_openmp_06.cpp.o
[ 16%] Building CXX object benchmarks/CMakeFiles/Rdot_mpfr_C_native_openmp_06_FMA.dir/mpfr/00_Rdot/Rdot_mpfr_C_native_openmp_06_FMA.cpp.o
[ 16%] Linking CXX executable gmp/00_Rdot/Rdot_gmp_kernel_openmp_01_mkII
[ 16%] Linking CXX executable gmp/00_Rdot/Rdot_gmp_kernel_06_mkII
[ 16%] Built target Rdot_gmp_kernel_05_mkII_FIXED_PRECISION_FASTPATH
[ 16%] Built target Rdot_gmp_kernel_06_mkII_FIXED_PRECISION_FASTPATH
[ 16%] Linking CXX executable gmp/00_Rdot/Rdot_gmp_kernel_openmp_02_mkII
[ 16%] Building CXX object benchmarks/CMakeFiles/Rdot_mpfr_C_native_openmp_01_FMA.dir/mpfr/00_Rdot/Rdot_mpfr_C_native_openmp_01_FMA.cpp.o
[ 16%] Linking CXX executable gmp/00_Rdot/Rdot_gmp_kernel_openmp_03_mkII
[ 16%] Building CXX object benchmarks/CMakeFiles/Rdot_mpfr_kernel_01.dir/mpfr/00_Rdot/Rdot_mpfr_kernel_01.cpp.o
[ 16%] Linking CXX executable gmp/00_Rdot/Rdot_gmp_kernel_openmp_01_mkII_FIXED_PRECISION_FASTPATH
[ 16%] Linking CXX executable gmp/00_Rdot/Rdot_gmp_kernel_openmp_04_mkII
[ 16%] Built target Rdot_gmp_kernel_06_mkII
[ 16%] Linking CXX executable gmp/00_Rdot/Rdot_gmp_kernel_openmp_02_mkII_FIXED_PRECISION_FASTPATH
[ 16%] Linking CXX executable gmp/00_Rdot/Rdot_gmp_kernel_openmp_04_mkII_FIXED_PRECISION_FASTPATH
[ 16%] Linking CXX executable gmp/00_Rdot/Rdot_gmp_kernel_openmp_03_mkII_FIXED_PRECISION_FASTPATH
[ 16%] Building CXX object benchmarks/CMakeFiles/Rdot_mpfr_kernel_01_PRECISION.dir/mpfr/00_Rdot/Rdot_mpfr_kernel_01.cpp.o
[ 16%] Built target Rdot_gmp_kernel_openmp_02_mkII
[ 16%] Linking CXX executable gmp/00_Rdot/Rdot_gmp_kernel_openmp_05_mkII
[ 16%] Built target Rdot_gmp_kernel_openmp_01_mkII
[ 16%] Built target Rdot_gmp_kernel_openmp_03_mkII
[ 16%] Building CXX object benchmarks/CMakeFiles/Rdot_mpfr_kernel_01_ROUNDING.dir/mpfr/00_Rdot/Rdot_mpfr_kernel_01_ROUNDING.cpp.o
[ 16%] Built target Rdot_gmp_kernel_openmp_04_mkII
[ 16%] Building CXX object benchmarks/CMakeFiles/Rdot_mpfr_kernel_01_ROUNDING_PRECISION.dir/mpfr/00_Rdot/Rdot_mpfr_kernel_01_ROUNDING.cpp.o
[ 16%] Building CXX object benchmarks/CMakeFiles/Rdot_mpfr_kernel_02.dir/mpfr/00_Rdot/Rdot_mpfr_kernel_02.cpp.o
[ 16%] Built target Rdot_gmp_kernel_openmp_01_mkII_FIXED_PRECISION_FASTPATH
[ 16%] Building CXX object benchmarks/CMakeFiles/Rdot_mpfr_kernel_02_PRECISION.dir/mpfr/00_Rdot/Rdot_mpfr_kernel_02.cpp.o
[ 16%] Built target Rdot_gmp_kernel_openmp_02_mkII_FIXED_PRECISION_FASTPATH
[ 16%] Building CXX object benchmarks/CMakeFiles/Rdot_mpfr_kernel_02_ROUNDING.dir/mpfr/00_Rdot/Rdot_mpfr_kernel_02_ROUNDING.cpp.o
[ 16%] Built target Rdot_gmp_kernel_openmp_04_mkII_FIXED_PRECISION_FASTPATH
[ 16%] Building CXX object benchmarks/CMakeFiles/Rdot_mpfr_kernel_02_ROUNDING_PRECISION.dir/mpfr/00_Rdot/Rdot_mpfr_kernel_02_ROUNDING.cpp.o
[ 16%] Linking CXX executable gmp/00_Rdot/Rdot_gmp_kernel_openmp_05_mkII_FIXED_PRECISION_FASTPATH
[ 16%] Built target Rdot_gmp_kernel_openmp_05_mkII
[ 16%] Building CXX object benchmarks/CMakeFiles/Rdot_mpfr_kernel_03.dir/mpfr/00_Rdot/Rdot_mpfr_kernel_03.cpp.o
[ 16%] Built target Rdot_gmp_kernel_openmp_03_mkII_FIXED_PRECISION_FASTPATH
[ 16%] Linking CXX executable gmp/00_Rdot/Rdot_gmp_kernel_openmp_06_mkII
[ 16%] Building CXX object benchmarks/CMakeFiles/Rdot_mpfr_kernel_03_PRECISION.dir/mpfr/00_Rdot/Rdot_mpfr_kernel_03.cpp.o
[ 16%] Building CXX object benchmarks/CMakeFiles/Rdot_mpfr_kernel_03_ROUNDING.dir/mpfr/00_Rdot/Rdot_mpfr_kernel_03_ROUNDING.cpp.o
[ 16%] Built target Rdot_gmp_kernel_openmp_05_mkII_FIXED_PRECISION_FASTPATH
[ 16%] Building CXX object benchmarks/CMakeFiles/Rdot_mpfr_kernel_03_ROUNDING_PRECISION.dir/mpfr/00_Rdot/Rdot_mpfr_kernel_03_ROUNDING.cpp.o
[ 16%] Linking CXX executable gmp/00_Rdot/Rdot_gmp_kernel_openmp_06_mkII_FIXED_PRECISION_FASTPATH
[ 16%] Built target Rdot_gmp_kernel_openmp_06_mkII
[ 16%] Building CXX object benchmarks/CMakeFiles/Rdot_mpfr_kernel_04.dir/mpfr/00_Rdot/Rdot_mpfr_kernel_04.cpp.o
[ 16%] Built target Rdot_gmp_kernel_openmp_06_mkII_FIXED_PRECISION_FASTPATH
[ 16%] Building CXX object benchmarks/CMakeFiles/Rdot_mpfr_kernel_04_PRECISION.dir/mpfr/00_Rdot/Rdot_mpfr_kernel_04.cpp.o
[ 16%] Linking CXX executable mpfr/00_Rdot/Rdot_mpfr_C_native_01
[ 16%] Linking CXX executable mpfr/00_Rdot/Rdot_mpfr_C_native_02
[ 16%] Built target Rdot_mpfr_C_native_01
[ 17%] Building CXX object benchmarks/CMakeFiles/Rdot_mpfr_kernel_04_ROUNDING.dir/mpfr/00_Rdot/Rdot_mpfr_kernel_04_ROUNDING.cpp.o
[ 17%] Built target Rdot_mpfr_C_native_02
[ 17%] Building CXX object benchmarks/CMakeFiles/Rdot_mpfr_kernel_04_ROUNDING_PRECISION.dir/mpfr/00_Rdot/Rdot_mpfr_kernel_04_ROUNDING.cpp.o
[ 17%] Linking CXX executable mpfr/00_Rdot/Rdot_mpfr_C_native_03
[ 17%] Linking CXX executable mpfr/00_Rdot/Rdot_mpfr_C_native_04
[ 17%] Linking CXX executable mpfr/00_Rdot/Rdot_mpfr_C_native_05_FMA
[ 17%] Linking CXX executable mpfr/00_Rdot/Rdot_mpfr_C_native_05
[ 17%] Linking CXX executable mpfr/00_Rdot/Rdot_mpfr_C_native_06
[ 17%] Built target Rdot_mpfr_C_native_03
[ 17%] Building CXX object benchmarks/CMakeFiles/Rdot_mpfr_kernel_05.dir/mpfr/00_Rdot/Rdot_mpfr_kernel_05.cpp.o
[ 17%] Built target Rdot_mpfr_C_native_04
[ 17%] Building CXX object benchmarks/CMakeFiles/Rdot_mpfr_kernel_05_PRECISION.dir/mpfr/00_Rdot/Rdot_mpfr_kernel_05.cpp.o
[ 17%] Linking CXX executable mpfr/00_Rdot/Rdot_mpfr_C_native_01_FMA
[ 17%] Built target Rdot_mpfr_C_native_05
[ 17%] Built target Rdot_mpfr_C_native_05_FMA
[ 17%] Building CXX object benchmarks/CMakeFiles/Rdot_mpfr_kernel_05_ROUNDING.dir/mpfr/00_Rdot/Rdot_mpfr_kernel_05_ROUNDING.cpp.o
[ 18%] Building CXX object benchmarks/CMakeFiles/Rdot_mpfr_kernel_05_ROUNDING_PRECISION.dir/mpfr/00_Rdot/Rdot_mpfr_kernel_05_ROUNDING.cpp.o
[ 18%] Built target Rdot_mpfr_C_native_06
[ 18%] Linking CXX executable mpfr/00_Rdot/Rdot_mpfr_C_native_openmp_02
[ 18%] Building CXX object benchmarks/CMakeFiles/Rdot_mpfr_kernel_06.dir/mpfr/00_Rdot/Rdot_mpfr_kernel_06.cpp.o
[ 18%] Linking CXX executable mpfr/00_Rdot/Rdot_mpfr_C_native_openmp_01
[ 18%] Built target Rdot_mpfr_C_native_01_FMA
[ 18%] Building CXX object benchmarks/CMakeFiles/Rdot_mpfr_kernel_06_PRECISION.dir/mpfr/00_Rdot/Rdot_mpfr_kernel_06.cpp.o
[ 18%] Linking CXX executable mpfr/00_Rdot/Rdot_mpfr_C_native_openmp_05
[ 18%] Linking CXX executable mpfr/00_Rdot/Rdot_mpfr_C_native_openmp_03
[ 18%] Built target Rdot_mpfr_C_native_openmp_02
[ 18%] Linking CXX executable mpfr/00_Rdot/Rdot_mpfr_C_native_openmp_04
[ 18%] Building CXX object benchmarks/CMakeFiles/Rdot_mpfr_kernel_06_ROUNDING.dir/mpfr/00_Rdot/Rdot_mpfr_kernel_06_ROUNDING.cpp.o
[ 18%] Built target Rdot_mpfr_C_native_openmp_01
[ 18%] Linking CXX executable mpfr/00_Rdot/Rdot_mpfr_C_native_06_FMA
[ 18%] Linking CXX executable mpfr/00_Rdot/Rdot_mpfr_C_native_openmp_06
[ 18%] Built target Rdot_mpfr_C_native_openmp_05
[ 19%] Building CXX object benchmarks/CMakeFiles/Rdot_mpfr_kernel_06_ROUNDING_PRECISION.dir/mpfr/00_Rdot/Rdot_mpfr_kernel_06_ROUNDING.cpp.o
[ 19%] Building CXX object benchmarks/CMakeFiles/Rdot_mpfr_kernel_01_PRECISION_FMA.dir/mpfr/00_Rdot/Rdot_mpfr_kernel_01.cpp.o
[ 19%] Linking CXX executable mpfr/00_Rdot/Rdot_mpfr_C_native_openmp_06_FMA
[ 19%] Built target Rdot_mpfr_C_native_openmp_03
[ 19%] Built target Rdot_mpfr_C_native_openmp_04
[ 19%] Linking CXX executable mpfr/00_Rdot/Rdot_mpfr_C_native_openmp_05_FMA
[ 19%] Building CXX object benchmarks/CMakeFiles/Rdot_mpfr_kernel_01_ROUNDING_PRECISION_FMA.dir/mpfr/00_Rdot/Rdot_mpfr_kernel_01_ROUNDING.cpp.o
[ 19%] Linking CXX executable mpfr/00_Rdot/Rdot_mpfr_C_native_openmp_01_FMA
[ 19%] Building CXX object benchmarks/CMakeFiles/Rdot_mpfr_kernel_05_PRECISION_FMA.dir/mpfr/00_Rdot/Rdot_mpfr_kernel_05.cpp.o
[ 19%] Built target Rdot_mpfr_C_native_openmp_06
[ 19%] Linking CXX executable mpfr/00_Rdot/Rdot_mpfr_kernel_01
[ 19%] Building CXX object benchmarks/CMakeFiles/Rdot_mpfr_kernel_05_ROUNDING_PRECISION_FMA.dir/mpfr/00_Rdot/Rdot_mpfr_kernel_05_ROUNDING.cpp.o
[ 19%] Built target Rdot_mpfr_C_native_openmp_06_FMA
[ 19%] Built target Rdot_mpfr_C_native_06_FMA
[ 19%] Built target Rdot_mpfr_C_native_openmp_05_FMA
[ 19%] Built target Rdot_mpfr_C_native_openmp_01_FMA
[ 19%] Building CXX object benchmarks/CMakeFiles/Rdot_mpfr_kernel_06_ROUNDING_PRECISION_FMA.dir/mpfr/00_Rdot/Rdot_mpfr_kernel_06_ROUNDING.cpp.o
[ 19%] Building CXX object benchmarks/CMakeFiles/Rdot_mpfr_kernel_06_PRECISION_FMA.dir/mpfr/00_Rdot/Rdot_mpfr_kernel_06.cpp.o
[ 19%] Building CXX object benchmarks/CMakeFiles/Rdot_mpfr_kernel_openmp_01.dir/mpfr/00_Rdot/Rdot_mpfr_kernel_openmp_01.cpp.o
[ 19%] Building CXX object benchmarks/CMakeFiles/Rdot_mpfr_kernel_openmp_01_PRECISION.dir/mpfr/00_Rdot/Rdot_mpfr_kernel_openmp_01.cpp.o
[ 19%] Linking CXX executable mpfr/00_Rdot/Rdot_mpfr_kernel_01_PRECISION
[ 19%] Built target Rdot_mpfr_kernel_01
[ 19%] Linking CXX executable mpfr/00_Rdot/Rdot_mpfr_kernel_02
[ 19%] Building CXX object benchmarks/CMakeFiles/Rdot_mpfr_kernel_openmp_01_ROUNDING.dir/mpfr/00_Rdot/Rdot_mpfr_kernel_openmp_01_ROUNDING.cpp.o
[ 20%] Linking CXX executable mpfr/00_Rdot/Rdot_mpfr_kernel_01_ROUNDING
[ 20%] Linking CXX executable mpfr/00_Rdot/Rdot_mpfr_kernel_02_ROUNDING
[ 20%] Linking CXX executable mpfr/00_Rdot/Rdot_mpfr_kernel_02_PRECISION
[ 20%] Linking CXX executable mpfr/00_Rdot/Rdot_mpfr_kernel_01_ROUNDING_PRECISION
[ 21%] Linking CXX executable mpfr/00_Rdot/Rdot_mpfr_kernel_02_ROUNDING_PRECISION
[ 21%] Built target Rdot_mpfr_kernel_01_PRECISION
[ 21%] Linking CXX executable mpfr/00_Rdot/Rdot_mpfr_kernel_03
[ 21%] Linking CXX executable mpfr/00_Rdot/Rdot_mpfr_kernel_03_ROUNDING
[ 21%] Building CXX object benchmarks/CMakeFiles/Rdot_mpfr_kernel_openmp_01_ROUNDING_PRECISION.dir/mpfr/00_Rdot/Rdot_mpfr_kernel_openmp_01_ROUNDING.cpp.o
[ 21%] Linking CXX executable mpfr/00_Rdot/Rdot_mpfr_kernel_03_PRECISION
[ 21%] Built target Rdot_mpfr_kernel_02_ROUNDING
[ 21%] Built target Rdot_mpfr_kernel_01_ROUNDING
[ 21%] Built target Rdot_mpfr_kernel_02
[ 21%] Built target Rdot_mpfr_kernel_02_PRECISION
[ 21%] Building CXX object benchmarks/CMakeFiles/Rdot_mpfr_kernel_openmp_02.dir/mpfr/00_Rdot/Rdot_mpfr_kernel_openmp_02.cpp.o
[ 21%] Built target Rdot_mpfr_kernel_01_ROUNDING_PRECISION
[ 21%] Building CXX object benchmarks/CMakeFiles/Rdot_mpfr_kernel_openmp_02_PRECISION.dir/mpfr/00_Rdot/Rdot_mpfr_kernel_openmp_02.cpp.o
[ 21%] Building CXX object benchmarks/CMakeFiles/Rdot_mpfr_kernel_openmp_02_ROUNDING.dir/mpfr/00_Rdot/Rdot_mpfr_kernel_openmp_02_ROUNDING.cpp.o
[ 21%] Building CXX object benchmarks/CMakeFiles/Rdot_mpfr_kernel_openmp_02_ROUNDING_PRECISION.dir/mpfr/00_Rdot/Rdot_mpfr_kernel_openmp_02_ROUNDING.cpp.o
[ 21%] Built target Rdot_mpfr_kernel_02_ROUNDING_PRECISION
[ 21%] Building CXX object benchmarks/CMakeFiles/Rdot_mpfr_kernel_openmp_03.dir/mpfr/00_Rdot/Rdot_mpfr_kernel_openmp_03.cpp.o
[ 21%] Built target Rdot_mpfr_kernel_03
[ 21%] Linking CXX executable mpfr/00_Rdot/Rdot_mpfr_kernel_03_ROUNDING_PRECISION
[ 21%] Building CXX object benchmarks/CMakeFiles/Rdot_mpfr_kernel_openmp_03_PRECISION.dir/mpfr/00_Rdot/Rdot_mpfr_kernel_openmp_03.cpp.o
[ 21%] Built target Rdot_mpfr_kernel_03_ROUNDING
[ 21%] Building CXX object benchmarks/CMakeFiles/Rdot_mpfr_kernel_openmp_03_ROUNDING.dir/mpfr/00_Rdot/Rdot_mpfr_kernel_openmp_03_ROUNDING.cpp.o
[ 21%] Building CXX object benchmarks/CMakeFiles/Rdot_mpfr_kernel_openmp_03_ROUNDING_PRECISION.dir/mpfr/00_Rdot/Rdot_mpfr_kernel_openmp_03_ROUNDING.cpp.o
[ 21%] Built target Rdot_mpfr_kernel_03_PRECISION
[ 21%] Building CXX object benchmarks/CMakeFiles/Rdot_mpfr_kernel_openmp_04.dir/mpfr/00_Rdot/Rdot_mpfr_kernel_openmp_04.cpp.o
[ 21%] Built target Rdot_mpfr_kernel_03_ROUNDING_PRECISION
[ 21%] Building CXX object benchmarks/CMakeFiles/Rdot_mpfr_kernel_openmp_04_PRECISION.dir/mpfr/00_Rdot/Rdot_mpfr_kernel_openmp_04.cpp.o
[ 21%] Linking CXX executable mpfr/00_Rdot/Rdot_mpfr_kernel_04_PRECISION
[ 21%] Linking CXX executable mpfr/00_Rdot/Rdot_mpfr_kernel_04
[ 21%] Linking CXX executable mpfr/00_Rdot/Rdot_mpfr_kernel_04_ROUNDING
[ 21%] Built target Rdot_mpfr_kernel_04_PRECISION
[ 21%] Building CXX object benchmarks/CMakeFiles/Rdot_mpfr_kernel_openmp_04_ROUNDING.dir/mpfr/00_Rdot/Rdot_mpfr_kernel_openmp_04_ROUNDING.cpp.o
[ 21%] Built target Rdot_mpfr_kernel_04
[ 21%] Linking CXX executable mpfr/00_Rdot/Rdot_mpfr_kernel_04_ROUNDING_PRECISION
[ 22%] Building CXX object benchmarks/CMakeFiles/Rdot_mpfr_kernel_openmp_04_ROUNDING_PRECISION.dir/mpfr/00_Rdot/Rdot_mpfr_kernel_openmp_04_ROUNDING.cpp.o
[ 22%] Built target Rdot_mpfr_kernel_04_ROUNDING
[ 22%] Building CXX object benchmarks/CMakeFiles/Rdot_mpfr_kernel_openmp_05.dir/mpfr/00_Rdot/Rdot_mpfr_kernel_openmp_05.cpp.o
[ 22%] Built target Rdot_mpfr_kernel_04_ROUNDING_PRECISION
[ 22%] Building CXX object benchmarks/CMakeFiles/Rdot_mpfr_kernel_openmp_05_PRECISION.dir/mpfr/00_Rdot/Rdot_mpfr_kernel_openmp_05.cpp.o
[ 22%] Linking CXX executable mpfr/00_Rdot/Rdot_mpfr_kernel_05_ROUNDING
[ 22%] Linking CXX executable mpfr/00_Rdot/Rdot_mpfr_kernel_05_PRECISION
[ 22%] Linking CXX executable mpfr/00_Rdot/Rdot_mpfr_kernel_05_ROUNDING_PRECISION
[ 22%] Linking CXX executable mpfr/00_Rdot/Rdot_mpfr_kernel_05
[ 22%] Built target Rdot_mpfr_kernel_05_ROUNDING
[ 22%] Built target Rdot_mpfr_kernel_05_PRECISION
[ 22%] Building CXX object benchmarks/CMakeFiles/Rdot_mpfr_kernel_openmp_05_ROUNDING.dir/mpfr/00_Rdot/Rdot_mpfr_kernel_openmp_05_ROUNDING.cpp.o
[ 22%] Linking CXX executable mpfr/00_Rdot/Rdot_mpfr_kernel_01_PRECISION_FMA
[ 22%] Linking CXX executable mpfr/00_Rdot/Rdot_mpfr_kernel_06_PRECISION
[ 22%] Built target Rdot_mpfr_kernel_05_ROUNDING_PRECISION
[ 22%] Building CXX object benchmarks/CMakeFiles/Rdot_mpfr_kernel_openmp_05_ROUNDING_PRECISION.dir/mpfr/00_Rdot/Rdot_mpfr_kernel_openmp_05_ROUNDING.cpp.o
[ 22%] Linking CXX executable mpfr/00_Rdot/Rdot_mpfr_kernel_01_ROUNDING_PRECISION_FMA
[ 22%] Building CXX object benchmarks/CMakeFiles/Rdot_mpfr_kernel_openmp_06.dir/mpfr/00_Rdot/Rdot_mpfr_kernel_openmp_06.cpp.o
[ 22%] Linking CXX executable mpfr/00_Rdot/Rdot_mpfr_kernel_06
[ 22%] Built target Rdot_mpfr_kernel_05
[ 22%] Linking CXX executable mpfr/00_Rdot/Rdot_mpfr_kernel_06_ROUNDING
[ 22%] Building CXX object benchmarks/CMakeFiles/Rdot_mpfr_kernel_openmp_06_PRECISION.dir/mpfr/00_Rdot/Rdot_mpfr_kernel_openmp_06.cpp.o
[ 22%] Built target Rdot_mpfr_kernel_06_PRECISION
[ 22%] Linking CXX executable mpfr/00_Rdot/Rdot_mpfr_kernel_06_ROUNDING_PRECISION
[ 22%] Building CXX object benchmarks/CMakeFiles/Rdot_mpfr_kernel_openmp_06_ROUNDING.dir/mpfr/00_Rdot/Rdot_mpfr_kernel_openmp_06_ROUNDING.cpp.o
[ 22%] Built target Rdot_mpfr_kernel_01_ROUNDING_PRECISION_FMA
[ 22%] Built target Rdot_mpfr_kernel_01_PRECISION_FMA
[ 22%] Built target Rdot_mpfr_kernel_06_ROUNDING
[ 22%] Built target Rdot_mpfr_kernel_06
[ 22%] Building CXX object benchmarks/CMakeFiles/Rdot_mpfr_kernel_openmp_01_PRECISION_FMA.dir/mpfr/00_Rdot/Rdot_mpfr_kernel_openmp_01.cpp.o
[ 22%] Building CXX object benchmarks/CMakeFiles/Rdot_mpfr_kernel_openmp_06_ROUNDING_PRECISION.dir/mpfr/00_Rdot/Rdot_mpfr_kernel_openmp_06_ROUNDING.cpp.o
[ 22%] Linking CXX executable mpfr/00_Rdot/Rdot_mpfr_kernel_05_ROUNDING_PRECISION_FMA
[ 22%] Building CXX object benchmarks/CMakeFiles/Rdot_mpfr_kernel_openmp_01_ROUNDING_PRECISION_FMA.dir/mpfr/00_Rdot/Rdot_mpfr_kernel_openmp_01_ROUNDING.cpp.o
[ 22%] Building CXX object benchmarks/CMakeFiles/Rdot_mpfr_kernel_openmp_05_PRECISION_FMA.dir/mpfr/00_Rdot/Rdot_mpfr_kernel_openmp_05.cpp.o
[ 22%] Linking CXX executable mpfr/00_Rdot/Rdot_mpfr_kernel_06_ROUNDING_PRECISION_FMA
[ 22%] Built target Rdot_mpfr_kernel_06_ROUNDING_PRECISION
[ 22%] Linking CXX executable mpfr/00_Rdot/Rdot_mpfr_kernel_05_PRECISION_FMA
[ 23%] Building CXX object benchmarks/CMakeFiles/Rdot_mpfr_kernel_openmp_05_ROUNDING_PRECISION_FMA.dir/mpfr/00_Rdot/Rdot_mpfr_kernel_openmp_05_ROUNDING.cpp.o
[ 23%] Built target Rdot_mpfr_kernel_05_ROUNDING_PRECISION_FMA
[ 23%] Built target Rdot_mpfr_kernel_06_ROUNDING_PRECISION_FMA
[ 23%] Linking CXX executable mpfr/00_Rdot/Rdot_mpfr_kernel_openmp_01_ROUNDING
[ 23%] Linking CXX executable mpfr/00_Rdot/Rdot_mpfr_kernel_openmp_01_PRECISION
[ 23%] Building CXX object benchmarks/CMakeFiles/Rdot_mpfr_kernel_openmp_06_PRECISION_FMA.dir/mpfr/00_Rdot/Rdot_mpfr_kernel_openmp_06.cpp.o
[ 23%] Built target Rdot_mpfr_kernel_05_PRECISION_FMA
[ 24%] Building CXX object benchmarks/CMakeFiles/Rdot_mpfr_kernel_openmp_06_ROUNDING_PRECISION_FMA.dir/mpfr/00_Rdot/Rdot_mpfr_kernel_openmp_06_ROUNDING.cpp.o
[ 24%] Linking CXX executable mpfr/00_Rdot/Rdot_mpfr_kernel_openmp_01
[ 24%] Building CXX object benchmarks/CMakeFiles/Raxpy_mpfr_C_native_01.dir/mpfr/01_Raxpy/Raxpy_mpfr_C_native_01.cpp.o
[ 24%] Linking CXX executable mpfr/00_Rdot/Rdot_mpfr_kernel_06_PRECISION_FMA
[ 25%] Linking CXX executable mpfr/00_Rdot/Rdot_mpfr_kernel_openmp_01_ROUNDING_PRECISION
[ 25%] Built target Rdot_mpfr_kernel_openmp_01_ROUNDING
[ 25%] Built target Rdot_mpfr_kernel_openmp_01
[ 25%] Built target Rdot_mpfr_kernel_openmp_01_PRECISION
[ 25%] Building CXX object benchmarks/CMakeFiles/Raxpy_mpfr_C_native_02.dir/mpfr/01_Raxpy/Raxpy_mpfr_C_native_02.cpp.o
[ 25%] Building CXX object benchmarks/CMakeFiles/Raxpy_mpfr_C_native_03.dir/mpfr/01_Raxpy/Raxpy_mpfr_C_native_03.cpp.o
[ 25%] Built target Rdot_mpfr_kernel_06_PRECISION_FMA
[ 25%] Linking CXX executable mpfr/00_Rdot/Rdot_mpfr_kernel_openmp_02_ROUNDING
[ 25%] Building CXX object benchmarks/CMakeFiles/Raxpy_mpfr_C_native_04.dir/mpfr/01_Raxpy/Raxpy_mpfr_C_native_04.cpp.o
[ 25%] Linking CXX executable mpfr/00_Rdot/Rdot_mpfr_kernel_openmp_02_ROUNDING_PRECISION
[ 25%] Linking CXX executable mpfr/00_Rdot/Rdot_mpfr_kernel_openmp_02
[ 25%] Linking CXX executable mpfr/00_Rdot/Rdot_mpfr_kernel_openmp_02_PRECISION
[ 25%] Building CXX object benchmarks/CMakeFiles/Raxpy_mpfr_C_native_01_FMA.dir/mpfr/01_Raxpy/Raxpy_mpfr_C_native_01_FMA.cpp.o
[ 25%] Built target Rdot_mpfr_kernel_openmp_01_ROUNDING_PRECISION
[ 26%] Linking CXX executable mpfr/00_Rdot/Rdot_mpfr_kernel_openmp_03
[ 26%] Building CXX object benchmarks/CMakeFiles/Raxpy_mpfr_C_native_packed_custom_layout_FMA.dir/mpfr/01_Raxpy/Raxpy_mpfr_C_native_packed_custom_layout_FMA.cpp.o
[ 26%] Linking CXX executable mpfr/00_Rdot/Rdot_mpfr_kernel_openmp_03_ROUNDING
[ 26%] Linking CXX executable mpfr/00_Rdot/Rdot_mpfr_kernel_openmp_03_PRECISION
[ 26%] Built target Rdot_mpfr_kernel_openmp_02_ROUNDING
[ 26%] Linking CXX executable mpfr/00_Rdot/Rdot_mpfr_kernel_openmp_03_ROUNDING_PRECISION
[ 27%] Building CXX object benchmarks/CMakeFiles/Raxpy_mpfr_C_native_openmp_01.dir/mpfr/01_Raxpy/Raxpy_mpfr_C_native_openmp_01.cpp.o
[ 27%] Built target Rdot_mpfr_kernel_openmp_02_ROUNDING_PRECISION
[ 27%] Built target Rdot_mpfr_kernel_openmp_02
[ 27%] Built target Rdot_mpfr_kernel_openmp_02_PRECISION
[ 27%] Building CXX object benchmarks/CMakeFiles/Raxpy_mpfr_C_native_openmp_02.dir/mpfr/01_Raxpy/Raxpy_mpfr_C_native_openmp_02.cpp.o
[ 27%] Building CXX object benchmarks/CMakeFiles/Raxpy_mpfr_C_native_openmp_03.dir/mpfr/01_Raxpy/Raxpy_mpfr_C_native_openmp_03.cpp.o
[ 27%] Building CXX object benchmarks/CMakeFiles/Raxpy_mpfr_C_native_openmp_04.dir/mpfr/01_Raxpy/Raxpy_mpfr_C_native_openmp_04.cpp.o
[ 27%] Built target Rdot_mpfr_kernel_openmp_03
[ 27%] Linking CXX executable mpfr/00_Rdot/Rdot_mpfr_kernel_openmp_04
[ 27%] Built target Rdot_mpfr_kernel_openmp_03_ROUNDING
[ 27%] Building CXX object benchmarks/CMakeFiles/Raxpy_mpfr_C_native_openmp_01_FMA.dir/mpfr/01_Raxpy/Raxpy_mpfr_C_native_openmp_01_FMA.cpp.o
[ 28%] Building CXX object benchmarks/CMakeFiles/Raxpy_mpfr_kernel_01.dir/mpfr/01_Raxpy/Raxpy_mpfr_kernel_01.cpp.o
[ 28%] Built target Rdot_mpfr_kernel_openmp_03_ROUNDING_PRECISION
[ 28%] Built target Rdot_mpfr_kernel_openmp_03_PRECISION
[ 28%] Linking CXX executable mpfr/00_Rdot/Rdot_mpfr_kernel_openmp_04_PRECISION
[ 28%] Building CXX object benchmarks/CMakeFiles/Raxpy_mpfr_kernel_01_PRECISION.dir/mpfr/01_Raxpy/Raxpy_mpfr_kernel_01.cpp.o
[ 28%] Building CXX object benchmarks/CMakeFiles/Raxpy_mpfr_kernel_01_ROUNDING.dir/mpfr/01_Raxpy/Raxpy_mpfr_kernel_01_ROUNDING.cpp.o
[ 28%] Built target Rdot_mpfr_kernel_openmp_04
[ 28%] Building CXX object benchmarks/CMakeFiles/Raxpy_mpfr_kernel_01_ROUNDING_PRECISION.dir/mpfr/01_Raxpy/Raxpy_mpfr_kernel_01_ROUNDING.cpp.o
[ 28%] Built target Rdot_mpfr_kernel_openmp_04_PRECISION
[ 28%] Building CXX object benchmarks/CMakeFiles/Raxpy_mpfr_kernel_01_PRECISION_FMA.dir/mpfr/01_Raxpy/Raxpy_mpfr_kernel_01.cpp.o
[ 28%] Linking CXX executable mpfr/00_Rdot/Rdot_mpfr_kernel_openmp_04_ROUNDING
[ 28%] Linking CXX executable mpfr/00_Rdot/Rdot_mpfr_kernel_openmp_04_ROUNDING_PRECISION
[ 28%] Built target Rdot_mpfr_kernel_openmp_04_ROUNDING
[ 28%] Building CXX object benchmarks/CMakeFiles/Raxpy_mpfr_kernel_01_ROUNDING_PRECISION_FMA.dir/mpfr/01_Raxpy/Raxpy_mpfr_kernel_01_ROUNDING.cpp.o
[ 28%] Built target Rdot_mpfr_kernel_openmp_04_ROUNDING_PRECISION
[ 28%] Building CXX object benchmarks/CMakeFiles/Raxpy_mpfr_kernel_02.dir/mpfr/01_Raxpy/Raxpy_mpfr_kernel_02.cpp.o
[ 28%] Linking CXX executable mpfr/00_Rdot/Rdot_mpfr_kernel_openmp_05_PRECISION
[ 28%] Built target Rdot_mpfr_kernel_openmp_05_PRECISION
[ 28%] Building CXX object benchmarks/CMakeFiles/Raxpy_mpfr_kernel_02_PRECISION.dir/mpfr/01_Raxpy/Raxpy_mpfr_kernel_02.cpp.o
[ 28%] Linking CXX executable mpfr/00_Rdot/Rdot_mpfr_kernel_openmp_05
[ 28%] Linking CXX executable mpfr/00_Rdot/Rdot_mpfr_kernel_openmp_05_ROUNDING_PRECISION
[ 28%] Linking CXX executable mpfr/00_Rdot/Rdot_mpfr_kernel_openmp_05_ROUNDING
[ 28%] Built target Rdot_mpfr_kernel_openmp_05
[ 28%] Linking CXX executable mpfr/00_Rdot/Rdot_mpfr_kernel_openmp_01_ROUNDING_PRECISION_FMA
[ 28%] Built target Rdot_mpfr_kernel_openmp_05_ROUNDING_PRECISION
[ 28%] Building CXX object benchmarks/CMakeFiles/Raxpy_mpfr_kernel_02_ROUNDING.dir/mpfr/01_Raxpy/Raxpy_mpfr_kernel_02_ROUNDING.cpp.o
[ 28%] Built target Rdot_mpfr_kernel_openmp_05_ROUNDING
[ 28%] Building CXX object benchmarks/CMakeFiles/Raxpy_mpfr_kernel_02_ROUNDING_PRECISION.dir/mpfr/01_Raxpy/Raxpy_mpfr_kernel_02_ROUNDING.cpp.o
[ 28%] Building CXX object benchmarks/CMakeFiles/Raxpy_mpfr_kernel_03.dir/mpfr/01_Raxpy/Raxpy_mpfr_kernel_03.cpp.o
[ 28%] Linking CXX executable mpfr/00_Rdot/Rdot_mpfr_kernel_openmp_06_ROUNDING
[ 28%] Linking CXX executable mpfr/00_Rdot/Rdot_mpfr_kernel_openmp_06_PRECISION
[ 28%] Linking CXX executable mpfr/00_Rdot/Rdot_mpfr_kernel_openmp_06
[ 28%] Linking CXX executable mpfr/00_Rdot/Rdot_mpfr_kernel_openmp_01_PRECISION_FMA
[ 28%] Linking CXX executable mpfr/01_Raxpy/Raxpy_mpfr_C_native_01
[ 28%] Built target Rdot_mpfr_kernel_openmp_01_ROUNDING_PRECISION_FMA
[ 28%] Linking CXX executable mpfr/00_Rdot/Rdot_mpfr_kernel_openmp_05_ROUNDING_PRECISION_FMA
[ 28%] Building CXX object benchmarks/CMakeFiles/Raxpy_mpfr_kernel_03_PRECISION.dir/mpfr/01_Raxpy/Raxpy_mpfr_kernel_03.cpp.o
[ 28%] Built target Rdot_mpfr_kernel_openmp_06_ROUNDING
[ 28%] Built target Rdot_mpfr_kernel_openmp_06_PRECISION
[ 28%] Built target Rdot_mpfr_kernel_openmp_06
[ 28%] Building CXX object benchmarks/CMakeFiles/Raxpy_mpfr_kernel_03_ROUNDING.dir/mpfr/01_Raxpy/Raxpy_mpfr_kernel_03_ROUNDING.cpp.o
[ 28%] Building CXX object benchmarks/CMakeFiles/Raxpy_mpfr_kernel_03_ROUNDING_PRECISION.dir/mpfr/01_Raxpy/Raxpy_mpfr_kernel_03_ROUNDING.cpp.o
[ 28%] Built target Rdot_mpfr_kernel_openmp_01_PRECISION_FMA
[ 28%] Linking CXX executable mpfr/00_Rdot/Rdot_mpfr_kernel_openmp_05_PRECISION_FMA
[ 28%] Building CXX object benchmarks/CMakeFiles/Raxpy_mpfr_kernel_04.dir/mpfr/01_Raxpy/Raxpy_mpfr_kernel_04.cpp.o
[ 28%] Linking CXX executable mpfr/00_Rdot/Rdot_mpfr_kernel_openmp_06_ROUNDING_PRECISION
[ 28%] Built target Raxpy_mpfr_C_native_01
[ 28%] Linking CXX executable mpfr/00_Rdot/Rdot_mpfr_kernel_openmp_06_ROUNDING_PRECISION_FMA
[ 28%] Building CXX object benchmarks/CMakeFiles/Raxpy_mpfr_kernel_04_PRECISION.dir/mpfr/01_Raxpy/Raxpy_mpfr_kernel_04.cpp.o
[ 28%] Linking CXX executable mpfr/01_Raxpy/Raxpy_mpfr_C_native_04
[ 28%] Linking CXX executable mpfr/01_Raxpy/Raxpy_mpfr_C_native_03
[ 28%] Building CXX object benchmarks/CMakeFiles/Raxpy_mpfr_kernel_04_ROUNDING.dir/mpfr/01_Raxpy/Raxpy_mpfr_kernel_04_ROUNDING.cpp.o
[ 28%] Linking CXX executable mpfr/01_Raxpy/Raxpy_mpfr_C_native_02
[ 28%] Built target Rdot_mpfr_kernel_openmp_05_ROUNDING_PRECISION_FMA
[ 28%] Building CXX object benchmarks/CMakeFiles/Raxpy_mpfr_kernel_04_ROUNDING_PRECISION.dir/mpfr/01_Raxpy/Raxpy_mpfr_kernel_04_ROUNDING.cpp.o
[ 28%] Linking CXX executable mpfr/01_Raxpy/Raxpy_mpfr_C_native_packed_custom_layout_FMA
[ 28%] Linking CXX executable mpfr/00_Rdot/Rdot_mpfr_kernel_openmp_06_PRECISION_FMA
[ 28%] Built target Raxpy_mpfr_C_native_04
[ 28%] Built target Rdot_mpfr_kernel_openmp_06_ROUNDING_PRECISION
[ 28%] Built target Rdot_mpfr_kernel_openmp_06_ROUNDING_PRECISION_FMA
[ 28%] Built target Rdot_mpfr_kernel_openmp_05_PRECISION_FMA
[ 28%] Built target Raxpy_mpfr_C_native_03
[ 28%] Building CXX object benchmarks/CMakeFiles/Raxpy_mpfr_kernel_openmp_01.dir/mpfr/01_Raxpy/Raxpy_mpfr_kernel_openmp_01.cpp.o
[ 28%] Built target Raxpy_mpfr_C_native_02
[ 28%] Building CXX object benchmarks/CMakeFiles/Raxpy_mpfr_kernel_openmp_01_PRECISION.dir/mpfr/01_Raxpy/Raxpy_mpfr_kernel_openmp_01.cpp.o
[ 28%] Building CXX object benchmarks/CMakeFiles/Raxpy_mpfr_kernel_openmp_01_ROUNDING.dir/mpfr/01_Raxpy/Raxpy_mpfr_kernel_openmp_01_ROUNDING.cpp.o
[ 28%] Building CXX object benchmarks/CMakeFiles/Raxpy_mpfr_kernel_openmp_01_ROUNDING_PRECISION.dir/mpfr/01_Raxpy/Raxpy_mpfr_kernel_openmp_01_ROUNDING.cpp.o
[ 28%] Building CXX object benchmarks/CMakeFiles/Raxpy_mpfr_kernel_openmp_01_PRECISION_FMA.dir/mpfr/01_Raxpy/Raxpy_mpfr_kernel_openmp_01.cpp.o
[ 28%] Linking CXX executable mpfr/01_Raxpy/Raxpy_mpfr_kernel_01
[ 28%] Building CXX object benchmarks/CMakeFiles/Raxpy_mpfr_kernel_openmp_01_ROUNDING_PRECISION_FMA.dir/mpfr/01_Raxpy/Raxpy_mpfr_kernel_openmp_01_ROUNDING.cpp.o
[ 28%] Linking CXX executable mpfr/01_Raxpy/Raxpy_mpfr_kernel_01_ROUNDING
[ 28%] Linking CXX executable mpfr/01_Raxpy/Raxpy_mpfr_C_native_openmp_02
[ 28%] Built target Raxpy_mpfr_C_native_packed_custom_layout_FMA
[ 28%] Linking CXX executable mpfr/01_Raxpy/Raxpy_mpfr_C_native_openmp_04
[ 28%] Building CXX object benchmarks/CMakeFiles/Raxpy_mpfr_kernel_openmp_02.dir/mpfr/01_Raxpy/Raxpy_mpfr_kernel_openmp_02.cpp.o
[ 28%] Linking CXX executable mpfr/01_Raxpy/Raxpy_mpfr_C_native_openmp_03
[ 28%] Linking CXX executable mpfr/01_Raxpy/Raxpy_mpfr_kernel_01_PRECISION
[ 28%] Built target Rdot_mpfr_kernel_openmp_06_PRECISION_FMA
[ 28%] Linking CXX executable mpfr/01_Raxpy/Raxpy_mpfr_C_native_openmp_01_FMA
[ 29%] Building CXX object benchmarks/CMakeFiles/Raxpy_mpfr_kernel_openmp_02_PRECISION.dir/mpfr/01_Raxpy/Raxpy_mpfr_kernel_openmp_02.cpp.o
[ 29%] Built target Raxpy_mpfr_kernel_01
[ 29%] Linking CXX executable mpfr/01_Raxpy/Raxpy_mpfr_kernel_01_ROUNDING_PRECISION
[ 29%] Built target Raxpy_mpfr_C_native_openmp_02
[ 29%] Building CXX object benchmarks/CMakeFiles/Raxpy_mpfr_kernel_openmp_02_ROUNDING.dir/mpfr/01_Raxpy/Raxpy_mpfr_kernel_openmp_02_ROUNDING.cpp.o
[ 29%] Building CXX object benchmarks/CMakeFiles/Raxpy_mpfr_kernel_openmp_02_ROUNDING_PRECISION.dir/mpfr/01_Raxpy/Raxpy_mpfr_kernel_openmp_02_ROUNDING.cpp.o
[ 29%] Built target Raxpy_mpfr_C_native_openmp_04
[ 29%] Built target Raxpy_mpfr_C_native_openmp_03
[ 29%] Built target Raxpy_mpfr_kernel_01_PRECISION
[ 29%] Built target Raxpy_mpfr_kernel_01_ROUNDING
[ 29%] Building CXX object benchmarks/CMakeFiles/Raxpy_mpfr_kernel_openmp_03.dir/mpfr/01_Raxpy/Raxpy_mpfr_kernel_openmp_03.cpp.o
[ 29%] Building CXX object benchmarks/CMakeFiles/Raxpy_mpfr_kernel_openmp_03_PRECISION.dir/mpfr/01_Raxpy/Raxpy_mpfr_kernel_openmp_03.cpp.o
[ 29%] Building CXX object benchmarks/CMakeFiles/Raxpy_mpfr_kernel_openmp_03_ROUNDING.dir/mpfr/01_Raxpy/Raxpy_mpfr_kernel_openmp_03_ROUNDING.cpp.o
[ 29%] Built target Raxpy_mpfr_C_native_openmp_01_FMA
[ 30%] Building CXX object benchmarks/CMakeFiles/Raxpy_mpfr_kernel_openmp_03_ROUNDING_PRECISION.dir/mpfr/01_Raxpy/Raxpy_mpfr_kernel_openmp_03_ROUNDING.cpp.o
[ 30%] Linking CXX executable mpfr/01_Raxpy/Raxpy_mpfr_kernel_01_PRECISION_FMA
[ 30%] Building CXX object benchmarks/CMakeFiles/Raxpy_mpfr_kernel_openmp_04.dir/mpfr/01_Raxpy/Raxpy_mpfr_kernel_openmp_04.cpp.o
[ 30%] Built target Raxpy_mpfr_kernel_01_ROUNDING_PRECISION
[ 30%] Linking CXX executable mpfr/01_Raxpy/Raxpy_mpfr_C_native_01_FMA
[ 30%] Building CXX object benchmarks/CMakeFiles/Raxpy_mpfr_kernel_openmp_04_PRECISION.dir/mpfr/01_Raxpy/Raxpy_mpfr_kernel_openmp_04.cpp.o
[ 30%] Built target Raxpy_mpfr_kernel_01_PRECISION_FMA
[ 30%] Linking CXX executable mpfr/01_Raxpy/Raxpy_mpfr_kernel_01_ROUNDING_PRECISION_FMA
[ 30%] Building CXX object benchmarks/CMakeFiles/Raxpy_mpfr_kernel_openmp_04_ROUNDING.dir/mpfr/01_Raxpy/Raxpy_mpfr_kernel_openmp_04_ROUNDING.cpp.o
[ 30%] Built target Raxpy_mpfr_C_native_01_FMA
[ 30%] Building CXX object benchmarks/CMakeFiles/Raxpy_mpfr_kernel_openmp_04_ROUNDING_PRECISION.dir/mpfr/01_Raxpy/Raxpy_mpfr_kernel_openmp_04_ROUNDING.cpp.o
[ 30%] Linking CXX executable mpfr/01_Raxpy/Raxpy_mpfr_C_native_openmp_01
[ 31%] Linking CXX executable mpfr/01_Raxpy/Raxpy_mpfr_kernel_02
[ 31%] Built target Raxpy_mpfr_kernel_01_ROUNDING_PRECISION_FMA
[ 31%] Building CXX object benchmarks/CMakeFiles/Rgemv_mpfr_C_native_01.dir/mpfr/02_Rgemv/Rgemv_mpfr_C_native_01.cpp.o
[ 31%] Built target Raxpy_mpfr_kernel_02
[ 31%] Built target Raxpy_mpfr_C_native_openmp_01
[ 31%] Building CXX object benchmarks/CMakeFiles/Rgemv_mpfr_C_native_01_FMA.dir/mpfr/02_Rgemv/Rgemv_mpfr_C_native_01_FMA.cpp.o
[ 31%] Building CXX object benchmarks/CMakeFiles/Rgemv_mpfr_C_native_02.dir/mpfr/02_Rgemv/Rgemv_mpfr_C_native_02.cpp.o
[ 31%] Linking CXX executable mpfr/01_Raxpy/Raxpy_mpfr_kernel_02_PRECISION
[ 31%] Linking CXX executable mpfr/01_Raxpy/Raxpy_mpfr_kernel_02_ROUNDING
[ 31%] Built target Raxpy_mpfr_kernel_02_PRECISION
[ 31%] Linking CXX executable mpfr/01_Raxpy/Raxpy_mpfr_kernel_02_ROUNDING_PRECISION
[ 32%] Building CXX object benchmarks/CMakeFiles/Rgemv_mpfr_C_native_02_FMA.dir/mpfr/02_Rgemv/Rgemv_mpfr_C_native_02_FMA.cpp.o
[ 32%] Built target Raxpy_mpfr_kernel_02_ROUNDING
[ 32%] Linking CXX executable mpfr/01_Raxpy/Raxpy_mpfr_kernel_03
[ 32%] Building CXX object benchmarks/CMakeFiles/Rgemv_mpfr_C_native_03.dir/mpfr/02_Rgemv/Rgemv_mpfr_C_native_03.cpp.o
[ 32%] Built target Raxpy_mpfr_kernel_02_ROUNDING_PRECISION
[ 33%] Linking CXX executable mpfr/01_Raxpy/Raxpy_mpfr_kernel_03_ROUNDING
[ 33%] Building CXX object benchmarks/CMakeFiles/Rgemv_mpfr_C_native_04.dir/mpfr/02_Rgemv/Rgemv_mpfr_C_native_04.cpp.o
[ 33%] Linking CXX executable mpfr/01_Raxpy/Raxpy_mpfr_kernel_03_PRECISION
[ 33%] Linking CXX executable mpfr/01_Raxpy/Raxpy_mpfr_kernel_04
[ 33%] Linking CXX executable mpfr/01_Raxpy/Raxpy_mpfr_kernel_03_ROUNDING_PRECISION
[ 33%] Built target Raxpy_mpfr_kernel_03
[ 33%] Linking CXX executable mpfr/01_Raxpy/Raxpy_mpfr_kernel_04_PRECISION
[ 33%] Linking CXX executable mpfr/01_Raxpy/Raxpy_mpfr_kernel_04_ROUNDING
[ 33%] Building CXX object benchmarks/CMakeFiles/Rgemv_mpfr_C_native_openmp_01.dir/mpfr/02_Rgemv/Rgemv_mpfr_C_native_openmp_01.cpp.o
[ 33%] Built target Raxpy_mpfr_kernel_03_ROUNDING
[ 33%] Built target Raxpy_mpfr_kernel_03_PRECISION
[ 33%] Building CXX object benchmarks/CMakeFiles/Rgemv_mpfr_C_native_openmp_01_FMA.dir/mpfr/02_Rgemv/Rgemv_mpfr_C_native_openmp_01_FMA.cpp.o
[ 33%] Linking CXX executable mpfr/01_Raxpy/Raxpy_mpfr_kernel_04_ROUNDING_PRECISION
[ 33%] Building CXX object benchmarks/CMakeFiles/Rgemv_mpfr_C_native_openmp_02.dir/mpfr/02_Rgemv/Rgemv_mpfr_C_native_openmp_02.cpp.o
[ 33%] Built target Raxpy_mpfr_kernel_03_ROUNDING_PRECISION
[ 33%] Built target Raxpy_mpfr_kernel_04
[ 33%] Built target Raxpy_mpfr_kernel_04_ROUNDING
[ 33%] Built target Raxpy_mpfr_kernel_04_PRECISION
[ 34%] Building CXX object benchmarks/CMakeFiles/Rgemv_mpfr_C_native_openmp_02_FMA.dir/mpfr/02_Rgemv/Rgemv_mpfr_C_native_openmp_02_FMA.cpp.o
[ 34%] Building CXX object benchmarks/CMakeFiles/Rgemv_mpfr_C_native_openmp_03.dir/mpfr/02_Rgemv/Rgemv_mpfr_C_native_openmp_03.cpp.o
[ 34%] Linking CXX executable mpfr/01_Raxpy/Raxpy_mpfr_kernel_openmp_01_ROUNDING
[ 34%] Linking CXX executable mpfr/01_Raxpy/Raxpy_mpfr_kernel_openmp_01_PRECISION
[ 34%] Building CXX object benchmarks/CMakeFiles/Rgemv_mpfr_C_native_openmp_04.dir/mpfr/02_Rgemv/Rgemv_mpfr_C_native_openmp_04.cpp.o
[ 34%] Building CXX object benchmarks/CMakeFiles/Rgemv_mpfr_C_native_openmp_04_FMA.dir/mpfr/02_Rgemv/Rgemv_mpfr_C_native_openmp_04_FMA.cpp.o
[ 34%] Linking CXX executable mpfr/01_Raxpy/Raxpy_mpfr_kernel_openmp_01_ROUNDING_PRECISION
[ 34%] Built target Raxpy_mpfr_kernel_04_ROUNDING_PRECISION
[ 34%] Linking CXX executable mpfr/01_Raxpy/Raxpy_mpfr_kernel_openmp_01_ROUNDING_PRECISION_FMA
[ 34%] Building CXX object benchmarks/CMakeFiles/Rgemv_mpfr_C_native_openmp_05.dir/mpfr/02_Rgemv/Rgemv_mpfr_C_native_openmp_05.cpp.o
[ 34%] Built target Raxpy_mpfr_kernel_openmp_01_ROUNDING
[ 34%] Built target Raxpy_mpfr_kernel_openmp_01_PRECISION
[ 34%] Building CXX object benchmarks/CMakeFiles/Rgemv_mpfr_C_native_openmp_05_FMA.dir/mpfr/02_Rgemv/Rgemv_mpfr_C_native_openmp_05_FMA.cpp.o
[ 35%] Linking CXX executable mpfr/01_Raxpy/Raxpy_mpfr_kernel_openmp_01
[ 36%] Building CXX object benchmarks/CMakeFiles/Rgemv_mpfr_C_native_openmp_06.dir/mpfr/02_Rgemv/Rgemv_mpfr_C_native_openmp_06.cpp.o
[ 36%] Linking CXX executable mpfr/01_Raxpy/Raxpy_mpfr_kernel_openmp_02
[ 36%] Linking CXX executable mpfr/01_Raxpy/Raxpy_mpfr_kernel_openmp_02_ROUNDING
[ 36%] Built target Raxpy_mpfr_kernel_openmp_01_ROUNDING_PRECISION_FMA
[ 36%] Linking CXX executable mpfr/01_Raxpy/Raxpy_mpfr_kernel_openmp_02_ROUNDING_PRECISION
[ 36%] Building CXX object benchmarks/CMakeFiles/Rgemv_mpfr_C_native_openmp_06_FMA.dir/mpfr/02_Rgemv/Rgemv_mpfr_C_native_openmp_06_FMA.cpp.o
[ 36%] Built target Raxpy_mpfr_kernel_openmp_01_ROUNDING_PRECISION
[ 36%] Built target Raxpy_mpfr_kernel_openmp_01
[ 36%] Linking CXX executable mpfr/01_Raxpy/Raxpy_mpfr_kernel_openmp_01_PRECISION_FMA
[ 36%] Linking CXX executable mpfr/01_Raxpy/Raxpy_mpfr_kernel_openmp_03_ROUNDING
[ 36%] Building CXX object benchmarks/CMakeFiles/Rgemv_mpfr_C_native_openmp_07.dir/mpfr/02_Rgemv/Rgemv_mpfr_C_native_openmp_07.cpp.o
[ 36%] Linking CXX executable mpfr/01_Raxpy/Raxpy_mpfr_kernel_openmp_03_ROUNDING_PRECISION
[ 36%] Linking CXX executable mpfr/01_Raxpy/Raxpy_mpfr_kernel_openmp_02_PRECISION
[ 36%] Building CXX object benchmarks/CMakeFiles/Rgemv_mpfr_C_native_openmp_07_FMA.dir/mpfr/02_Rgemv/Rgemv_mpfr_C_native_openmp_07_FMA.cpp.o
[ 36%] Built target Raxpy_mpfr_kernel_openmp_02
[ 36%] Linking CXX executable mpfr/01_Raxpy/Raxpy_mpfr_kernel_openmp_03
[ 36%] Linking CXX executable mpfr/01_Raxpy/Raxpy_mpfr_kernel_openmp_03_PRECISION
[ 36%] Building CXX object benchmarks/CMakeFiles/Rgemv_mpfr_kernel_01.dir/mpfr/02_Rgemv/Rgemv_mpfr_kernel_01.cpp.o
[ 36%] Built target Raxpy_mpfr_kernel_openmp_02_ROUNDING
[ 36%] Built target Raxpy_mpfr_kernel_openmp_01_PRECISION_FMA
[ 36%] Building CXX object benchmarks/CMakeFiles/Rgemv_mpfr_kernel_01_PRECISION.dir/mpfr/02_Rgemv/Rgemv_mpfr_kernel_01.cpp.o
[ 36%] Building CXX object benchmarks/CMakeFiles/Rgemv_mpfr_kernel_01_ROUNDING.dir/mpfr/02_Rgemv/Rgemv_mpfr_kernel_01_ROUNDING.cpp.o
[ 36%] Built target Raxpy_mpfr_kernel_openmp_02_ROUNDING_PRECISION
[ 36%] Built target Raxpy_mpfr_kernel_openmp_02_PRECISION
[ 36%] Built target Raxpy_mpfr_kernel_openmp_03_PRECISION
[ 36%] Built target Raxpy_mpfr_kernel_openmp_03
[ 36%] Built target Raxpy_mpfr_kernel_openmp_03_ROUNDING
[ 36%] Building CXX object benchmarks/CMakeFiles/Rgemv_mpfr_kernel_01_ROUNDING_PRECISION.dir/mpfr/02_Rgemv/Rgemv_mpfr_kernel_01_ROUNDING.cpp.o
[ 36%] Building CXX object benchmarks/CMakeFiles/Rgemv_mpfr_kernel_01_ROUNDING_FMA_CAPTURE_FMA.dir/mpfr/02_Rgemv/Rgemv_mpfr_kernel_01_ROUNDING_FMA_CAPTURE.cpp.o
[ 36%] Building CXX object benchmarks/CMakeFiles/Rgemv_mpfr_kernel_01_ROUNDING_FMA_CAPTURE_PRECISION_FMA.dir/mpfr/02_Rgemv/Rgemv_mpfr_kernel_01_ROUNDING_FMA_CAPTURE.cpp.o
[ 36%] Building CXX object benchmarks/CMakeFiles/Rgemv_mpfr_kernel_02.dir/mpfr/02_Rgemv/Rgemv_mpfr_kernel_02.cpp.o
[ 36%] Building CXX object benchmarks/CMakeFiles/Rgemv_mpfr_kernel_02_PRECISION.dir/mpfr/02_Rgemv/Rgemv_mpfr_kernel_02.cpp.o
[ 36%] Built target Raxpy_mpfr_kernel_openmp_03_ROUNDING_PRECISION
[ 36%] Linking CXX executable mpfr/01_Raxpy/Raxpy_mpfr_kernel_openmp_04_PRECISION
[ 36%] Linking CXX executable mpfr/01_Raxpy/Raxpy_mpfr_kernel_openmp_04_ROUNDING_PRECISION
[ 36%] Building CXX object benchmarks/CMakeFiles/Rgemv_mpfr_kernel_02_ROUNDING.dir/mpfr/02_Rgemv/Rgemv_mpfr_kernel_02_ROUNDING.cpp.o
[ 36%] Linking CXX executable mpfr/01_Raxpy/Raxpy_mpfr_kernel_openmp_04
[ 36%] Linking CXX executable mpfr/01_Raxpy/Raxpy_mpfr_kernel_openmp_04_ROUNDING
[ 36%] Built target Raxpy_mpfr_kernel_openmp_04_ROUNDING_PRECISION
[ 36%] Built target Raxpy_mpfr_kernel_openmp_04_PRECISION
[ 36%] Building CXX object benchmarks/CMakeFiles/Rgemv_mpfr_kernel_02_ROUNDING_PRECISION.dir/mpfr/02_Rgemv/Rgemv_mpfr_kernel_02_ROUNDING.cpp.o
[ 36%] Built target Raxpy_mpfr_kernel_openmp_04
[ 36%] Building CXX object benchmarks/CMakeFiles/Rgemv_mpfr_kernel_02_ROUNDING_FMA_CAPTURE_FMA.dir/mpfr/02_Rgemv/Rgemv_mpfr_kernel_02_ROUNDING_FMA_CAPTURE.cpp.o
[ 36%] Building CXX object benchmarks/CMakeFiles/Rgemv_mpfr_kernel_02_ROUNDING_FMA_CAPTURE_PRECISION_FMA.dir/mpfr/02_Rgemv/Rgemv_mpfr_kernel_02_ROUNDING_FMA_CAPTURE.cpp.o
[ 36%] Built target Raxpy_mpfr_kernel_openmp_04_ROUNDING
[ 36%] Building CXX object benchmarks/CMakeFiles/Rgemv_mpfr_kernel_03.dir/mpfr/02_Rgemv/Rgemv_mpfr_kernel_03.cpp.o
[ 36%] Linking CXX executable mpfr/02_Rgemv/Rgemv_mpfr_C_native_01
[ 36%] Linking CXX executable mpfr/02_Rgemv/Rgemv_mpfr_C_native_01_FMA
[ 36%] Linking CXX executable mpfr/02_Rgemv/Rgemv_mpfr_C_native_02
[ 36%] Built target Rgemv_mpfr_C_native_01
[ 36%] Built target Rgemv_mpfr_C_native_01_FMA
[ 36%] Building CXX object benchmarks/CMakeFiles/Rgemv_mpfr_kernel_03_PRECISION.dir/mpfr/02_Rgemv/Rgemv_mpfr_kernel_03.cpp.o
[ 36%] Built target Rgemv_mpfr_C_native_02
[ 36%] Building CXX object benchmarks/CMakeFiles/Rgemv_mpfr_kernel_03_ROUNDING.dir/mpfr/02_Rgemv/Rgemv_mpfr_kernel_03_ROUNDING.cpp.o
[ 36%] Building CXX object benchmarks/CMakeFiles/Rgemv_mpfr_kernel_03_ROUNDING_PRECISION.dir/mpfr/02_Rgemv/Rgemv_mpfr_kernel_03_ROUNDING.cpp.o
[ 36%] Linking CXX executable mpfr/02_Rgemv/Rgemv_mpfr_C_native_02_FMA
[ 36%] Linking CXX executable mpfr/02_Rgemv/Rgemv_mpfr_C_native_04
[ 36%] Linking CXX executable mpfr/02_Rgemv/Rgemv_mpfr_C_native_03
[ 36%] Built target Rgemv_mpfr_C_native_02_FMA
[ 37%] Building CXX object benchmarks/CMakeFiles/Rgemv_mpfr_kernel_03_ROUNDING_FMA_CAPTURE_FMA.dir/mpfr/02_Rgemv/Rgemv_mpfr_kernel_03_ROUNDING_FMA_CAPTURE.cpp.o
[ 37%] Built target Rgemv_mpfr_C_native_03
[ 37%] Building CXX object benchmarks/CMakeFiles/Rgemv_mpfr_kernel_03_ROUNDING_FMA_CAPTURE_PRECISION_FMA.dir/mpfr/02_Rgemv/Rgemv_mpfr_kernel_03_ROUNDING_FMA_CAPTURE.cpp.o
[ 37%] Built target Rgemv_mpfr_C_native_04
[ 37%] Building CXX object benchmarks/CMakeFiles/Rgemv_mpfr_kernel_04.dir/mpfr/02_Rgemv/Rgemv_mpfr_kernel_04.cpp.o
[ 37%] Linking CXX executable mpfr/02_Rgemv/Rgemv_mpfr_C_native_openmp_01
[ 37%] Linking CXX executable mpfr/02_Rgemv/Rgemv_mpfr_C_native_openmp_01_FMA
[ 37%] Linking CXX executable mpfr/02_Rgemv/Rgemv_mpfr_C_native_openmp_02
[ 37%] Linking CXX executable mpfr/02_Rgemv/Rgemv_mpfr_C_native_openmp_02_FMA
[ 37%] Linking CXX executable mpfr/02_Rgemv/Rgemv_mpfr_C_native_openmp_04_FMA
[ 37%] Linking CXX executable mpfr/02_Rgemv/Rgemv_mpfr_C_native_openmp_04
[ 37%] Linking CXX executable mpfr/02_Rgemv/Rgemv_mpfr_C_native_openmp_03
[ 37%] Built target Rgemv_mpfr_C_native_openmp_01
[ 37%] Linking CXX executable mpfr/02_Rgemv/Rgemv_mpfr_C_native_openmp_05_FMA
[ 37%] Building CXX object benchmarks/CMakeFiles/Rgemv_mpfr_kernel_04_PRECISION.dir/mpfr/02_Rgemv/Rgemv_mpfr_kernel_04.cpp.o
[ 37%] Built target Rgemv_mpfr_C_native_openmp_01_FMA
[ 37%] Built target Rgemv_mpfr_C_native_openmp_02
[ 37%] Building CXX object benchmarks/CMakeFiles/Rgemv_mpfr_kernel_04_ROUNDING.dir/mpfr/02_Rgemv/Rgemv_mpfr_kernel_04_ROUNDING.cpp.o
[ 37%] Linking CXX executable mpfr/02_Rgemv/Rgemv_mpfr_C_native_openmp_05
[ 37%] Built target Rgemv_mpfr_C_native_openmp_04
[ 37%] Built target Rgemv_mpfr_C_native_openmp_04_FMA
[ 37%] Built target Rgemv_mpfr_C_native_openmp_02_FMA
[ 37%] Built target Rgemv_mpfr_C_native_openmp_03
[ 37%] Building CXX object benchmarks/CMakeFiles/Rgemv_mpfr_kernel_04_ROUNDING_PRECISION.dir/mpfr/02_Rgemv/Rgemv_mpfr_kernel_04_ROUNDING.cpp.o
[ 37%] Built target Rgemv_mpfr_C_native_openmp_05_FMA
[ 38%] Building CXX object benchmarks/CMakeFiles/Rgemv_mpfr_kernel_04_ROUNDING_FMA_CAPTURE_FMA.dir/mpfr/02_Rgemv/Rgemv_mpfr_kernel_04_ROUNDING_FMA_CAPTURE.cpp.o
[ 38%] Building CXX object benchmarks/CMakeFiles/Rgemv_mpfr_kernel_04_ROUNDING_FMA_CAPTURE_PRECISION_FMA.dir/mpfr/02_Rgemv/Rgemv_mpfr_kernel_04_ROUNDING_FMA_CAPTURE.cpp.o
[ 38%] Building CXX object benchmarks/CMakeFiles/Rgemv_mpfr_kernel_openmp_01.dir/mpfr/02_Rgemv/Rgemv_mpfr_kernel_openmp_01.cpp.o
[ 38%] Building CXX object benchmarks/CMakeFiles/Rgemv_mpfr_kernel_openmp_01_PRECISION.dir/mpfr/02_Rgemv/Rgemv_mpfr_kernel_openmp_01.cpp.o
[ 38%] Building CXX object benchmarks/CMakeFiles/Rgemv_mpfr_kernel_openmp_01_ROUNDING.dir/mpfr/02_Rgemv/Rgemv_mpfr_kernel_openmp_01_ROUNDING.cpp.o
[ 38%] Built target Rgemv_mpfr_C_native_openmp_05
[ 38%] Building CXX object benchmarks/CMakeFiles/Rgemv_mpfr_kernel_openmp_01_ROUNDING_PRECISION.dir/mpfr/02_Rgemv/Rgemv_mpfr_kernel_openmp_01_ROUNDING.cpp.o
[ 38%] Linking CXX executable mpfr/02_Rgemv/Rgemv_mpfr_C_native_openmp_06_FMA
[ 38%] Linking CXX executable mpfr/02_Rgemv/Rgemv_mpfr_C_native_openmp_07_FMA
[ 38%] Linking CXX executable mpfr/02_Rgemv/Rgemv_mpfr_C_native_openmp_07
[ 39%] Linking CXX executable mpfr/02_Rgemv/Rgemv_mpfr_kernel_01_ROUNDING
[ 39%] Linking CXX executable mpfr/02_Rgemv/Rgemv_mpfr_kernel_01
[ 39%] Linking CXX executable mpfr/02_Rgemv/Rgemv_mpfr_kernel_01_ROUNDING_FMA_CAPTURE_PRECISION_FMA
[ 39%] Linking CXX executable mpfr/02_Rgemv/Rgemv_mpfr_kernel_01_ROUNDING_FMA_CAPTURE_FMA
[ 40%] Linking CXX executable mpfr/02_Rgemv/Rgemv_mpfr_kernel_02_ROUNDING
[ 40%] Built target Rgemv_mpfr_C_native_openmp_06_FMA
[ 40%] Linking CXX executable mpfr/02_Rgemv/Rgemv_mpfr_kernel_01_ROUNDING_PRECISION
[ 41%] Building CXX object benchmarks/CMakeFiles/Rgemv_mpfr_kernel_openmp_01_ROUNDING_FMA_CAPTURE_FMA.dir/mpfr/02_Rgemv/Rgemv_mpfr_kernel_openmp_01_ROUNDING_FMA_CAPTURE.cpp.o
[ 41%] Linking CXX executable mpfr/02_Rgemv/Rgemv_mpfr_kernel_01_PRECISION
[ 41%] Built target Rgemv_mpfr_kernel_01
[ 41%] Built target Rgemv_mpfr_kernel_01_ROUNDING
[ 41%] Built target Rgemv_mpfr_C_native_openmp_07
[ 41%] Built target Rgemv_mpfr_C_native_openmp_07_FMA
[ 41%] Linking CXX executable mpfr/02_Rgemv/Rgemv_mpfr_kernel_02
[ 41%] Built target Rgemv_mpfr_kernel_01_ROUNDING_FMA_CAPTURE_PRECISION_FMA
[ 41%] Linking CXX executable mpfr/02_Rgemv/Rgemv_mpfr_kernel_02_ROUNDING_PRECISION
[ 41%] Building CXX object benchmarks/CMakeFiles/Rgemv_mpfr_kernel_openmp_02_PRECISION.dir/mpfr/02_Rgemv/Rgemv_mpfr_kernel_openmp_02.cpp.o
[ 41%] Building CXX object benchmarks/CMakeFiles/Rgemv_mpfr_kernel_openmp_02.dir/mpfr/02_Rgemv/Rgemv_mpfr_kernel_openmp_02.cpp.o
[ 41%] Building CXX object benchmarks/CMakeFiles/Rgemv_mpfr_kernel_openmp_01_ROUNDING_FMA_CAPTURE_PRECISION_FMA.dir/mpfr/02_Rgemv/Rgemv_mpfr_kernel_openmp_01_ROUNDING_FMA_CAPTURE.cpp.o
[ 41%] Building CXX object benchmarks/CMakeFiles/Rgemv_mpfr_kernel_openmp_02_ROUNDING.dir/mpfr/02_Rgemv/Rgemv_mpfr_kernel_openmp_02_ROUNDING.cpp.o
[ 41%] Built target Rgemv_mpfr_kernel_01_ROUNDING_FMA_CAPTURE_FMA
[ 41%] Building CXX object benchmarks/CMakeFiles/Rgemv_mpfr_kernel_openmp_02_ROUNDING_PRECISION.dir/mpfr/02_Rgemv/Rgemv_mpfr_kernel_openmp_02_ROUNDING.cpp.o
[ 41%] Built target Rgemv_mpfr_kernel_02_ROUNDING
[ 41%] Linking CXX executable mpfr/02_Rgemv/Rgemv_mpfr_C_native_openmp_06
[ 41%] Linking CXX executable mpfr/02_Rgemv/Rgemv_mpfr_kernel_02_PRECISION
[ 41%] Building CXX object benchmarks/CMakeFiles/Rgemv_mpfr_kernel_openmp_02_ROUNDING_FMA_CAPTURE_FMA.dir/mpfr/02_Rgemv/Rgemv_mpfr_kernel_openmp_02_ROUNDING_FMA_CAPTURE.cpp.o
[ 41%] Built target Rgemv_mpfr_kernel_01_ROUNDING_PRECISION
[ 41%] Building CXX object benchmarks/CMakeFiles/Rgemv_mpfr_kernel_openmp_02_ROUNDING_FMA_CAPTURE_PRECISION_FMA.dir/mpfr/02_Rgemv/Rgemv_mpfr_kernel_openmp_02_ROUNDING_FMA_CAPTURE.cpp.o
[ 41%] Linking CXX executable mpfr/02_Rgemv/Rgemv_mpfr_kernel_02_ROUNDING_FMA_CAPTURE_FMA
[ 41%] Built target Rgemv_mpfr_kernel_01_PRECISION
[ 41%] Building CXX object benchmarks/CMakeFiles/Rgemv_mpfr_kernel_openmp_03.dir/mpfr/02_Rgemv/Rgemv_mpfr_kernel_openmp_03.cpp.o
[ 41%] Linking CXX executable mpfr/02_Rgemv/Rgemv_mpfr_kernel_02_ROUNDING_FMA_CAPTURE_PRECISION_FMA
[ 41%] Built target Rgemv_mpfr_kernel_02
[ 41%] Building CXX object benchmarks/CMakeFiles/Rgemv_mpfr_kernel_openmp_03_PRECISION.dir/mpfr/02_Rgemv/Rgemv_mpfr_kernel_openmp_03.cpp.o
[ 41%] Built target Rgemv_mpfr_kernel_02_ROUNDING_PRECISION
[ 41%] Building CXX object benchmarks/CMakeFiles/Rgemv_mpfr_kernel_openmp_03_ROUNDING.dir/mpfr/02_Rgemv/Rgemv_mpfr_kernel_openmp_03_ROUNDING.cpp.o
[ 41%] Building CXX object benchmarks/CMakeFiles/Rgemv_mpfr_kernel_openmp_03_ROUNDING_PRECISION.dir/mpfr/02_Rgemv/Rgemv_mpfr_kernel_openmp_03_ROUNDING.cpp.o
[ 41%] Built target Rgemv_mpfr_C_native_openmp_06
[ 41%] Building CXX object benchmarks/CMakeFiles/Rgemv_mpfr_kernel_openmp_03_ROUNDING_FMA_CAPTURE_FMA.dir/mpfr/02_Rgemv/Rgemv_mpfr_kernel_openmp_03_ROUNDING_FMA_CAPTURE.cpp.o
[ 41%] Built target Rgemv_mpfr_kernel_02_PRECISION
[ 41%] Built target Rgemv_mpfr_kernel_02_ROUNDING_FMA_CAPTURE_FMA
[ 41%] Built target Rgemv_mpfr_kernel_02_ROUNDING_FMA_CAPTURE_PRECISION_FMA
[ 41%] Building CXX object benchmarks/CMakeFiles/Rgemv_mpfr_kernel_openmp_03_ROUNDING_FMA_CAPTURE_PRECISION_FMA.dir/mpfr/02_Rgemv/Rgemv_mpfr_kernel_openmp_03_ROUNDING_FMA_CAPTURE.cpp.o
[ 41%] Building CXX object benchmarks/CMakeFiles/Rgemv_mpfr_kernel_openmp_04.dir/mpfr/02_Rgemv/Rgemv_mpfr_kernel_openmp_04.cpp.o
[ 41%] Building CXX object benchmarks/CMakeFiles/Rgemv_mpfr_kernel_openmp_04_PRECISION.dir/mpfr/02_Rgemv/Rgemv_mpfr_kernel_openmp_04.cpp.o
[ 41%] Linking CXX executable mpfr/02_Rgemv/Rgemv_mpfr_kernel_03
[ 41%] Linking CXX executable mpfr/02_Rgemv/Rgemv_mpfr_kernel_03_PRECISION
[ 41%] Linking CXX executable mpfr/02_Rgemv/Rgemv_mpfr_kernel_03_ROUNDING
[ 41%] Linking CXX executable mpfr/02_Rgemv/Rgemv_mpfr_kernel_03_ROUNDING_PRECISION
[ 41%] Built target Rgemv_mpfr_kernel_03
[ 41%] Building CXX object benchmarks/CMakeFiles/Rgemv_mpfr_kernel_openmp_04_ROUNDING.dir/mpfr/02_Rgemv/Rgemv_mpfr_kernel_openmp_04_ROUNDING.cpp.o
[ 41%] Built target Rgemv_mpfr_kernel_03_PRECISION
[ 41%] Built target Rgemv_mpfr_kernel_03_ROUNDING
[ 41%] Building CXX object benchmarks/CMakeFiles/Rgemv_mpfr_kernel_openmp_04_ROUNDING_PRECISION.dir/mpfr/02_Rgemv/Rgemv_mpfr_kernel_openmp_04_ROUNDING.cpp.o
[ 41%] Building CXX object benchmarks/CMakeFiles/Rgemv_mpfr_kernel_openmp_04_ROUNDING_FMA_CAPTURE_FMA.dir/mpfr/02_Rgemv/Rgemv_mpfr_kernel_openmp_04_ROUNDING_FMA_CAPTURE.cpp.o
[ 41%] Built target Rgemv_mpfr_kernel_03_ROUNDING_PRECISION
[ 42%] Building CXX object benchmarks/CMakeFiles/Rgemv_mpfr_kernel_openmp_04_ROUNDING_FMA_CAPTURE_PRECISION_FMA.dir/mpfr/02_Rgemv/Rgemv_mpfr_kernel_openmp_04_ROUNDING_FMA_CAPTURE.cpp.o
[ 42%] Linking CXX executable mpfr/02_Rgemv/Rgemv_mpfr_kernel_03_ROUNDING_FMA_CAPTURE_FMA
[ 42%] Linking CXX executable mpfr/02_Rgemv/Rgemv_mpfr_kernel_03_ROUNDING_FMA_CAPTURE_PRECISION_FMA
[ 42%] Built target Rgemv_mpfr_kernel_03_ROUNDING_FMA_CAPTURE_FMA
[ 42%] Building CXX object benchmarks/CMakeFiles/Rgemv_mpfr_kernel_openmp_05.dir/mpfr/02_Rgemv/Rgemv_mpfr_kernel_openmp_05.cpp.o
[ 42%] Linking CXX executable mpfr/02_Rgemv/Rgemv_mpfr_kernel_04
[ 42%] Built target Rgemv_mpfr_kernel_03_ROUNDING_FMA_CAPTURE_PRECISION_FMA
[ 42%] Building CXX object benchmarks/CMakeFiles/Rgemv_mpfr_kernel_openmp_05_PRECISION.dir/mpfr/02_Rgemv/Rgemv_mpfr_kernel_openmp_05.cpp.o
[ 42%] Built target Rgemv_mpfr_kernel_04
[ 42%] Building CXX object benchmarks/CMakeFiles/Rgemv_mpfr_kernel_openmp_05_ROUNDING.dir/mpfr/02_Rgemv/Rgemv_mpfr_kernel_openmp_05_ROUNDING.cpp.o
[ 42%] Linking CXX executable mpfr/02_Rgemv/Rgemv_mpfr_kernel_04_ROUNDING_FMA_CAPTURE_FMA
[ 42%] Linking CXX executable mpfr/02_Rgemv/Rgemv_mpfr_kernel_04_ROUNDING
[ 42%] Linking CXX executable mpfr/02_Rgemv/Rgemv_mpfr_kernel_04_ROUNDING_FMA_CAPTURE_PRECISION_FMA
[ 42%] Built target Rgemv_mpfr_kernel_04_ROUNDING_FMA_CAPTURE_FMA
[ 42%] Building CXX object benchmarks/CMakeFiles/Rgemv_mpfr_kernel_openmp_05_ROUNDING_PRECISION.dir/mpfr/02_Rgemv/Rgemv_mpfr_kernel_openmp_05_ROUNDING.cpp.o
[ 42%] Linking CXX executable mpfr/02_Rgemv/Rgemv_mpfr_kernel_04_ROUNDING_PRECISION
[ 42%] Built target Rgemv_mpfr_kernel_04_ROUNDING
[ 42%] Building CXX object benchmarks/CMakeFiles/Rgemv_mpfr_kernel_openmp_05_ROUNDING_FMA_CAPTURE_FMA.dir/mpfr/02_Rgemv/Rgemv_mpfr_kernel_openmp_05_ROUNDING_FMA_CAPTURE.cpp.o
[ 42%] Built target Rgemv_mpfr_kernel_04_ROUNDING_FMA_CAPTURE_PRECISION_FMA
[ 42%] Linking CXX executable mpfr/02_Rgemv/Rgemv_mpfr_kernel_04_PRECISION
[ 43%] Building CXX object benchmarks/CMakeFiles/Rgemv_mpfr_kernel_openmp_05_ROUNDING_FMA_CAPTURE_PRECISION_FMA.dir/mpfr/02_Rgemv/Rgemv_mpfr_kernel_openmp_05_ROUNDING_FMA_CAPTURE.cpp.o
[ 43%] Linking CXX executable mpfr/02_Rgemv/Rgemv_mpfr_kernel_openmp_01_ROUNDING
[ 43%] Linking CXX executable mpfr/02_Rgemv/Rgemv_mpfr_kernel_openmp_01
[ 43%] Built target Rgemv_mpfr_kernel_04_ROUNDING_PRECISION
[ 43%] Linking CXX executable mpfr/02_Rgemv/Rgemv_mpfr_kernel_openmp_01_PRECISION
[ 43%] Linking CXX executable mpfr/02_Rgemv/Rgemv_mpfr_kernel_openmp_01_ROUNDING_PRECISION
[ 43%] Building CXX object benchmarks/CMakeFiles/Rgemv_mpfr_kernel_openmp_06.dir/mpfr/02_Rgemv/Rgemv_mpfr_kernel_openmp_06.cpp.o
[ 43%] Built target Rgemv_mpfr_kernel_04_PRECISION
[ 43%] Building CXX object benchmarks/CMakeFiles/Rgemv_mpfr_kernel_openmp_06_PRECISION.dir/mpfr/02_Rgemv/Rgemv_mpfr_kernel_openmp_06.cpp.o
[ 43%] Built target Rgemv_mpfr_kernel_openmp_01_ROUNDING
[ 43%] Built target Rgemv_mpfr_kernel_openmp_01
[ 43%] Building CXX object benchmarks/CMakeFiles/Rgemv_mpfr_kernel_openmp_06_ROUNDING.dir/mpfr/02_Rgemv/Rgemv_mpfr_kernel_openmp_06_ROUNDING.cpp.o
[ 43%] Building CXX object benchmarks/CMakeFiles/Rgemv_mpfr_kernel_openmp_06_ROUNDING_PRECISION.dir/mpfr/02_Rgemv/Rgemv_mpfr_kernel_openmp_06_ROUNDING.cpp.o
[ 43%] Built target Rgemv_mpfr_kernel_openmp_01_ROUNDING_PRECISION
[ 43%] Built target Rgemv_mpfr_kernel_openmp_01_PRECISION
[ 43%] Building CXX object benchmarks/CMakeFiles/Rgemv_mpfr_kernel_openmp_06_ROUNDING_FMA_CAPTURE_FMA.dir/mpfr/02_Rgemv/Rgemv_mpfr_kernel_openmp_06_ROUNDING_FMA_CAPTURE.cpp.o
[ 44%] Building CXX object benchmarks/CMakeFiles/Rgemv_mpfr_kernel_openmp_06_ROUNDING_FMA_CAPTURE_PRECISION_FMA.dir/mpfr/02_Rgemv/Rgemv_mpfr_kernel_openmp_06_ROUNDING_FMA_CAPTURE.cpp.o
[ 44%] Linking CXX executable mpfr/02_Rgemv/Rgemv_mpfr_kernel_openmp_01_ROUNDING_FMA_CAPTURE_PRECISION_FMA
[ 44%] Linking CXX executable mpfr/02_Rgemv/Rgemv_mpfr_kernel_openmp_02_ROUNDING
[ 45%] Linking CXX executable mpfr/02_Rgemv/Rgemv_mpfr_kernel_openmp_02_ROUNDING_FMA_CAPTURE_FMA
[ 45%] Linking CXX executable mpfr/02_Rgemv/Rgemv_mpfr_kernel_openmp_02_ROUNDING_FMA_CAPTURE_PRECISION_FMA
[ 45%] Linking CXX executable mpfr/02_Rgemv/Rgemv_mpfr_kernel_openmp_02_ROUNDING_PRECISION
[ 45%] Built target Rgemv_mpfr_kernel_openmp_02_ROUNDING
[ 45%] Linking CXX executable mpfr/02_Rgemv/Rgemv_mpfr_kernel_openmp_02
[ 45%] Linking CXX executable mpfr/02_Rgemv/Rgemv_mpfr_kernel_openmp_03
[ 46%] Linking CXX executable mpfr/02_Rgemv/Rgemv_mpfr_kernel_openmp_03_ROUNDING_FMA_CAPTURE_FMA
[ 46%] Building CXX object benchmarks/CMakeFiles/Rgemv_mpfr_kernel_openmp_07.dir/mpfr/02_Rgemv/Rgemv_mpfr_kernel_openmp_07.cpp.o
[ 46%] Built target Rgemv_mpfr_kernel_openmp_01_ROUNDING_FMA_CAPTURE_PRECISION_FMA
[ 46%] Built target Rgemv_mpfr_kernel_openmp_02_ROUNDING_FMA_CAPTURE_FMA
[ 46%] Linking CXX executable mpfr/02_Rgemv/Rgemv_mpfr_kernel_openmp_02_PRECISION
[ 46%] Linking CXX executable mpfr/02_Rgemv/Rgemv_mpfr_kernel_openmp_03_PRECISION
[ 46%] Built target Rgemv_mpfr_kernel_openmp_02_ROUNDING_FMA_CAPTURE_PRECISION_FMA
[ 46%] Linking CXX executable mpfr/02_Rgemv/Rgemv_mpfr_kernel_openmp_03_ROUNDING_FMA_CAPTURE_PRECISION_FMA
[ 46%] Linking CXX executable mpfr/02_Rgemv/Rgemv_mpfr_kernel_openmp_03_ROUNDING
[ 46%] Building CXX object benchmarks/CMakeFiles/Rgemv_mpfr_kernel_openmp_07_PRECISION.dir/mpfr/02_Rgemv/Rgemv_mpfr_kernel_openmp_07.cpp.o
[ 46%] Linking CXX executable mpfr/02_Rgemv/Rgemv_mpfr_kernel_openmp_03_ROUNDING_PRECISION
[ 46%] Built target Rgemv_mpfr_kernel_openmp_02_ROUNDING_PRECISION
[ 46%] Building CXX object benchmarks/CMakeFiles/Rgemv_mpfr_kernel_openmp_07_ROUNDING.dir/mpfr/02_Rgemv/Rgemv_mpfr_kernel_openmp_07_ROUNDING.cpp.o
[ 46%] Building CXX object benchmarks/CMakeFiles/Rgemv_mpfr_kernel_openmp_07_ROUNDING_PRECISION.dir/mpfr/02_Rgemv/Rgemv_mpfr_kernel_openmp_07_ROUNDING.cpp.o
[ 46%] Building CXX object benchmarks/CMakeFiles/Rgemv_mpfr_kernel_openmp_07_ROUNDING_FMA_CAPTURE_FMA.dir/mpfr/02_Rgemv/Rgemv_mpfr_kernel_openmp_07_ROUNDING_FMA_CAPTURE.cpp.o
[ 46%] Built target Rgemv_mpfr_kernel_openmp_02
[ 46%] Built target Rgemv_mpfr_kernel_openmp_03
[ 46%] Built target Rgemv_mpfr_kernel_openmp_03_ROUNDING_FMA_CAPTURE_FMA
[ 46%] Building CXX object benchmarks/CMakeFiles/Rgemv_mpfr_kernel_openmp_07_ROUNDING_FMA_CAPTURE_PRECISION_FMA.dir/mpfr/02_Rgemv/Rgemv_mpfr_kernel_openmp_07_ROUNDING_FMA_CAPTURE.cpp.o
[ 46%] Building CXX object benchmarks/CMakeFiles/Rgemm_mpfr_C_native_01.dir/mpfr/03_Rgemm/Rgemm_mpfr_C_native_01.cpp.o
[ 46%] Built target Rgemv_mpfr_kernel_openmp_02_PRECISION
[ 46%] Built target Rgemv_mpfr_kernel_openmp_03_ROUNDING
[ 46%] Built target Rgemv_mpfr_kernel_openmp_03_PRECISION
[ 46%] Linking CXX executable mpfr/02_Rgemv/Rgemv_mpfr_kernel_openmp_01_ROUNDING_FMA_CAPTURE_FMA
[ 46%] Built target Rgemv_mpfr_kernel_openmp_03_ROUNDING_FMA_CAPTURE_PRECISION_FMA
[ 46%] Building CXX object benchmarks/CMakeFiles/Rgemm_mpfr_C_native_openmp_01.dir/mpfr/03_Rgemm/Rgemm_mpfr_C_native_openmp_01.cpp.o
[ 46%] Built target Rgemv_mpfr_kernel_openmp_03_ROUNDING_PRECISION
[ 46%] Linking CXX executable mpfr/02_Rgemv/Rgemv_mpfr_kernel_openmp_04
[ 46%] Building CXX object benchmarks/CMakeFiles/Rgemm_mpfr_C_native_03.dir/mpfr/03_Rgemm/Rgemm_mpfr_C_native_03.cpp.o
[ 46%] Building CXX object benchmarks/CMakeFiles/Rgemm_mpfr_C_native_openmp_02.dir/mpfr/03_Rgemm/Rgemm_mpfr_C_native_openmp_02.cpp.o
[ 46%] Building CXX object benchmarks/CMakeFiles/Rgemm_mpfr_C_native_02.dir/mpfr/03_Rgemm/Rgemm_mpfr_C_native_02.cpp.o
[ 46%] Building CXX object benchmarks/CMakeFiles/Rgemm_mpfr_C_native_openmp_03.dir/mpfr/03_Rgemm/Rgemm_mpfr_C_native_openmp_03.cpp.o
[ 46%] Building CXX object benchmarks/CMakeFiles/Rgemm_mpfr_C_native_04.dir/mpfr/03_Rgemm/Rgemm_mpfr_C_native_04.cpp.o
[ 46%] Built target Rgemv_mpfr_kernel_openmp_01_ROUNDING_FMA_CAPTURE_FMA
[ 46%] Built target Rgemv_mpfr_kernel_openmp_04
[ 46%] Building CXX object benchmarks/CMakeFiles/Rgemm_mpfr_C_native_openmp_04.dir/mpfr/03_Rgemm/Rgemm_mpfr_C_native_openmp_04.cpp.o
[ 46%] Building CXX object benchmarks/CMakeFiles/Rgemm_mpfr_C_native_05.dir/mpfr/03_Rgemm/Rgemm_mpfr_C_native_05.cpp.o
[ 46%] Linking CXX executable mpfr/02_Rgemv/Rgemv_mpfr_kernel_openmp_04_ROUNDING
[ 46%] Linking CXX executable mpfr/02_Rgemv/Rgemv_mpfr_kernel_openmp_04_ROUNDING_FMA_CAPTURE_FMA
[ 46%] Linking CXX executable mpfr/02_Rgemv/Rgemv_mpfr_kernel_openmp_04_ROUNDING_FMA_CAPTURE_PRECISION_FMA
[ 46%] Linking CXX executable mpfr/02_Rgemv/Rgemv_mpfr_kernel_openmp_04_ROUNDING_PRECISION
[ 46%] Built target Rgemv_mpfr_kernel_openmp_04_ROUNDING
[ 46%] Built target Rgemv_mpfr_kernel_openmp_04_ROUNDING_FMA_CAPTURE_FMA
[ 46%] Linking CXX executable mpfr/02_Rgemv/Rgemv_mpfr_kernel_openmp_04_PRECISION
[ 46%] Building CXX object benchmarks/CMakeFiles/Rgemm_mpfr_C_native_openmp_05.dir/mpfr/03_Rgemm/Rgemm_mpfr_C_native_openmp_05.cpp.o
[ 46%] Building CXX object benchmarks/CMakeFiles/Rgemm_mpfr_C_native_06.dir/mpfr/03_Rgemm/Rgemm_mpfr_C_native_06.cpp.o
[ 46%] Built target Rgemv_mpfr_kernel_openmp_04_ROUNDING_FMA_CAPTURE_PRECISION_FMA
[ 46%] Built target Rgemv_mpfr_kernel_openmp_04_ROUNDING_PRECISION
[ 46%] Building CXX object benchmarks/CMakeFiles/Rgemm_mpfr_C_native_openmp_06.dir/mpfr/03_Rgemm/Rgemm_mpfr_C_native_openmp_06.cpp.o
[ 46%] Building CXX object benchmarks/CMakeFiles/Rgemm_mpfr_C_native_03_FMA.dir/mpfr/03_Rgemm/Rgemm_mpfr_C_native_03_FMA.cpp.o
[ 46%] Built target Rgemv_mpfr_kernel_openmp_04_PRECISION
[ 47%] Building CXX object benchmarks/CMakeFiles/Rgemm_mpfr_C_native_openmp_03_FMA.dir/mpfr/03_Rgemm/Rgemm_mpfr_C_native_openmp_03_FMA.cpp.o
[ 47%] Linking CXX executable mpfr/02_Rgemv/Rgemv_mpfr_kernel_openmp_05
[ 47%] Linking CXX executable mpfr/02_Rgemv/Rgemv_mpfr_kernel_openmp_05_PRECISION
[ 47%] Built target Rgemv_mpfr_kernel_openmp_05
[ 47%] Building CXX object benchmarks/CMakeFiles/Rgemm_mpfr_C_native_04_FMA.dir/mpfr/03_Rgemm/Rgemm_mpfr_C_native_04_FMA.cpp.o
[ 47%] Linking CXX executable mpfr/02_Rgemv/Rgemv_mpfr_kernel_openmp_05_ROUNDING_FMA_CAPTURE_FMA
[ 47%] Linking CXX executable mpfr/02_Rgemv/Rgemv_mpfr_kernel_openmp_05_ROUNDING_PRECISION
[ 47%] Built target Rgemv_mpfr_kernel_openmp_05_PRECISION
[ 47%] Linking CXX executable mpfr/02_Rgemv/Rgemv_mpfr_kernel_openmp_05_ROUNDING_FMA_CAPTURE_PRECISION_FMA
[ 47%] Building CXX object benchmarks/CMakeFiles/Rgemm_mpfr_C_native_openmp_04_FMA.dir/mpfr/03_Rgemm/Rgemm_mpfr_C_native_openmp_04_FMA.cpp.o
[ 47%] Linking CXX executable mpfr/02_Rgemv/Rgemv_mpfr_kernel_openmp_06
[ 47%] Built target Rgemv_mpfr_kernel_openmp_05_ROUNDING_FMA_CAPTURE_FMA
[ 47%] Linking CXX executable mpfr/02_Rgemv/Rgemv_mpfr_kernel_openmp_05_ROUNDING
[ 47%] Built target Rgemv_mpfr_kernel_openmp_05_ROUNDING_PRECISION
[ 48%] Building CXX object benchmarks/CMakeFiles/Rgemm_mpfr_C_native_05_FMA.dir/mpfr/03_Rgemm/Rgemm_mpfr_C_native_05_FMA.cpp.o
[ 48%] Building CXX object benchmarks/CMakeFiles/Rgemm_mpfr_C_native_openmp_05_FMA.dir/mpfr/03_Rgemm/Rgemm_mpfr_C_native_openmp_05_FMA.cpp.o
[ 48%] Linking CXX executable mpfr/02_Rgemv/Rgemv_mpfr_kernel_openmp_06_ROUNDING
[ 48%] Built target Rgemv_mpfr_kernel_openmp_05_ROUNDING_FMA_CAPTURE_PRECISION_FMA
[ 48%] Linking CXX executable mpfr/02_Rgemv/Rgemv_mpfr_kernel_openmp_06_ROUNDING_FMA_CAPTURE_FMA
[ 48%] Linking CXX executable mpfr/02_Rgemv/Rgemv_mpfr_kernel_openmp_06_ROUNDING_FMA_CAPTURE_PRECISION_FMA
[ 48%] Building CXX object benchmarks/CMakeFiles/Rgemm_mpfr_C_native_06_FMA.dir/mpfr/03_Rgemm/Rgemm_mpfr_C_native_06_FMA.cpp.o
[ 48%] Built target Rgemv_mpfr_kernel_openmp_06
[ 48%] Built target Rgemv_mpfr_kernel_openmp_05_ROUNDING
[ 48%] Building CXX object benchmarks/CMakeFiles/Rgemm_mpfr_C_native_openmp_06_FMA.dir/mpfr/03_Rgemm/Rgemm_mpfr_C_native_openmp_06_FMA.cpp.o
[ 48%] Linking CXX executable mpfr/02_Rgemv/Rgemv_mpfr_kernel_openmp_06_ROUNDING_PRECISION
[ 48%] Building CXX object benchmarks/CMakeFiles/Rgemm_mpfr_kernel_01_mkII.dir/mpfr/03_Rgemm/Rgemm_mpfr_kernel_01.cpp.o
[ 48%] Linking CXX executable mpfr/02_Rgemv/Rgemv_mpfr_kernel_openmp_06_PRECISION
[ 48%] Built target Rgemv_mpfr_kernel_openmp_06_ROUNDING
[ 48%] Built target Rgemv_mpfr_kernel_openmp_06_ROUNDING_FMA_CAPTURE_PRECISION_FMA
[ 48%] Built target Rgemv_mpfr_kernel_openmp_06_ROUNDING_FMA_CAPTURE_FMA
[ 48%] Building CXX object benchmarks/CMakeFiles/Rgemm_mpfr_kernel_01_mkII_PRECISION.dir/mpfr/03_Rgemm/Rgemm_mpfr_kernel_01.cpp.o
[ 48%] Building CXX object benchmarks/CMakeFiles/Rgemm_mpfr_kernel_01_mkII_ROUNDING.dir/mpfr/03_Rgemm/Rgemm_mpfr_kernel_01_ROUNDING.cpp.o
[ 48%] Building CXX object benchmarks/CMakeFiles/Rgemm_mpfr_kernel_01_mkII_ROUNDING_PRECISION.dir/mpfr/03_Rgemm/Rgemm_mpfr_kernel_01_ROUNDING.cpp.o
[ 48%] Built target Rgemv_mpfr_kernel_openmp_06_ROUNDING_PRECISION
[ 48%] Built target Rgemv_mpfr_kernel_openmp_06_PRECISION
[ 48%] Building CXX object benchmarks/CMakeFiles/Rgemm_mpfr_kernel_openmp_01_mkII.dir/mpfr/03_Rgemm/Rgemm_mpfr_kernel_openmp_01.cpp.o
[ 48%] Building CXX object benchmarks/CMakeFiles/Rgemm_mpfr_kernel_openmp_01_mkII_PRECISION.dir/mpfr/03_Rgemm/Rgemm_mpfr_kernel_openmp_01.cpp.o
[ 48%] Linking CXX executable mpfr/02_Rgemv/Rgemv_mpfr_kernel_openmp_07_ROUNDING_FMA_CAPTURE_FMA
[ 48%] Linking CXX executable mpfr/02_Rgemv/Rgemv_mpfr_kernel_openmp_07
[ 48%] Linking CXX executable mpfr/02_Rgemv/Rgemv_mpfr_kernel_openmp_07_ROUNDING
[ 49%] Linking CXX executable mpfr/02_Rgemv/Rgemv_mpfr_kernel_openmp_07_ROUNDING_FMA_CAPTURE_PRECISION_FMA
[ 49%] Linking CXX executable mpfr/02_Rgemv/Rgemv_mpfr_kernel_openmp_07_ROUNDING_PRECISION
[ 49%] Linking CXX executable mpfr/02_Rgemv/Rgemv_mpfr_kernel_openmp_07_PRECISION
[ 50%] Linking CXX executable mpfr/03_Rgemm/Rgemm_mpfr_C_native_01
[ 50%] Built target Rgemv_mpfr_kernel_openmp_07_ROUNDING
[ 50%] Built target Rgemv_mpfr_kernel_openmp_07
[ 50%] Linking CXX executable mpfr/03_Rgemm/Rgemm_mpfr_C_native_openmp_01
[ 50%] Built target Rgemv_mpfr_kernel_openmp_07_ROUNDING_FMA_CAPTURE_FMA
[ 50%] Linking CXX executable mpfr/03_Rgemm/Rgemm_mpfr_C_native_02
[ 50%] Built target Rgemv_mpfr_kernel_openmp_07_ROUNDING_FMA_CAPTURE_PRECISION_FMA
[ 50%] Building CXX object benchmarks/CMakeFiles/Rgemm_mpfr_kernel_openmp_01_mkII_ROUNDING.dir/mpfr/03_Rgemm/Rgemm_mpfr_kernel_openmp_01_ROUNDING.cpp.o
[ 50%] Building CXX object benchmarks/CMakeFiles/Rgemm_mpfr_kernel_openmp_01_mkII_ROUNDING_PRECISION.dir/mpfr/03_Rgemm/Rgemm_mpfr_kernel_openmp_01_ROUNDING.cpp.o
[ 50%] Linking CXX executable mpfr/03_Rgemm/Rgemm_mpfr_C_native_03
[ 50%] Linking CXX executable mpfr/03_Rgemm/Rgemm_mpfr_C_native_openmp_03
[ 50%] Built target Rgemv_mpfr_kernel_openmp_07_ROUNDING_PRECISION
[ 50%] Building CXX object benchmarks/CMakeFiles/Rgemm_mpfr_kernel_02_mkII.dir/mpfr/03_Rgemm/Rgemm_mpfr_kernel_02.cpp.o
[ 50%] Building CXX object benchmarks/CMakeFiles/Rgemm_mpfr_kernel_02_mkII_PRECISION.dir/mpfr/03_Rgemm/Rgemm_mpfr_kernel_02.cpp.o
[ 50%] Built target Rgemv_mpfr_kernel_openmp_07_PRECISION
[ 50%] Linking CXX executable mpfr/03_Rgemm/Rgemm_mpfr_C_native_04
[ 50%] Building CXX object benchmarks/CMakeFiles/Rgemm_mpfr_kernel_02_mkII_ROUNDING.dir/mpfr/03_Rgemm/Rgemm_mpfr_kernel_02_ROUNDING.cpp.o
[ 50%] Building CXX object benchmarks/CMakeFiles/Rgemm_mpfr_kernel_02_mkII_ROUNDING_PRECISION.dir/mpfr/03_Rgemm/Rgemm_mpfr_kernel_02_ROUNDING.cpp.o
[ 50%] Built target Rgemm_mpfr_C_native_01
[ 50%] Building CXX object benchmarks/CMakeFiles/Rgemm_mpfr_kernel_openmp_02_mkII.dir/mpfr/03_Rgemm/Rgemm_mpfr_kernel_openmp_02.cpp.o
[ 50%] Built target Rgemm_mpfr_C_native_02
[ 50%] Built target Rgemm_mpfr_C_native_openmp_01
[ 50%] Built target Rgemm_mpfr_C_native_openmp_03
[ 50%] Building CXX object benchmarks/CMakeFiles/Rgemm_mpfr_kernel_openmp_02_mkII_PRECISION.dir/mpfr/03_Rgemm/Rgemm_mpfr_kernel_openmp_02.cpp.o
[ 50%] Built target Rgemm_mpfr_C_native_04
[ 50%] Built target Rgemm_mpfr_C_native_03
[ 50%] Building CXX object benchmarks/CMakeFiles/Rgemm_mpfr_kernel_openmp_02_mkII_ROUNDING.dir/mpfr/03_Rgemm/Rgemm_mpfr_kernel_openmp_02_ROUNDING.cpp.o
[ 50%] Building CXX object benchmarks/CMakeFiles/Rgemm_mpfr_kernel_openmp_02_mkII_ROUNDING_PRECISION.dir/mpfr/03_Rgemm/Rgemm_mpfr_kernel_openmp_02_ROUNDING.cpp.o
[ 50%] Linking CXX executable mpfr/03_Rgemm/Rgemm_mpfr_C_native_openmp_04
[ 50%] Building CXX object benchmarks/CMakeFiles/Rgemm_mpfr_kernel_03_mkII.dir/mpfr/03_Rgemm/Rgemm_mpfr_kernel_03.cpp.o
[ 50%] Building CXX object benchmarks/CMakeFiles/Rgemm_mpfr_kernel_03_mkII_PRECISION.dir/mpfr/03_Rgemm/Rgemm_mpfr_kernel_03.cpp.o
[ 50%] Linking CXX executable mpfr/03_Rgemm/Rgemm_mpfr_C_native_05
[ 50%] Linking CXX executable mpfr/03_Rgemm/Rgemm_mpfr_C_native_openmp_02
[ 50%] Built target Rgemm_mpfr_C_native_openmp_04
[ 50%] Building CXX object benchmarks/CMakeFiles/Rgemm_mpfr_kernel_03_mkII_ROUNDING.dir/mpfr/03_Rgemm/Rgemm_mpfr_kernel_03_ROUNDING.cpp.o
[ 50%] Built target Rgemm_mpfr_C_native_05
[ 50%] Building CXX object benchmarks/CMakeFiles/Rgemm_mpfr_kernel_03_mkII_ROUNDING_PRECISION.dir/mpfr/03_Rgemm/Rgemm_mpfr_kernel_03_ROUNDING.cpp.o
[ 50%] Built target Rgemm_mpfr_C_native_openmp_02
[ 50%] Building CXX object benchmarks/CMakeFiles/Rgemm_mpfr_kernel_03_mkII_ROUNDING_FMA.dir/mpfr/03_Rgemm/Rgemm_mpfr_kernel_03_ROUNDING_FMA.cpp.o
[ 50%] Linking CXX executable mpfr/03_Rgemm/Rgemm_mpfr_C_native_openmp_05
[ 50%] Linking CXX executable mpfr/03_Rgemm/Rgemm_mpfr_C_native_06
[ 50%] Linking CXX executable mpfr/03_Rgemm/Rgemm_mpfr_C_native_openmp_06
[ 50%] Built target Rgemm_mpfr_C_native_openmp_05
[ 50%] Building CXX object benchmarks/CMakeFiles/Rgemm_mpfr_kernel_03_mkII_ROUNDING_PRECISION_FMA.dir/mpfr/03_Rgemm/Rgemm_mpfr_kernel_03_ROUNDING_FMA.cpp.o
[ 50%] Built target Rgemm_mpfr_C_native_06
[ 50%] Linking CXX executable mpfr/03_Rgemm/Rgemm_mpfr_C_native_openmp_03_FMA
[ 50%] Building CXX object benchmarks/CMakeFiles/Rgemm_mpfr_kernel_openmp_03_mkII.dir/mpfr/03_Rgemm/Rgemm_mpfr_kernel_openmp_03.cpp.o
[ 50%] Built target Rgemm_mpfr_C_native_openmp_06
[ 50%] Linking CXX executable mpfr/03_Rgemm/Rgemm_mpfr_C_native_03_FMA
[ 50%] Building CXX object benchmarks/CMakeFiles/Rgemm_mpfr_kernel_openmp_03_mkII_PRECISION.dir/mpfr/03_Rgemm/Rgemm_mpfr_kernel_openmp_03.cpp.o
[ 50%] Built target Rgemm_mpfr_C_native_openmp_03_FMA
[ 50%] Building CXX object benchmarks/CMakeFiles/Rgemm_mpfr_kernel_openmp_03_mkII_ROUNDING.dir/mpfr/03_Rgemm/Rgemm_mpfr_kernel_openmp_03_ROUNDING.cpp.o
[ 50%] Built target Rgemm_mpfr_C_native_03_FMA
[ 50%] Building CXX object benchmarks/CMakeFiles/Rgemm_mpfr_kernel_openmp_03_mkII_ROUNDING_PRECISION.dir/mpfr/03_Rgemm/Rgemm_mpfr_kernel_openmp_03_ROUNDING.cpp.o
[ 50%] Linking CXX executable mpfr/03_Rgemm/Rgemm_mpfr_C_native_04_FMA
[ 50%] Built target Rgemm_mpfr_C_native_04_FMA
[ 50%] Building CXX object benchmarks/CMakeFiles/Rgemm_mpfr_kernel_openmp_03_mkII_ROUNDING_FMA.dir/mpfr/03_Rgemm/Rgemm_mpfr_kernel_openmp_03_ROUNDING_FMA.cpp.o
[ 50%] Linking CXX executable mpfr/03_Rgemm/Rgemm_mpfr_C_native_05_FMA
[ 50%] Linking CXX executable mpfr/03_Rgemm/Rgemm_mpfr_C_native_openmp_05_FMA
[ 50%] Linking CXX executable mpfr/03_Rgemm/Rgemm_mpfr_kernel_01_mkII
[ 50%] Linking CXX executable mpfr/03_Rgemm/Rgemm_mpfr_C_native_06_FMA
[ 50%] Linking CXX executable mpfr/03_Rgemm/Rgemm_mpfr_kernel_01_mkII_ROUNDING
[ 50%] Linking CXX executable mpfr/03_Rgemm/Rgemm_mpfr_C_native_openmp_04_FMA
[ 50%] Built target Rgemm_mpfr_C_native_openmp_05_FMA
[ 50%] Built target Rgemm_mpfr_kernel_01_mkII
[ 50%] Building CXX object benchmarks/CMakeFiles/Rgemm_mpfr_kernel_openmp_03_mkII_ROUNDING_PRECISION_FMA.dir/mpfr/03_Rgemm/Rgemm_mpfr_kernel_openmp_03_ROUNDING_FMA.cpp.o
[ 50%] Built target Rgemm_mpfr_C_native_05_FMA
[ 50%] Building CXX object benchmarks/CMakeFiles/Rgemm_mpfr_kernel_04_mkII.dir/mpfr/03_Rgemm/Rgemm_mpfr_kernel_04.cpp.o
[ 50%] Built target Rgemm_mpfr_kernel_01_mkII_ROUNDING
[ 50%] Built target Rgemm_mpfr_C_native_06_FMA
[ 50%] Linking CXX executable mpfr/03_Rgemm/Rgemm_mpfr_kernel_01_mkII_ROUNDING_PRECISION
[ 50%] Building CXX object benchmarks/CMakeFiles/Rgemm_mpfr_kernel_04_mkII_PRECISION.dir/mpfr/03_Rgemm/Rgemm_mpfr_kernel_04.cpp.o
[ 50%] Building CXX object benchmarks/CMakeFiles/Rgemm_mpfr_kernel_04_mkII_ROUNDING.dir/mpfr/03_Rgemm/Rgemm_mpfr_kernel_04_ROUNDING.cpp.o
[ 51%] Building CXX object benchmarks/CMakeFiles/Rgemm_mpfr_kernel_04_mkII_ROUNDING_PRECISION.dir/mpfr/03_Rgemm/Rgemm_mpfr_kernel_04_ROUNDING.cpp.o
[ 51%] Linking CXX executable mpfr/03_Rgemm/Rgemm_mpfr_kernel_01_mkII_PRECISION
[ 51%] Linking CXX executable mpfr/03_Rgemm/Rgemm_mpfr_kernel_openmp_01_mkII_PRECISION
[ 51%] Built target Rgemm_mpfr_C_native_openmp_04_FMA
[ 51%] Building CXX object benchmarks/CMakeFiles/Rgemm_mpfr_kernel_04_mkII_ROUNDING_FMA.dir/mpfr/03_Rgemm/Rgemm_mpfr_kernel_04_ROUNDING_FMA.cpp.o
[ 51%] Linking CXX executable mpfr/03_Rgemm/Rgemm_mpfr_kernel_openmp_01_mkII
[ 51%] Built target Rgemm_mpfr_kernel_01_mkII_ROUNDING_PRECISION
[ 51%] Building CXX object benchmarks/CMakeFiles/Rgemm_mpfr_kernel_04_mkII_ROUNDING_PRECISION_FMA.dir/mpfr/03_Rgemm/Rgemm_mpfr_kernel_04_ROUNDING_FMA.cpp.o
[ 51%] Built target Rgemm_mpfr_kernel_01_mkII_PRECISION
[ 51%] Built target Rgemm_mpfr_kernel_openmp_01_mkII_PRECISION
[ 51%] Building CXX object benchmarks/CMakeFiles/Rgemm_mpfr_kernel_openmp_04_mkII.dir/mpfr/03_Rgemm/Rgemm_mpfr_kernel_openmp_04.cpp.o
[ 51%] Building CXX object benchmarks/CMakeFiles/Rgemm_mpfr_kernel_openmp_04_mkII_PRECISION.dir/mpfr/03_Rgemm/Rgemm_mpfr_kernel_openmp_04.cpp.o
[ 51%] Built target Rgemm_mpfr_kernel_openmp_01_mkII
[ 51%] Building CXX object benchmarks/CMakeFiles/Rgemm_mpfr_kernel_openmp_04_mkII_ROUNDING.dir/mpfr/03_Rgemm/Rgemm_mpfr_kernel_openmp_04_ROUNDING.cpp.o
[ 52%] Linking CXX executable mpfr/03_Rgemm/Rgemm_mpfr_C_native_openmp_06_FMA
[ 52%] Built target Rgemm_mpfr_C_native_openmp_06_FMA
[ 52%] Linking CXX executable mpfr/03_Rgemm/Rgemm_mpfr_kernel_02_mkII
[ 52%] Linking CXX executable mpfr/03_Rgemm/Rgemm_mpfr_kernel_openmp_01_mkII_ROUNDING_PRECISION
[ 52%] Linking CXX executable mpfr/03_Rgemm/Rgemm_mpfr_kernel_02_mkII_ROUNDING
[ 52%] Linking CXX executable mpfr/03_Rgemm/Rgemm_mpfr_kernel_openmp_01_mkII_ROUNDING
[ 52%] Building CXX object benchmarks/CMakeFiles/Rgemm_mpfr_kernel_openmp_04_mkII_ROUNDING_PRECISION.dir/mpfr/03_Rgemm/Rgemm_mpfr_kernel_openmp_04_ROUNDING.cpp.o
[ 52%] Linking CXX executable mpfr/03_Rgemm/Rgemm_mpfr_kernel_02_mkII_ROUNDING_PRECISION
[ 53%] Linking CXX executable mpfr/03_Rgemm/Rgemm_mpfr_kernel_02_mkII_PRECISION
[ 53%] Linking CXX executable mpfr/03_Rgemm/Rgemm_mpfr_kernel_openmp_02_mkII_PRECISION
[ 54%] Built target Rgemm_mpfr_kernel_openmp_01_mkII_ROUNDING_PRECISION
[ 54%] Linking CXX executable mpfr/03_Rgemm/Rgemm_mpfr_kernel_openmp_02_mkII
[ 54%] Built target Rgemm_mpfr_kernel_02_mkII_ROUNDING
[ 54%] Built target Rgemm_mpfr_kernel_02_mkII
[ 55%] Building CXX object benchmarks/CMakeFiles/Rgemm_mpfr_kernel_openmp_04_mkII_ROUNDING_FMA.dir/mpfr/03_Rgemm/Rgemm_mpfr_kernel_openmp_04_ROUNDING_FMA.cpp.o
[ 55%] Linking CXX executable mpfr/03_Rgemm/Rgemm_mpfr_kernel_openmp_02_mkII_ROUNDING_PRECISION
[ 55%] Building CXX object benchmarks/CMakeFiles/Rgemm_mpfr_kernel_openmp_04_mkII_ROUNDING_PRECISION_FMA.dir/mpfr/03_Rgemm/Rgemm_mpfr_kernel_openmp_04_ROUNDING_FMA.cpp.o
[ 55%] Building CXX object benchmarks/CMakeFiles/Rgemm_mpfr_kernel_05_mkII.dir/mpfr/03_Rgemm/Rgemm_mpfr_kernel_05.cpp.o
[ 55%] Built target Rgemm_mpfr_kernel_02_mkII_ROUNDING_PRECISION
[ 55%] Built target Rgemm_mpfr_kernel_02_mkII_PRECISION
[ 55%] Building CXX object benchmarks/CMakeFiles/Rgemm_mpfr_kernel_05_mkII_PRECISION.dir/mpfr/03_Rgemm/Rgemm_mpfr_kernel_05.cpp.o
[ 55%] Built target Rgemm_mpfr_kernel_openmp_01_mkII_ROUNDING
[ 55%] Building CXX object benchmarks/CMakeFiles/Rgemm_mpfr_kernel_05_mkII_ROUNDING.dir/mpfr/03_Rgemm/Rgemm_mpfr_kernel_05_ROUNDING.cpp.o
[ 55%] Built target Rgemm_mpfr_kernel_openmp_02_mkII_PRECISION
[ 56%] Building CXX object benchmarks/CMakeFiles/Rgemm_mpfr_kernel_05_mkII_ROUNDING_PRECISION.dir/mpfr/03_Rgemm/Rgemm_mpfr_kernel_05_ROUNDING.cpp.o
[ 56%] Linking CXX executable mpfr/03_Rgemm/Rgemm_mpfr_kernel_03_mkII
[ 56%] Linking CXX executable mpfr/03_Rgemm/Rgemm_mpfr_kernel_03_mkII_ROUNDING_PRECISION
[ 56%] Building CXX object benchmarks/CMakeFiles/Rgemm_mpfr_kernel_05_mkII_ROUNDING_FMA.dir/mpfr/03_Rgemm/Rgemm_mpfr_kernel_05_ROUNDING_FMA.cpp.o
[ 56%] Built target Rgemm_mpfr_kernel_openmp_02_mkII
[ 56%] Linking CXX executable mpfr/03_Rgemm/Rgemm_mpfr_kernel_03_mkII_PRECISION
[ 56%] Built target Rgemm_mpfr_kernel_openmp_02_mkII_ROUNDING_PRECISION
[ 56%] Building CXX object benchmarks/CMakeFiles/Rgemm_mpfr_kernel_05_mkII_ROUNDING_PRECISION_FMA.dir/mpfr/03_Rgemm/Rgemm_mpfr_kernel_05_ROUNDING_FMA.cpp.o
[ 56%] Linking CXX executable mpfr/03_Rgemm/Rgemm_mpfr_kernel_03_mkII_ROUNDING
[ 56%] Building CXX object benchmarks/CMakeFiles/Rgemm_mpfr_kernel_openmp_05_mkII.dir/mpfr/03_Rgemm/Rgemm_mpfr_kernel_openmp_05.cpp.o
[ 56%] Built target Rgemm_mpfr_kernel_03_mkII_ROUNDING_PRECISION
[ 57%] Linking CXX executable mpfr/03_Rgemm/Rgemm_mpfr_kernel_03_mkII_ROUNDING_FMA
[ 57%] Building CXX object benchmarks/CMakeFiles/Rgemm_mpfr_kernel_openmp_05_mkII_PRECISION.dir/mpfr/03_Rgemm/Rgemm_mpfr_kernel_openmp_05.cpp.o
[ 57%] Built target Rgemm_mpfr_kernel_03_mkII_PRECISION
[ 57%] Built target Rgemm_mpfr_kernel_03_mkII
[ 57%] Built target Rgemm_mpfr_kernel_03_mkII_ROUNDING
[ 57%] Building CXX object benchmarks/CMakeFiles/Rgemm_mpfr_kernel_openmp_05_mkII_ROUNDING.dir/mpfr/03_Rgemm/Rgemm_mpfr_kernel_openmp_05_ROUNDING.cpp.o
[ 57%] Building CXX object benchmarks/CMakeFiles/Rgemm_mpfr_kernel_openmp_05_mkII_ROUNDING_PRECISION.dir/mpfr/03_Rgemm/Rgemm_mpfr_kernel_openmp_05_ROUNDING.cpp.o
[ 58%] Building CXX object benchmarks/CMakeFiles/Rgemm_mpfr_kernel_openmp_05_mkII_ROUNDING_FMA.dir/mpfr/03_Rgemm/Rgemm_mpfr_kernel_openmp_05_ROUNDING_FMA.cpp.o
[ 58%] Linking CXX executable mpfr/03_Rgemm/Rgemm_mpfr_kernel_openmp_02_mkII_ROUNDING
[ 58%] Built target Rgemm_mpfr_kernel_03_mkII_ROUNDING_FMA
[ 58%] Building CXX object benchmarks/CMakeFiles/Rgemm_mpfr_kernel_openmp_05_mkII_ROUNDING_PRECISION_FMA.dir/mpfr/03_Rgemm/Rgemm_mpfr_kernel_openmp_05_ROUNDING_FMA.cpp.o
[ 58%] Linking CXX executable mpfr/03_Rgemm/Rgemm_mpfr_kernel_03_mkII_ROUNDING_PRECISION_FMA
[ 58%] Built target Rgemm_mpfr_kernel_openmp_02_mkII_ROUNDING
[ 58%] Built target Rgemm_mpfr_kernel_03_mkII_ROUNDING_PRECISION_FMA
[ 58%] Building CXX object benchmarks/CMakeFiles/Rgemm_mpfr_kernel_06_mkII.dir/mpfr/03_Rgemm/Rgemm_mpfr_kernel_06.cpp.o
[ 58%] Building CXX object benchmarks/CMakeFiles/Rgemm_mpfr_kernel_06_mkII_PRECISION.dir/mpfr/03_Rgemm/Rgemm_mpfr_kernel_06.cpp.o
[ 59%] Linking CXX executable mpfr/03_Rgemm/Rgemm_mpfr_kernel_openmp_03_mkII_ROUNDING
[ 59%] Linking CXX executable mpfr/03_Rgemm/Rgemm_mpfr_kernel_openmp_03_mkII
[ 59%] Linking CXX executable mpfr/03_Rgemm/Rgemm_mpfr_kernel_openmp_03_mkII_PRECISION
[ 59%] Linking CXX executable mpfr/03_Rgemm/Rgemm_mpfr_kernel_openmp_03_mkII_ROUNDING_PRECISION
[ 59%] Built target Rgemm_mpfr_kernel_openmp_03_mkII_ROUNDING
[ 59%] Built target Rgemm_mpfr_kernel_openmp_03_mkII
[ 59%] Building CXX object benchmarks/CMakeFiles/Rgemm_mpfr_kernel_06_mkII_ROUNDING.dir/mpfr/03_Rgemm/Rgemm_mpfr_kernel_06_ROUNDING.cpp.o
[ 59%] Building CXX object benchmarks/CMakeFiles/Rgemm_mpfr_kernel_06_mkII_ROUNDING_PRECISION.dir/mpfr/03_Rgemm/Rgemm_mpfr_kernel_06_ROUNDING.cpp.o
[ 59%] Built target Rgemm_mpfr_kernel_openmp_03_mkII_PRECISION
[ 59%] Built target Rgemm_mpfr_kernel_openmp_03_mkII_ROUNDING_PRECISION
[ 59%] Building CXX object benchmarks/CMakeFiles/Rgemm_mpfr_kernel_06_mkII_ROUNDING_FMA.dir/mpfr/03_Rgemm/Rgemm_mpfr_kernel_06_ROUNDING_FMA.cpp.o
[ 59%] Building CXX object benchmarks/CMakeFiles/Rgemm_mpfr_kernel_06_mkII_ROUNDING_PRECISION_FMA.dir/mpfr/03_Rgemm/Rgemm_mpfr_kernel_06_ROUNDING_FMA.cpp.o
[ 59%] Linking CXX executable mpfr/03_Rgemm/Rgemm_mpfr_kernel_openmp_03_mkII_ROUNDING_FMA
[ 59%] Built target Rgemm_mpfr_kernel_openmp_03_mkII_ROUNDING_FMA
[ 59%] Linking CXX executable mpfr/03_Rgemm/Rgemm_mpfr_kernel_openmp_03_mkII_ROUNDING_PRECISION_FMA
[ 59%] Building CXX object benchmarks/CMakeFiles/Rgemm_mpfr_kernel_openmp_06_mkII.dir/mpfr/03_Rgemm/Rgemm_mpfr_kernel_openmp_06.cpp.o
[ 59%] Built target Rgemm_mpfr_kernel_openmp_03_mkII_ROUNDING_PRECISION_FMA
[ 59%] Building CXX object benchmarks/CMakeFiles/Rgemm_mpfr_kernel_openmp_06_mkII_PRECISION.dir/mpfr/03_Rgemm/Rgemm_mpfr_kernel_openmp_06.cpp.o
[ 59%] Linking CXX executable mpfr/03_Rgemm/Rgemm_mpfr_kernel_04_mkII_ROUNDING
[ 59%] Linking CXX executable mpfr/03_Rgemm/Rgemm_mpfr_kernel_04_mkII_ROUNDING_PRECISION
[ 59%] Built target Rgemm_mpfr_kernel_04_mkII_ROUNDING
[ 59%] Building CXX object benchmarks/CMakeFiles/Rgemm_mpfr_kernel_openmp_06_mkII_ROUNDING.dir/mpfr/03_Rgemm/Rgemm_mpfr_kernel_openmp_06_ROUNDING.cpp.o
[ 59%] Linking CXX executable mpfr/03_Rgemm/Rgemm_mpfr_kernel_04_mkII_ROUNDING_FMA
[ 59%] Linking CXX executable mpfr/03_Rgemm/Rgemm_mpfr_kernel_04_mkII_ROUNDING_PRECISION_FMA
[ 59%] Built target Rgemm_mpfr_kernel_04_mkII_ROUNDING_PRECISION
[ 59%] Building CXX object benchmarks/CMakeFiles/Rgemm_mpfr_kernel_openmp_06_mkII_ROUNDING_PRECISION.dir/mpfr/03_Rgemm/Rgemm_mpfr_kernel_openmp_06_ROUNDING.cpp.o
[ 59%] Built target Rgemm_mpfr_kernel_04_mkII_ROUNDING_FMA
[ 59%] Linking CXX executable mpfr/03_Rgemm/Rgemm_mpfr_kernel_04_mkII_PRECISION
[ 59%] Building CXX object benchmarks/CMakeFiles/Rgemm_mpfr_kernel_openmp_06_mkII_ROUNDING_FMA.dir/mpfr/03_Rgemm/Rgemm_mpfr_kernel_openmp_06_ROUNDING_FMA.cpp.o
[ 59%] Built target Rgemm_mpfr_kernel_04_mkII_ROUNDING_PRECISION_FMA
[ 59%] Linking CXX executable mpfr/03_Rgemm/Rgemm_mpfr_kernel_openmp_04_mkII
[ 59%] Building CXX object benchmarks/CMakeFiles/Rgemm_mpfr_kernel_openmp_06_mkII_ROUNDING_PRECISION_FMA.dir/mpfr/03_Rgemm/Rgemm_mpfr_kernel_openmp_06_ROUNDING_FMA.cpp.o
[ 59%] Linking CXX executable mpfr/03_Rgemm/Rgemm_mpfr_kernel_04_mkII
[ 59%] Linking CXX executable mpfr/03_Rgemm/Rgemm_mpfr_kernel_openmp_04_mkII_ROUNDING
[ 59%] Linking CXX executable mpfr/03_Rgemm/Rgemm_mpfr_kernel_openmp_04_mkII_PRECISION
[ 59%] Built target Rgemm_mpfr_kernel_04_mkII_PRECISION
[ 59%] Building CXX object benchmarks/CMakeFiles/Raxpy_gmp_C_native_01.dir/gmp/01_Raxpy/Raxpy_gmp_C_native_01.cpp.o
[ 59%] Built target Rgemm_mpfr_kernel_openmp_04_mkII
[ 59%] Built target Rgemm_mpfr_kernel_04_mkII
[ 59%] Built target Rgemm_mpfr_kernel_openmp_04_mkII_ROUNDING
[ 59%] Building CXX object benchmarks/CMakeFiles/Raxpy_gmp_C_native_02.dir/gmp/01_Raxpy/Raxpy_gmp_C_native_02.cpp.o
[ 59%] Linking CXX executable mpfr/03_Rgemm/Rgemm_mpfr_kernel_05_mkII_ROUNDING_PRECISION_FMA
[ 59%] Building CXX object benchmarks/CMakeFiles/Raxpy_gmp_C_native_03.dir/gmp/01_Raxpy/Raxpy_gmp_C_native_03.cpp.o
[ 59%] Building CXX object benchmarks/CMakeFiles/Raxpy_gmp_C_native_04.dir/gmp/01_Raxpy/Raxpy_gmp_C_native_04.cpp.o
[ 59%] Linking CXX executable mpfr/03_Rgemm/Rgemm_mpfr_kernel_05_mkII_ROUNDING
[ 59%] Built target Rgemm_mpfr_kernel_openmp_04_mkII_PRECISION
[ 59%] Linking CXX executable mpfr/03_Rgemm/Rgemm_mpfr_kernel_05_mkII_ROUNDING_FMA
[ 59%] Linking CXX executable mpfr/03_Rgemm/Rgemm_mpfr_kernel_05_mkII_ROUNDING_PRECISION
[ 59%] Building CXX object benchmarks/CMakeFiles/Raxpy_gmp_C_native_openmp_01.dir/gmp/01_Raxpy/Raxpy_gmp_C_native_openmp_01.cpp.o
[ 59%] Linking CXX executable mpfr/03_Rgemm/Rgemm_mpfr_kernel_openmp_04_mkII_ROUNDING_PRECISION
[ 59%] Linking CXX executable mpfr/03_Rgemm/Rgemm_mpfr_kernel_openmp_04_mkII_ROUNDING_PRECISION_FMA
[ 59%] Built target Rgemm_mpfr_kernel_05_mkII_ROUNDING_PRECISION_FMA
[ 59%] Building CXX object benchmarks/CMakeFiles/Raxpy_gmp_C_native_openmp_02.dir/gmp/01_Raxpy/Raxpy_gmp_C_native_openmp_02.cpp.o
[ 59%] Built target Rgemm_mpfr_kernel_05_mkII_ROUNDING
[ 59%] Linking CXX executable mpfr/03_Rgemm/Rgemm_mpfr_kernel_05_mkII_PRECISION
[ 59%] Built target Rgemm_mpfr_kernel_05_mkII_ROUNDING_FMA
[ 59%] Built target Rgemm_mpfr_kernel_05_mkII_ROUNDING_PRECISION
[ 60%] Building CXX object benchmarks/CMakeFiles/Raxpy_gmp_C_native_openmp_03.dir/gmp/01_Raxpy/Raxpy_gmp_C_native_openmp_03.cpp.o
[ 60%] Linking CXX executable mpfr/03_Rgemm/Rgemm_mpfr_kernel_openmp_04_mkII_ROUNDING_FMA
[ 60%] Building CXX object benchmarks/CMakeFiles/Raxpy_gmp_C_native_openmp_04.dir/gmp/01_Raxpy/Raxpy_gmp_C_native_openmp_04.cpp.o
[ 60%] Built target Rgemm_mpfr_kernel_openmp_04_mkII_ROUNDING_PRECISION
[ 60%] Built target Rgemm_mpfr_kernel_openmp_04_mkII_ROUNDING_PRECISION_FMA
[ 60%] Building CXX object benchmarks/CMakeFiles/Raxpy_gmp_kernel_01_orig.dir/gmp/01_Raxpy/Raxpy_gmp_kernel_01.cpp.o
[ 60%] Building CXX object benchmarks/CMakeFiles/Raxpy_gmp_kernel_01_mkII.dir/gmp/01_Raxpy/Raxpy_gmp_kernel_01.cpp.o
[ 60%] Linking CXX executable mpfr/03_Rgemm/Rgemm_mpfr_kernel_openmp_05_mkII_ROUNDING_FMA
[ 60%] Building CXX object benchmarks/CMakeFiles/Raxpy_gmp_kernel_01_mkII_FIXED_PRECISION_FASTPATH.dir/gmp/01_Raxpy/Raxpy_gmp_kernel_01.cpp.o
[ 60%] Linking CXX executable mpfr/03_Rgemm/Rgemm_mpfr_kernel_05_mkII
[ 60%] Linking CXX executable mpfr/03_Rgemm/Rgemm_mpfr_kernel_openmp_05_mkII_ROUNDING_PRECISION_FMA
[ 60%] Built target Rgemm_mpfr_kernel_05_mkII_PRECISION
[ 60%] Building CXX object benchmarks/CMakeFiles/Raxpy_gmp_kernel_02_orig.dir/gmp/01_Raxpy/Raxpy_gmp_kernel_02.cpp.o
[ 60%] Built target Rgemm_mpfr_kernel_openmp_04_mkII_ROUNDING_FMA
[ 60%] Linking CXX executable mpfr/03_Rgemm/Rgemm_mpfr_kernel_openmp_05_mkII_ROUNDING_PRECISION
[ 60%] Building CXX object benchmarks/CMakeFiles/Raxpy_gmp_kernel_02_mkII.dir/gmp/01_Raxpy/Raxpy_gmp_kernel_02.cpp.o
[ 60%] Built target Rgemm_mpfr_kernel_openmp_05_mkII_ROUNDING_FMA
[ 60%] Built target Rgemm_mpfr_kernel_05_mkII
[ 60%] Built target Rgemm_mpfr_kernel_openmp_05_mkII_ROUNDING_PRECISION_FMA
[ 61%] Building CXX object benchmarks/CMakeFiles/Raxpy_gmp_kernel_02_mkII_FIXED_PRECISION_FASTPATH.dir/gmp/01_Raxpy/Raxpy_gmp_kernel_02.cpp.o
[ 61%] Building CXX object benchmarks/CMakeFiles/Raxpy_gmp_kernel_03_orig.dir/gmp/01_Raxpy/Raxpy_gmp_kernel_03.cpp.o
[ 61%] Building CXX object benchmarks/CMakeFiles/Raxpy_gmp_kernel_03_mkII.dir/gmp/01_Raxpy/Raxpy_gmp_kernel_03.cpp.o
[ 61%] Built target Rgemm_mpfr_kernel_openmp_05_mkII_ROUNDING_PRECISION
[ 61%] Linking CXX executable mpfr/03_Rgemm/Rgemm_mpfr_kernel_openmp_05_mkII
[ 61%] Building CXX object benchmarks/CMakeFiles/Raxpy_gmp_kernel_03_mkII_FIXED_PRECISION_FASTPATH.dir/gmp/01_Raxpy/Raxpy_gmp_kernel_03.cpp.o
[ 61%] Built target Rgemm_mpfr_kernel_openmp_05_mkII
[ 61%] Building CXX object benchmarks/CMakeFiles/Raxpy_gmp_kernel_04_orig.dir/gmp/01_Raxpy/Raxpy_gmp_kernel_04.cpp.o
[ 61%] Linking CXX executable mpfr/03_Rgemm/Rgemm_mpfr_kernel_06_mkII_ROUNDING_PRECISION_FMA
[ 61%] Linking CXX executable mpfr/03_Rgemm/Rgemm_mpfr_kernel_06_mkII_ROUNDING_FMA
[ 61%] Linking CXX executable mpfr/03_Rgemm/Rgemm_mpfr_kernel_06_mkII_ROUNDING
[ 62%] Linking CXX executable mpfr/03_Rgemm/Rgemm_mpfr_kernel_06_mkII_ROUNDING_PRECISION
[ 62%] Linking CXX executable mpfr/03_Rgemm/Rgemm_mpfr_kernel_06_mkII
[ 62%] Built target Rgemm_mpfr_kernel_06_mkII_ROUNDING_PRECISION_FMA
[ 62%] Built target Rgemm_mpfr_kernel_06_mkII_ROUNDING_FMA
[ 62%] Linking CXX executable mpfr/03_Rgemm/Rgemm_mpfr_kernel_openmp_05_mkII_ROUNDING
[ 62%] Building CXX object benchmarks/CMakeFiles/Raxpy_gmp_kernel_04_mkII.dir/gmp/01_Raxpy/Raxpy_gmp_kernel_04.cpp.o
[ 62%] Building CXX object benchmarks/CMakeFiles/Raxpy_gmp_kernel_04_mkII_FIXED_PRECISION_FASTPATH.dir/gmp/01_Raxpy/Raxpy_gmp_kernel_04.cpp.o
[ 62%] Linking CXX executable mpfr/03_Rgemm/Rgemm_mpfr_kernel_06_mkII_PRECISION
[ 62%] Built target Rgemm_mpfr_kernel_06_mkII_ROUNDING
[ 62%] Built target Rgemm_mpfr_kernel_06_mkII_ROUNDING_PRECISION
[ 62%] Building CXX object benchmarks/CMakeFiles/Raxpy_gmp_kernel_openmp_01_orig.dir/gmp/01_Raxpy/Raxpy_gmp_kernel_openmp_01.cpp.o
[ 62%] Building CXX object benchmarks/CMakeFiles/Raxpy_gmp_kernel_openmp_01_mkII.dir/gmp/01_Raxpy/Raxpy_gmp_kernel_openmp_01.cpp.o
[ 62%] Built target Rgemm_mpfr_kernel_06_mkII
[ 62%] Building CXX object benchmarks/CMakeFiles/Raxpy_gmp_kernel_openmp_01_mkII_FIXED_PRECISION_FASTPATH.dir/gmp/01_Raxpy/Raxpy_gmp_kernel_openmp_01.cpp.o
[ 62%] Built target Rgemm_mpfr_kernel_openmp_05_mkII_ROUNDING
[ 62%] Linking CXX executable gmp/01_Raxpy/Raxpy_gmp_kernel_01_orig
[ 62%] Built target Rgemm_mpfr_kernel_06_mkII_PRECISION
[ 62%] Linking CXX executable gmp/01_Raxpy/Raxpy_gmp_kernel_02_orig
[ 62%] Building CXX object benchmarks/CMakeFiles/Raxpy_gmp_kernel_openmp_02_orig.dir/gmp/01_Raxpy/Raxpy_gmp_kernel_openmp_02.cpp.o
[ 62%] Building CXX object benchmarks/CMakeFiles/Raxpy_gmp_kernel_openmp_02_mkII.dir/gmp/01_Raxpy/Raxpy_gmp_kernel_openmp_02.cpp.o
[ 62%] Linking CXX executable gmp/01_Raxpy/Raxpy_gmp_C_native_01
[ 62%] Linking CXX executable mpfr/03_Rgemm/Rgemm_mpfr_kernel_openmp_05_mkII_PRECISION
[ 62%] Linking CXX executable gmp/01_Raxpy/Raxpy_gmp_C_native_02
[ 62%] Built target Raxpy_gmp_kernel_01_orig
[ 62%] Linking CXX executable gmp/01_Raxpy/Raxpy_gmp_C_native_03
[ 62%] Linking CXX executable gmp/01_Raxpy/Raxpy_gmp_C_native_04
[ 62%] Built target Raxpy_gmp_kernel_02_orig
[ 62%] Building CXX object benchmarks/CMakeFiles/Raxpy_gmp_kernel_openmp_02_mkII_FIXED_PRECISION_FASTPATH.dir/gmp/01_Raxpy/Raxpy_gmp_kernel_openmp_02.cpp.o
[ 62%] Building CXX object benchmarks/CMakeFiles/Raxpy_gmp_kernel_openmp_03_orig.dir/gmp/01_Raxpy/Raxpy_gmp_kernel_openmp_03.cpp.o
[ 62%] Built target Raxpy_gmp_C_native_01
[ 62%] Linking CXX executable gmp/01_Raxpy/Raxpy_gmp_C_native_openmp_01
[ 62%] Built target Rgemm_mpfr_kernel_openmp_05_mkII_PRECISION
[ 62%] Building CXX object benchmarks/CMakeFiles/Raxpy_gmp_kernel_openmp_03_mkII.dir/gmp/01_Raxpy/Raxpy_gmp_kernel_openmp_03.cpp.o
[ 62%] Built target Raxpy_gmp_C_native_02
[ 62%] Building CXX object benchmarks/CMakeFiles/Raxpy_gmp_kernel_openmp_03_mkII_FIXED_PRECISION_FASTPATH.dir/gmp/01_Raxpy/Raxpy_gmp_kernel_openmp_03.cpp.o
[ 62%] Building CXX object benchmarks/CMakeFiles/Raxpy_gmp_kernel_openmp_04_orig.dir/gmp/01_Raxpy/Raxpy_gmp_kernel_openmp_04.cpp.o
[ 62%] Built target Raxpy_gmp_C_native_03
[ 62%] Built target Raxpy_gmp_C_native_04
[ 62%] Linking CXX executable gmp/01_Raxpy/Raxpy_gmp_C_native_openmp_02
[ 62%] Building CXX object benchmarks/CMakeFiles/Raxpy_gmp_kernel_openmp_04_mkII_FIXED_PRECISION_FASTPATH.dir/gmp/01_Raxpy/Raxpy_gmp_kernel_openmp_04.cpp.o
[ 62%] Building CXX object benchmarks/CMakeFiles/Raxpy_gmp_kernel_openmp_04_mkII.dir/gmp/01_Raxpy/Raxpy_gmp_kernel_openmp_04.cpp.o
[ 62%] Built target Raxpy_gmp_C_native_openmp_01
[ 62%] Linking CXX executable mpfr/03_Rgemm/Rgemm_mpfr_kernel_openmp_06_mkII
[ 62%] Linking CXX executable gmp/01_Raxpy/Raxpy_gmp_C_native_openmp_03
[ 62%] Building CXX object benchmarks/CMakeFiles/Rgemv_gmp_C_native_01.dir/gmp/02_Rgemv/Rgemv_gmp_C_native_01.cpp.o
[ 62%] Linking CXX executable mpfr/03_Rgemm/Rgemm_mpfr_kernel_openmp_06_mkII_PRECISION
[ 62%] Linking CXX executable gmp/01_Raxpy/Raxpy_gmp_C_native_openmp_04
[ 62%] Linking CXX executable gmp/01_Raxpy/Raxpy_gmp_kernel_04_orig
[ 62%] Linking CXX executable gmp/01_Raxpy/Raxpy_gmp_kernel_01_mkII
[ 62%] Built target Raxpy_gmp_C_native_openmp_02
[ 62%] Building CXX object benchmarks/CMakeFiles/Rgemv_gmp_C_native_02.dir/gmp/02_Rgemv/Rgemv_gmp_C_native_02.cpp.o
[ 62%] Linking CXX executable gmp/01_Raxpy/Raxpy_gmp_kernel_03_orig
[ 62%] Built target Raxpy_gmp_C_native_openmp_03
[ 62%] Built target Raxpy_gmp_C_native_openmp_04
[ 62%] Building CXX object benchmarks/CMakeFiles/Rgemv_gmp_C_native_03.dir/gmp/02_Rgemv/Rgemv_gmp_C_native_03.cpp.o
[ 62%] Built target Raxpy_gmp_kernel_04_orig
[ 62%] Built target Rgemm_mpfr_kernel_openmp_06_mkII_PRECISION
[ 62%] Building CXX object benchmarks/CMakeFiles/Rgemv_gmp_C_native_04.dir/gmp/02_Rgemv/Rgemv_gmp_C_native_04.cpp.o
[ 62%] Built target Rgemm_mpfr_kernel_openmp_06_mkII
[ 62%] Built target Raxpy_gmp_kernel_01_mkII
[ 62%] Building CXX object benchmarks/CMakeFiles/Rgemv_gmp_C_native_openmp_01.dir/gmp/02_Rgemv/Rgemv_gmp_C_native_openmp_01.cpp.o
[ 62%] Building CXX object benchmarks/CMakeFiles/Rgemv_gmp_C_native_openmp_02.dir/gmp/02_Rgemv/Rgemv_gmp_C_native_openmp_02.cpp.o
[ 62%] Building CXX object benchmarks/CMakeFiles/Rgemv_gmp_C_native_openmp_03.dir/gmp/02_Rgemv/Rgemv_gmp_C_native_openmp_03.cpp.o
[ 62%] Building CXX object benchmarks/CMakeFiles/Rgemv_gmp_C_native_openmp_04.dir/gmp/02_Rgemv/Rgemv_gmp_C_native_openmp_04.cpp.o
[ 62%] Linking CXX executable gmp/01_Raxpy/Raxpy_gmp_kernel_03_mkII
[ 62%] Built target Raxpy_gmp_kernel_03_orig
[ 62%] Linking CXX executable gmp/01_Raxpy/Raxpy_gmp_kernel_01_mkII_FIXED_PRECISION_FASTPATH
[ 62%] Building CXX object benchmarks/CMakeFiles/Rgemv_gmp_C_native_openmp_05.dir/gmp/02_Rgemv/Rgemv_gmp_C_native_openmp_05.cpp.o
[ 62%] Linking CXX executable gmp/01_Raxpy/Raxpy_gmp_kernel_openmp_01_orig
[ 62%] Built target Raxpy_gmp_kernel_03_mkII
[ 62%] Linking CXX executable mpfr/03_Rgemm/Rgemm_mpfr_kernel_openmp_06_mkII_ROUNDING
[ 62%] Linking CXX executable gmp/01_Raxpy/Raxpy_gmp_kernel_02_mkII_FIXED_PRECISION_FASTPATH
[ 62%] Linking CXX executable mpfr/03_Rgemm/Rgemm_mpfr_kernel_openmp_06_mkII_ROUNDING_PRECISION
[ 62%] Building CXX object benchmarks/CMakeFiles/Rgemv_gmp_C_native_openmp_06.dir/gmp/02_Rgemv/Rgemv_gmp_C_native_openmp_06.cpp.o
[ 62%] Built target Raxpy_gmp_kernel_01_mkII_FIXED_PRECISION_FASTPATH
[ 62%] Linking CXX executable mpfr/03_Rgemm/Rgemm_mpfr_kernel_openmp_06_mkII_ROUNDING_PRECISION_FMA
[ 63%] Linking CXX executable mpfr/03_Rgemm/Rgemm_mpfr_kernel_openmp_06_mkII_ROUNDING_FMA
[ 63%] Building CXX object benchmarks/CMakeFiles/Rgemv_gmp_C_native_openmp_07.dir/gmp/02_Rgemv/Rgemv_gmp_C_native_openmp_07.cpp.o
[ 63%] Linking CXX executable gmp/01_Raxpy/Raxpy_gmp_kernel_openmp_02_orig
[ 63%] Linking CXX executable gmp/01_Raxpy/Raxpy_gmp_kernel_03_mkII_FIXED_PRECISION_FASTPATH
[ 63%] Built target Raxpy_gmp_kernel_openmp_01_orig
[ 63%] Built target Raxpy_gmp_kernel_02_mkII_FIXED_PRECISION_FASTPATH
[ 63%] Built target Rgemm_mpfr_kernel_openmp_06_mkII_ROUNDING
[ 63%] Linking CXX executable gmp/01_Raxpy/Raxpy_gmp_kernel_02_mkII
[ 63%] Building CXX object benchmarks/CMakeFiles/Rgemv_gmp_kernel_01_orig.dir/gmp/02_Rgemv/Rgemv_gmp_kernel_01.cpp.o
[ 63%] Built target Rgemm_mpfr_kernel_openmp_06_mkII_ROUNDING_PRECISION
[ 63%] Building CXX object benchmarks/CMakeFiles/Rgemv_gmp_kernel_01_mkII.dir/gmp/02_Rgemv/Rgemv_gmp_kernel_01.cpp.o
[ 63%] Building CXX object benchmarks/CMakeFiles/Rgemv_gmp_kernel_01_mkII_FIXED_PRECISION_FASTPATH.dir/gmp/02_Rgemv/Rgemv_gmp_kernel_01.cpp.o
[ 64%] Building CXX object benchmarks/CMakeFiles/Rgemv_gmp_kernel_02_orig.dir/gmp/02_Rgemv/Rgemv_gmp_kernel_02.cpp.o
[ 64%] Linking CXX executable gmp/01_Raxpy/Raxpy_gmp_kernel_openmp_03_orig
[ 64%] Built target Rgemm_mpfr_kernel_openmp_06_mkII_ROUNDING_FMA
[ 64%] Built target Rgemm_mpfr_kernel_openmp_06_mkII_ROUNDING_PRECISION_FMA
[ 64%] Built target Raxpy_gmp_kernel_openmp_02_orig
[ 64%] Built target Raxpy_gmp_kernel_03_mkII_FIXED_PRECISION_FASTPATH
[ 64%] Building CXX object benchmarks/CMakeFiles/Rgemv_gmp_kernel_02_mkII.dir/gmp/02_Rgemv/Rgemv_gmp_kernel_02.cpp.o
[ 64%] Building CXX object benchmarks/CMakeFiles/Rgemv_gmp_kernel_02_mkII_FIXED_PRECISION_FASTPATH.dir/gmp/02_Rgemv/Rgemv_gmp_kernel_02.cpp.o
[ 64%] Built target Raxpy_gmp_kernel_02_mkII
[ 64%] Building CXX object benchmarks/CMakeFiles/Rgemv_gmp_kernel_03_orig.dir/gmp/02_Rgemv/Rgemv_gmp_kernel_03.cpp.o
[ 64%] Building CXX object benchmarks/CMakeFiles/Rgemv_gmp_kernel_03_mkII.dir/gmp/02_Rgemv/Rgemv_gmp_kernel_03.cpp.o
[ 64%] Building CXX object benchmarks/CMakeFiles/Rgemv_gmp_kernel_03_mkII_FIXED_PRECISION_FASTPATH.dir/gmp/02_Rgemv/Rgemv_gmp_kernel_03.cpp.o
[ 64%] Linking CXX executable gmp/01_Raxpy/Raxpy_gmp_kernel_openmp_04_orig
[ 64%] Built target Raxpy_gmp_kernel_openmp_03_orig
[ 64%] Linking CXX executable gmp/01_Raxpy/Raxpy_gmp_kernel_04_mkII
[ 65%] Building CXX object benchmarks/CMakeFiles/Rgemv_gmp_kernel_04_orig.dir/gmp/02_Rgemv/Rgemv_gmp_kernel_04.cpp.o
[ 65%] Built target Raxpy_gmp_kernel_openmp_04_orig
[ 65%] Linking CXX executable gmp/01_Raxpy/Raxpy_gmp_kernel_openmp_01_mkII
[ 65%] Building CXX object benchmarks/CMakeFiles/Rgemv_gmp_kernel_04_mkII.dir/gmp/02_Rgemv/Rgemv_gmp_kernel_04.cpp.o
[ 65%] Built target Raxpy_gmp_kernel_04_mkII
[ 65%] Building CXX object benchmarks/CMakeFiles/Rgemv_gmp_kernel_04_mkII_FIXED_PRECISION_FASTPATH.dir/gmp/02_Rgemv/Rgemv_gmp_kernel_04.cpp.o
[ 65%] Linking CXX executable gmp/01_Raxpy/Raxpy_gmp_kernel_openmp_02_mkII
[ 65%] Built target Raxpy_gmp_kernel_openmp_01_mkII
[ 65%] Building CXX object benchmarks/CMakeFiles/Rgemv_gmp_kernel_openmp_01_orig.dir/gmp/02_Rgemv/Rgemv_gmp_kernel_openmp_01.cpp.o
[ 66%] Linking CXX executable gmp/01_Raxpy/Raxpy_gmp_kernel_04_mkII_FIXED_PRECISION_FASTPATH
[ 66%] Linking CXX executable gmp/01_Raxpy/Raxpy_gmp_kernel_openmp_01_mkII_FIXED_PRECISION_FASTPATH
[ 66%] Built target Raxpy_gmp_kernel_openmp_02_mkII
[ 66%] Building CXX object benchmarks/CMakeFiles/Rgemv_gmp_kernel_openmp_01_mkII.dir/gmp/02_Rgemv/Rgemv_gmp_kernel_openmp_01.cpp.o
[ 66%] Linking CXX executable gmp/01_Raxpy/Raxpy_gmp_kernel_openmp_03_mkII
[ 66%] Built target Raxpy_gmp_kernel_04_mkII_FIXED_PRECISION_FASTPATH
[ 66%] Built target Raxpy_gmp_kernel_openmp_01_mkII_FIXED_PRECISION_FASTPATH
[ 66%] Building CXX object benchmarks/CMakeFiles/Rgemv_gmp_kernel_openmp_01_mkII_FIXED_PRECISION_FASTPATH.dir/gmp/02_Rgemv/Rgemv_gmp_kernel_openmp_01.cpp.o
[ 67%] Linking CXX executable gmp/01_Raxpy/Raxpy_gmp_kernel_openmp_02_mkII_FIXED_PRECISION_FASTPATH
[ 67%] Building CXX object benchmarks/CMakeFiles/Rgemv_gmp_kernel_openmp_02_orig.dir/gmp/02_Rgemv/Rgemv_gmp_kernel_openmp_02.cpp.o
[ 67%] Linking CXX executable gmp/01_Raxpy/Raxpy_gmp_kernel_openmp_04_mkII
[ 67%] Built target Raxpy_gmp_kernel_openmp_03_mkII
[ 67%] Building CXX object benchmarks/CMakeFiles/Rgemv_gmp_kernel_openmp_02_mkII.dir/gmp/02_Rgemv/Rgemv_gmp_kernel_openmp_02.cpp.o
[ 67%] Built target Raxpy_gmp_kernel_openmp_02_mkII_FIXED_PRECISION_FASTPATH
[ 67%] Linking CXX executable gmp/01_Raxpy/Raxpy_gmp_kernel_openmp_03_mkII_FIXED_PRECISION_FASTPATH
[ 68%] Linking CXX executable gmp/01_Raxpy/Raxpy_gmp_kernel_openmp_04_mkII_FIXED_PRECISION_FASTPATH
[ 68%] Built target Raxpy_gmp_kernel_openmp_04_mkII
[ 68%] Building CXX object benchmarks/CMakeFiles/Rgemv_gmp_kernel_openmp_02_mkII_FIXED_PRECISION_FASTPATH.dir/gmp/02_Rgemv/Rgemv_gmp_kernel_openmp_02.cpp.o
[ 68%] Building CXX object benchmarks/CMakeFiles/Rgemv_gmp_kernel_openmp_03_orig.dir/gmp/02_Rgemv/Rgemv_gmp_kernel_openmp_03.cpp.o
[ 68%] Linking CXX executable gmp/02_Rgemv/Rgemv_gmp_C_native_01
[ 68%] Linking CXX executable gmp/02_Rgemv/Rgemv_gmp_kernel_02_orig
[ 68%] Built target Raxpy_gmp_kernel_openmp_03_mkII_FIXED_PRECISION_FASTPATH
[ 68%] Built target Raxpy_gmp_kernel_openmp_04_mkII_FIXED_PRECISION_FASTPATH
[ 68%] Building CXX object benchmarks/CMakeFiles/Rgemv_gmp_kernel_openmp_03_mkII.dir/gmp/02_Rgemv/Rgemv_gmp_kernel_openmp_03.cpp.o
[ 68%] Building CXX object benchmarks/CMakeFiles/Rgemv_gmp_kernel_openmp_03_mkII_FIXED_PRECISION_FASTPATH.dir/gmp/02_Rgemv/Rgemv_gmp_kernel_openmp_03.cpp.o
[ 68%] Linking CXX executable gmp/02_Rgemv/Rgemv_gmp_kernel_03_orig
[ 68%] Linking CXX executable gmp/02_Rgemv/Rgemv_gmp_C_native_02
[ 68%] Built target Rgemv_gmp_C_native_01
[ 68%] Built target Rgemv_gmp_kernel_02_orig
[ 68%] Linking CXX executable gmp/02_Rgemv/Rgemv_gmp_C_native_03
[ 68%] Building CXX object benchmarks/CMakeFiles/Rgemv_gmp_kernel_openmp_04_orig.dir/gmp/02_Rgemv/Rgemv_gmp_kernel_openmp_04.cpp.o
[ 68%] Building CXX object benchmarks/CMakeFiles/Rgemv_gmp_kernel_openmp_04_mkII.dir/gmp/02_Rgemv/Rgemv_gmp_kernel_openmp_04.cpp.o
[ 69%] Built target Rgemv_gmp_kernel_03_orig
[ 69%] Linking CXX executable gmp/02_Rgemv/Rgemv_gmp_C_native_04
[ 69%] Built target Rgemv_gmp_C_native_02
[ 69%] Linking CXX executable gmp/02_Rgemv/Rgemv_gmp_kernel_04_orig
[ 69%] Linking CXX executable gmp/02_Rgemv/Rgemv_gmp_C_native_openmp_04
[ 69%] Building CXX object benchmarks/CMakeFiles/Rgemv_gmp_kernel_openmp_04_mkII_FIXED_PRECISION_FASTPATH.dir/gmp/02_Rgemv/Rgemv_gmp_kernel_openmp_04.cpp.o
[ 69%] Building CXX object benchmarks/CMakeFiles/Rgemv_gmp_kernel_openmp_05_orig.dir/gmp/02_Rgemv/Rgemv_gmp_kernel_openmp_05.cpp.o
[ 69%] Linking CXX executable gmp/02_Rgemv/Rgemv_gmp_C_native_openmp_02
[ 69%] Built target Rgemv_gmp_C_native_03
[ 69%] Linking CXX executable gmp/02_Rgemv/Rgemv_gmp_kernel_01_orig
[ 69%] Built target Rgemv_gmp_C_native_04
[ 69%] Building CXX object benchmarks/CMakeFiles/Rgemv_gmp_kernel_openmp_05_mkII.dir/gmp/02_Rgemv/Rgemv_gmp_kernel_openmp_05.cpp.o
[ 69%] Built target Rgemv_gmp_kernel_04_orig
[ 69%] Built target Rgemv_gmp_C_native_openmp_04
[ 69%] Linking CXX executable gmp/02_Rgemv/Rgemv_gmp_C_native_openmp_05
[ 69%] Building CXX object benchmarks/CMakeFiles/Rgemv_gmp_kernel_openmp_05_mkII_FIXED_PRECISION_FASTPATH.dir/gmp/02_Rgemv/Rgemv_gmp_kernel_openmp_05.cpp.o
[ 69%] Built target Rgemv_gmp_C_native_openmp_02
[ 69%] Building CXX object benchmarks/CMakeFiles/Rgemv_gmp_kernel_openmp_06_orig.dir/gmp/02_Rgemv/Rgemv_gmp_kernel_openmp_06.cpp.o
[ 69%] Building CXX object benchmarks/CMakeFiles/Rgemv_gmp_kernel_openmp_06_mkII.dir/gmp/02_Rgemv/Rgemv_gmp_kernel_openmp_06.cpp.o
[ 69%] Building CXX object benchmarks/CMakeFiles/Rgemv_gmp_kernel_openmp_06_mkII_FIXED_PRECISION_FASTPATH.dir/gmp/02_Rgemv/Rgemv_gmp_kernel_openmp_06.cpp.o
[ 69%] Linking CXX executable gmp/02_Rgemv/Rgemv_gmp_C_native_openmp_01
[ 70%] Linking CXX executable gmp/02_Rgemv/Rgemv_gmp_C_native_openmp_06
[ 70%] Linking CXX executable gmp/02_Rgemv/Rgemv_gmp_kernel_openmp_01_orig
[ 70%] Built target Rgemv_gmp_kernel_01_orig
[ 70%] Built target Rgemv_gmp_C_native_openmp_05
[ 70%] Building CXX object benchmarks/CMakeFiles/Rgemv_gmp_kernel_openmp_07_orig.dir/gmp/02_Rgemv/Rgemv_gmp_kernel_openmp_07.cpp.o
[ 70%] Building CXX object benchmarks/CMakeFiles/Rgemv_gmp_kernel_openmp_07_mkII.dir/gmp/02_Rgemv/Rgemv_gmp_kernel_openmp_07.cpp.o
[ 70%] Linking CXX executable gmp/02_Rgemv/Rgemv_gmp_C_native_openmp_07
[ 70%] Linking CXX executable gmp/02_Rgemv/Rgemv_gmp_kernel_01_mkII
[ 70%] Built target Rgemv_gmp_C_native_openmp_01
[ 70%] Linking CXX executable gmp/02_Rgemv/Rgemv_gmp_C_native_openmp_03
[ 70%] Built target Rgemv_gmp_C_native_openmp_06
[ 70%] Building CXX object benchmarks/CMakeFiles/Rgemv_gmp_kernel_openmp_07_mkII_FIXED_PRECISION_FASTPATH.dir/gmp/02_Rgemv/Rgemv_gmp_kernel_openmp_07.cpp.o
[ 70%] Built target Rgemv_gmp_kernel_openmp_01_orig
[ 71%] Linking CXX executable gmp/02_Rgemv/Rgemv_gmp_kernel_openmp_02_orig
[ 71%] Building CXX object benchmarks/CMakeFiles/Rgemm_gmp_C_native_01.dir/gmp/03_Rgemm/Rgemm_gmp_C_native_01.cpp.o
[ 71%] Linking CXX executable gmp/02_Rgemv/Rgemv_gmp_kernel_02_mkII
[ 71%] Building CXX object benchmarks/CMakeFiles/Rgemm_gmp_C_native_02.dir/gmp/03_Rgemm/Rgemm_gmp_C_native_02.cpp.o
[ 71%] Linking CXX executable gmp/02_Rgemv/Rgemv_gmp_kernel_03_mkII
[ 71%] Built target Rgemv_gmp_C_native_openmp_07
[ 71%] Building CXX object benchmarks/CMakeFiles/Rgemm_gmp_C_native_03.dir/gmp/03_Rgemm/Rgemm_gmp_C_native_03.cpp.o
[ 71%] Linking CXX executable gmp/02_Rgemv/Rgemv_gmp_kernel_01_mkII_FIXED_PRECISION_FASTPATH
[ 71%] Built target Rgemv_gmp_kernel_01_mkII
[ 71%] Built target Rgemv_gmp_C_native_openmp_03
[ 71%] Built target Rgemv_gmp_kernel_02_mkII
[ 71%] Built target Rgemv_gmp_kernel_openmp_02_orig
[ 71%] Building CXX object benchmarks/CMakeFiles/Rgemm_gmp_C_native_04.dir/gmp/03_Rgemm/Rgemm_gmp_C_native_04.cpp.o
[ 71%] Built target Rgemv_gmp_kernel_03_mkII
[ 71%] Linking CXX executable gmp/02_Rgemv/Rgemv_gmp_kernel_02_mkII_FIXED_PRECISION_FASTPATH
[ 71%] Building CXX object benchmarks/CMakeFiles/Rgemm_gmp_C_native_05.dir/gmp/03_Rgemm/Rgemm_gmp_C_native_05.cpp.o
[ 71%] Building CXX object benchmarks/CMakeFiles/Rgemm_gmp_C_native_06.dir/gmp/03_Rgemm/Rgemm_gmp_C_native_06.cpp.o
[ 71%] Building CXX object benchmarks/CMakeFiles/Rgemm_gmp_C_native_openmp_01.dir/gmp/03_Rgemm/Rgemm_gmp_C_native_openmp_01.cpp.o
[ 71%] Linking CXX executable gmp/02_Rgemv/Rgemv_gmp_kernel_openmp_03_orig
[ 71%] Building CXX object benchmarks/CMakeFiles/Rgemm_gmp_C_native_openmp_02.dir/gmp/03_Rgemm/Rgemm_gmp_C_native_openmp_02.cpp.o
[ 71%] Built target Rgemv_gmp_kernel_01_mkII_FIXED_PRECISION_FASTPATH
[ 71%] Linking CXX executable gmp/02_Rgemv/Rgemv_gmp_kernel_04_mkII
[ 71%] Building CXX object benchmarks/CMakeFiles/Rgemm_gmp_C_native_openmp_03.dir/gmp/03_Rgemm/Rgemm_gmp_C_native_openmp_03.cpp.o
[ 71%] Built target Rgemv_gmp_kernel_02_mkII_FIXED_PRECISION_FASTPATH
[ 71%] Built target Rgemv_gmp_kernel_openmp_03_orig
[ 71%] Building CXX object benchmarks/CMakeFiles/Rgemm_gmp_C_native_openmp_04.dir/gmp/03_Rgemm/Rgemm_gmp_C_native_openmp_04.cpp.o
[ 71%] Building CXX object benchmarks/CMakeFiles/Rgemm_gmp_C_native_openmp_05.dir/gmp/03_Rgemm/Rgemm_gmp_C_native_openmp_05.cpp.o
[ 71%] Built target Rgemv_gmp_kernel_04_mkII
[ 71%] Linking CXX executable gmp/02_Rgemv/Rgemv_gmp_kernel_03_mkII_FIXED_PRECISION_FASTPATH
[ 71%] Building CXX object benchmarks/CMakeFiles/Rgemm_gmp_C_native_openmp_06.dir/gmp/03_Rgemm/Rgemm_gmp_C_native_openmp_06.cpp.o
[ 71%] Linking CXX executable gmp/02_Rgemv/Rgemv_gmp_kernel_04_mkII_FIXED_PRECISION_FASTPATH
[ 72%] Linking CXX executable gmp/02_Rgemv/Rgemv_gmp_kernel_openmp_04_orig
[ 72%] Built target Rgemv_gmp_kernel_03_mkII_FIXED_PRECISION_FASTPATH
[ 72%] Linking CXX executable gmp/02_Rgemv/Rgemv_gmp_kernel_openmp_01_mkII
[ 72%] Building CXX object benchmarks/CMakeFiles/Rgemm_gmp_kernel_01_orig.dir/gmp/03_Rgemm/Rgemm_gmp_kernel_01.cpp.o
[ 72%] Built target Rgemv_gmp_kernel_04_mkII_FIXED_PRECISION_FASTPATH
[ 72%] Built target Rgemv_gmp_kernel_openmp_04_orig
[ 72%] Linking CXX executable gmp/02_Rgemv/Rgemv_gmp_kernel_openmp_05_orig
[ 72%] Building CXX object benchmarks/CMakeFiles/Rgemm_gmp_kernel_01_mkII.dir/gmp/03_Rgemm/Rgemm_gmp_kernel_01.cpp.o
[ 72%] Building CXX object benchmarks/CMakeFiles/Rgemm_gmp_kernel_01_mkII_FIXED_PRECISION_FASTPATH.dir/gmp/03_Rgemm/Rgemm_gmp_kernel_01.cpp.o
[ 72%] Built target Rgemv_gmp_kernel_openmp_01_mkII
[ 72%] Building CXX object benchmarks/CMakeFiles/Rgemm_gmp_kernel_02_orig.dir/gmp/03_Rgemm/Rgemm_gmp_kernel_02.cpp.o
[ 73%] Linking CXX executable gmp/02_Rgemv/Rgemv_gmp_kernel_openmp_06_orig
[ 73%] Linking CXX executable gmp/02_Rgemv/Rgemv_gmp_kernel_openmp_02_mkII
[ 73%] Built target Rgemv_gmp_kernel_openmp_05_orig
[ 73%] Linking CXX executable gmp/02_Rgemv/Rgemv_gmp_kernel_openmp_01_mkII_FIXED_PRECISION_FASTPATH
[ 73%] Building CXX object benchmarks/CMakeFiles/Rgemm_gmp_kernel_02_mkII.dir/gmp/03_Rgemm/Rgemm_gmp_kernel_02.cpp.o
[ 73%] Linking CXX executable gmp/02_Rgemv/Rgemv_gmp_kernel_openmp_07_orig
[ 73%] Built target Rgemv_gmp_kernel_openmp_06_orig
[ 73%] Built target Rgemv_gmp_kernel_openmp_02_mkII
[ 73%] Building CXX object benchmarks/CMakeFiles/Rgemm_gmp_kernel_03_orig.dir/gmp/03_Rgemm/Rgemm_gmp_kernel_03.cpp.o
[ 73%] Building CXX object benchmarks/CMakeFiles/Rgemm_gmp_kernel_02_mkII_FIXED_PRECISION_FASTPATH.dir/gmp/03_Rgemm/Rgemm_gmp_kernel_02.cpp.o
[ 73%] Built target Rgemv_gmp_kernel_openmp_01_mkII_FIXED_PRECISION_FASTPATH
[ 73%] Linking CXX executable gmp/02_Rgemv/Rgemv_gmp_kernel_openmp_03_mkII
[ 74%] Building CXX object benchmarks/CMakeFiles/Rgemm_gmp_kernel_03_mkII.dir/gmp/03_Rgemm/Rgemm_gmp_kernel_03.cpp.o
[ 74%] Built target Rgemv_gmp_kernel_openmp_07_orig
[ 74%] Building CXX object benchmarks/CMakeFiles/Rgemm_gmp_kernel_03_mkII_FIXED_PRECISION_FASTPATH.dir/gmp/03_Rgemm/Rgemm_gmp_kernel_03.cpp.o
[ 74%] Linking CXX executable gmp/02_Rgemv/Rgemv_gmp_kernel_openmp_02_mkII_FIXED_PRECISION_FASTPATH
[ 74%] Linking CXX executable gmp/02_Rgemv/Rgemv_gmp_kernel_openmp_04_mkII
[ 74%] Built target Rgemv_gmp_kernel_openmp_03_mkII
[ 74%] Building CXX object benchmarks/CMakeFiles/Rgemm_gmp_kernel_04_orig.dir/gmp/03_Rgemm/Rgemm_gmp_kernel_04.cpp.o
[ 74%] Built target Rgemv_gmp_kernel_openmp_04_mkII
[ 74%] Built target Rgemv_gmp_kernel_openmp_02_mkII_FIXED_PRECISION_FASTPATH
[ 74%] Building CXX object benchmarks/CMakeFiles/Rgemm_gmp_kernel_04_mkII.dir/gmp/03_Rgemm/Rgemm_gmp_kernel_04.cpp.o
[ 74%] Building CXX object benchmarks/CMakeFiles/Rgemm_gmp_kernel_04_mkII_FIXED_PRECISION_FASTPATH.dir/gmp/03_Rgemm/Rgemm_gmp_kernel_04.cpp.o
[ 74%] Linking CXX executable gmp/02_Rgemv/Rgemv_gmp_kernel_openmp_05_mkII
[ 74%] Linking CXX executable gmp/02_Rgemv/Rgemv_gmp_kernel_openmp_03_mkII_FIXED_PRECISION_FASTPATH
[ 74%] Linking CXX executable gmp/02_Rgemv/Rgemv_gmp_kernel_openmp_06_mkII
[ 74%] Linking CXX executable gmp/02_Rgemv/Rgemv_gmp_kernel_openmp_04_mkII_FIXED_PRECISION_FASTPATH
[ 74%] Built target Rgemv_gmp_kernel_openmp_05_mkII
[ 74%] Built target Rgemv_gmp_kernel_openmp_03_mkII_FIXED_PRECISION_FASTPATH
[ 74%] Built target Rgemv_gmp_kernel_openmp_06_mkII
[ 74%] Building CXX object benchmarks/CMakeFiles/Rgemm_gmp_kernel_05_orig.dir/gmp/03_Rgemm/Rgemm_gmp_kernel_05.cpp.o
[ 74%] Linking CXX executable gmp/02_Rgemv/Rgemv_gmp_kernel_openmp_05_mkII_FIXED_PRECISION_FASTPATH
[ 74%] Built target Rgemv_gmp_kernel_openmp_04_mkII_FIXED_PRECISION_FASTPATH
[ 75%] Building CXX object benchmarks/CMakeFiles/Rgemm_gmp_kernel_05_mkII.dir/gmp/03_Rgemm/Rgemm_gmp_kernel_05.cpp.o
[ 75%] Building CXX object benchmarks/CMakeFiles/Rgemm_gmp_kernel_05_mkII_FIXED_PRECISION_FASTPATH.dir/gmp/03_Rgemm/Rgemm_gmp_kernel_05.cpp.o
[ 75%] Building CXX object benchmarks/CMakeFiles/Rgemm_gmp_kernel_06_orig.dir/gmp/03_Rgemm/Rgemm_gmp_kernel_06.cpp.o
[ 75%] Linking CXX executable gmp/03_Rgemm/Rgemm_gmp_kernel_01_orig
[ 75%] Linking CXX executable gmp/02_Rgemv/Rgemv_gmp_kernel_openmp_07_mkII
[ 75%] Built target Rgemv_gmp_kernel_openmp_05_mkII_FIXED_PRECISION_FASTPATH
[ 75%] Linking CXX executable gmp/02_Rgemv/Rgemv_gmp_kernel_openmp_06_mkII_FIXED_PRECISION_FASTPATH
[ 75%] Building CXX object benchmarks/CMakeFiles/Rgemm_gmp_kernel_06_mkII.dir/gmp/03_Rgemm/Rgemm_gmp_kernel_06.cpp.o
[ 75%] Built target Rgemm_gmp_kernel_01_orig
[ 75%] Building CXX object benchmarks/CMakeFiles/Rgemm_gmp_kernel_06_mkII_FIXED_PRECISION_FASTPATH.dir/gmp/03_Rgemm/Rgemm_gmp_kernel_06.cpp.o
[ 75%] Linking CXX executable gmp/03_Rgemm/Rgemm_gmp_kernel_02_orig
[ 75%] Linking CXX executable gmp/03_Rgemm/Rgemm_gmp_C_native_01
[ 75%] Built target Rgemv_gmp_kernel_openmp_06_mkII_FIXED_PRECISION_FASTPATH
[ 75%] Built target Rgemv_gmp_kernel_openmp_07_mkII
[ 75%] Linking CXX executable gmp/03_Rgemm/Rgemm_gmp_C_native_02
[ 75%] Building CXX object benchmarks/CMakeFiles/Rgemm_gmp_kernel_openmp_01_orig.dir/gmp/03_Rgemm/Rgemm_gmp_kernel_openmp_01.cpp.o
[ 76%] Building CXX object benchmarks/CMakeFiles/Rgemm_gmp_kernel_openmp_01_mkII.dir/gmp/03_Rgemm/Rgemm_gmp_kernel_openmp_01.cpp.o
[ 76%] Linking CXX executable gmp/03_Rgemm/Rgemm_gmp_C_native_03
[ 76%] Built target Rgemm_gmp_kernel_02_orig
[ 76%] Built target Rgemm_gmp_C_native_01
[ 76%] Building CXX object benchmarks/CMakeFiles/Rgemm_gmp_kernel_openmp_01_mkII_FIXED_PRECISION_FASTPATH.dir/gmp/03_Rgemm/Rgemm_gmp_kernel_openmp_01.cpp.o
[ 76%] Building CXX object benchmarks/CMakeFiles/Rgemm_gmp_kernel_openmp_02_orig.dir/gmp/03_Rgemm/Rgemm_gmp_kernel_openmp_02.cpp.o
[ 76%] Linking CXX executable gmp/03_Rgemm/Rgemm_gmp_kernel_03_orig
[ 76%] Built target Rgemm_gmp_C_native_02
[ 76%] Building CXX object benchmarks/CMakeFiles/Rgemm_gmp_kernel_openmp_02_mkII.dir/gmp/03_Rgemm/Rgemm_gmp_kernel_openmp_02.cpp.o
[ 76%] Linking CXX executable gmp/03_Rgemm/Rgemm_gmp_C_native_openmp_01
[ 77%] Linking CXX executable gmp/03_Rgemm/Rgemm_gmp_C_native_06
[ 77%] Built target Rgemm_gmp_C_native_03
[ 77%] Linking CXX executable gmp/03_Rgemm/Rgemm_gmp_C_native_05
[ 77%] Building CXX object benchmarks/CMakeFiles/Rgemm_gmp_kernel_openmp_02_mkII_FIXED_PRECISION_FASTPATH.dir/gmp/03_Rgemm/Rgemm_gmp_kernel_openmp_02.cpp.o
[ 77%] Linking CXX executable gmp/03_Rgemm/Rgemm_gmp_C_native_04
[ 77%] Built target Rgemm_gmp_kernel_03_orig
[ 77%] Linking CXX executable gmp/03_Rgemm/Rgemm_gmp_C_native_openmp_03
[ 77%] Building CXX object benchmarks/CMakeFiles/Rgemm_gmp_kernel_openmp_03_orig.dir/gmp/03_Rgemm/Rgemm_gmp_kernel_openmp_03.cpp.o
[ 77%] Built target Rgemm_gmp_C_native_openmp_01
[ 77%] Built target Rgemm_gmp_C_native_06
[ 77%] Built target Rgemm_gmp_C_native_05
[ 77%] Building CXX object benchmarks/CMakeFiles/Rgemm_gmp_kernel_openmp_03_mkII.dir/gmp/03_Rgemm/Rgemm_gmp_kernel_openmp_03.cpp.o
[ 77%] Linking CXX executable gmp/02_Rgemv/Rgemv_gmp_kernel_openmp_07_mkII_FIXED_PRECISION_FASTPATH
[ 77%] Linking CXX executable gmp/03_Rgemm/Rgemm_gmp_C_native_openmp_04
[ 77%] Building CXX object benchmarks/CMakeFiles/Rgemm_gmp_kernel_openmp_03_mkII_FIXED_PRECISION_FASTPATH.dir/gmp/03_Rgemm/Rgemm_gmp_kernel_openmp_03.cpp.o
[ 77%] Building CXX object benchmarks/CMakeFiles/Rgemm_gmp_kernel_openmp_04_orig.dir/gmp/03_Rgemm/Rgemm_gmp_kernel_openmp_04.cpp.o
[ 77%] Linking CXX executable gmp/03_Rgemm/Rgemm_gmp_C_native_openmp_05
[ 77%] Built target Rgemm_gmp_C_native_openmp_03
[ 77%] Built target Rgemm_gmp_C_native_04
[ 78%] Linking CXX executable gmp/03_Rgemm/Rgemm_gmp_C_native_openmp_06
[ 78%] Linking CXX executable gmp/03_Rgemm/Rgemm_gmp_kernel_04_orig
[ 78%] Building CXX object benchmarks/CMakeFiles/Rgemm_gmp_kernel_openmp_04_mkII.dir/gmp/03_Rgemm/Rgemm_gmp_kernel_openmp_04.cpp.o
[ 78%] Building CXX object benchmarks/CMakeFiles/Rgemm_gmp_kernel_openmp_04_mkII_FIXED_PRECISION_FASTPATH.dir/gmp/03_Rgemm/Rgemm_gmp_kernel_openmp_04.cpp.o
[ 78%] Built target Rgemv_gmp_kernel_openmp_07_mkII_FIXED_PRECISION_FASTPATH
[ 78%] Built target Rgemm_gmp_C_native_openmp_04
[ 78%] Built target Rgemm_gmp_C_native_openmp_05
[ 78%] Building CXX object benchmarks/CMakeFiles/Rgemm_gmp_kernel_openmp_05_orig.dir/gmp/03_Rgemm/Rgemm_gmp_kernel_openmp_05.cpp.o
[ 78%] Building CXX object benchmarks/CMakeFiles/Rgemm_gmp_kernel_openmp_05_mkII.dir/gmp/03_Rgemm/Rgemm_gmp_kernel_openmp_05.cpp.o
[ 78%] Building CXX object benchmarks/CMakeFiles/Rgemm_gmp_kernel_openmp_05_mkII_FIXED_PRECISION_FASTPATH.dir/gmp/03_Rgemm/Rgemm_gmp_kernel_openmp_05.cpp.o
[ 78%] Linking CXX executable gmp/03_Rgemm/Rgemm_gmp_C_native_openmp_02
[ 78%] Built target Rgemm_gmp_kernel_04_orig
[ 78%] Built target Rgemm_gmp_C_native_openmp_06
[ 78%] Building CXX object benchmarks/CMakeFiles/Rgemm_gmp_kernel_openmp_06_orig.dir/gmp/03_Rgemm/Rgemm_gmp_kernel_openmp_06.cpp.o
[ 78%] Building CXX object benchmarks/CMakeFiles/Rgemm_gmp_kernel_openmp_06_mkII.dir/gmp/03_Rgemm/Rgemm_gmp_kernel_openmp_06.cpp.o
[ 78%] Linking CXX executable gmp/03_Rgemm/Rgemm_gmp_kernel_01_mkII
[ 78%] Linking CXX executable gmp/03_Rgemm/Rgemm_gmp_kernel_05_orig
[ 78%] Built target Rgemm_gmp_C_native_openmp_02
[ 78%] Building CXX object benchmarks/CMakeFiles/Rgemm_gmp_kernel_openmp_06_mkII_FIXED_PRECISION_FASTPATH.dir/gmp/03_Rgemm/Rgemm_gmp_kernel_openmp_06.cpp.o
[ 78%] Linking CXX executable gmp/03_Rgemm/Rgemm_gmp_kernel_06_orig
[ 78%] Linking CXX executable gmp/03_Rgemm/Rgemm_gmp_kernel_02_mkII
[ 78%] Built target Rgemm_gmp_kernel_01_mkII
[ 78%] Linking CXX executable gmp/03_Rgemm/Rgemm_gmp_kernel_01_mkII_FIXED_PRECISION_FASTPATH
[ 78%] Built target Rgemm_gmp_kernel_05_orig
[ 78%] Building CXX object tests/CMakeFiles/test_gmp_header_smoke.dir/test_gmp_header_smoke.cpp.o
[ 78%] Building CXX object tests/CMakeFiles/test_mpfr_header_smoke.dir/test_mpfr_header_smoke.cpp.o
[ 78%] Built target Rgemm_gmp_kernel_02_mkII
[ 78%] Built target Rgemm_gmp_kernel_06_orig
[ 78%] Built target Rgemm_gmp_kernel_01_mkII_FIXED_PRECISION_FASTPATH
[ 78%] Linking CXX executable gmp/03_Rgemm/Rgemm_gmp_kernel_03_mkII
[ 79%] Building CXX object tests/CMakeFiles/test_dd_real_adapter.dir/test_dd_real_adapter.cpp.o
[ 79%] Building CXX object tests/CMakeFiles/test_mpc_header_smoke.dir/test_mpc_header_smoke.cpp.o
[ 79%] Building CXX object tests/CMakeFiles/test_qd_real_adapter.dir/test_qd_real_adapter.cpp.o
[ 79%] Linking CXX executable gmp/03_Rgemm/Rgemm_gmp_kernel_openmp_01_orig
[ 79%] Linking CXX executable gmp/03_Rgemm/Rgemm_gmp_kernel_02_mkII_FIXED_PRECISION_FASTPATH
[ 79%] Built target Rgemm_gmp_kernel_03_mkII
[ 79%] Linking CXX executable gmp/03_Rgemm/Rgemm_gmp_kernel_openmp_02_orig
[ 79%] Building CXX object tests/CMakeFiles/test_mpf_binary_real_adapters.dir/test_mpf_binary_real_adapters.cpp.o
[ 79%] Built target Rgemm_gmp_kernel_openmp_01_orig
[ 79%] Built target Rgemm_gmp_kernel_02_mkII_FIXED_PRECISION_FASTPATH
[ 80%] Building CXX object tests/CMakeFiles/test_aggregator_header_smoke.dir/test_aggregator_header_smoke.cpp.o
[ 80%] Building CXX object tests/CMakeFiles/test_namespace_aliases.dir/test_namespace_aliases.cpp.o
[ 80%] Built target Rgemm_gmp_kernel_openmp_02_orig
[ 80%] Building CXX object tests/CMakeFiles/test_header_boundaries.dir/test_header_boundaries.cpp.o
[ 80%] Linking CXX executable gmp/03_Rgemm/Rgemm_gmp_kernel_openmp_03_orig
[ 80%] Linking CXX executable gmp/03_Rgemm/Rgemm_gmp_kernel_04_mkII
[ 80%] Linking CXX executable gmp/03_Rgemm/Rgemm_gmp_kernel_03_mkII_FIXED_PRECISION_FASTPATH
[ 80%] Built target Rgemm_gmp_kernel_openmp_03_orig
[ 80%] Linking CXX executable gmp/03_Rgemm/Rgemm_gmp_kernel_05_mkII
[ 80%] Linking CXX executable gmp/03_Rgemm/Rgemm_gmp_kernel_openmp_04_orig
[ 80%] Building CXX object tests/CMakeFiles/test_library_tls_detection.dir/test_library_tls_detection.cpp.o
[ 80%] Built target Rgemm_gmp_kernel_04_mkII
[ 80%] Linking CXX executable gmp/03_Rgemm/Rgemm_gmp_kernel_04_mkII_FIXED_PRECISION_FASTPATH
[ 80%] Building CXX object tests/CMakeFiles/test_version_info.dir/test_version_info.cpp.o
[ 80%] Built target Rgemm_gmp_kernel_03_mkII_FIXED_PRECISION_FASTPATH
[ 80%] Built target Rgemm_gmp_kernel_openmp_04_orig
[ 80%] Built target Rgemm_gmp_kernel_05_mkII
[ 80%] Building CXX object tests/CMakeFiles/test_integer_model_diagnostics.dir/test_integer_model_diagnostics.cpp.o
[ 80%] Building CXX object tests/CMakeFiles/test_gmpxx_mkII.dir/test_gmpxx_mkII.cpp.o
[ 81%] Building CXX object tests/CMakeFiles/test_mpfrxx_mkII.dir/test_mpfrxx_mkII.cpp.o
[ 81%] Built target Rgemm_gmp_kernel_04_mkII_FIXED_PRECISION_FASTPATH
[ 81%] Linking CXX executable gmp/03_Rgemm/Rgemm_gmp_kernel_openmp_06_orig
[ 81%] Linking CXX executable gmp/03_Rgemm/Rgemm_gmp_kernel_06_mkII
[ 81%] Building CXX object tests/CMakeFiles/test_abi_fingerprint.dir/test_abi_fingerprint.cpp.o
[ 81%] Linking CXX executable gmp/03_Rgemm/Rgemm_gmp_kernel_05_mkII_FIXED_PRECISION_FASTPATH
[ 81%] Linking CXX executable gmp/03_Rgemm/Rgemm_gmp_kernel_openmp_05_orig
[ 81%] Built target Rgemm_gmp_kernel_openmp_06_orig
[ 81%] Built target Rgemm_gmp_kernel_06_mkII
[ 81%] Building CXX object tests/CMakeFiles/test_alias_safety.dir/test_alias_safety.cpp.o
[ 81%] Linking CXX executable test_mpc_header_smoke
[ 81%] Linking CXX executable gmp/03_Rgemm/Rgemm_gmp_kernel_openmp_01_mkII
[ 81%] Linking CXX executable gmp/03_Rgemm/Rgemm_gmp_kernel_06_mkII_FIXED_PRECISION_FASTPATH
[ 81%] Building CXX object tests/CMakeFiles/test_temporary_expression_lifetime.dir/test_temporary_expression_lifetime.cpp.o
[ 81%] Built target Rgemm_gmp_kernel_05_mkII_FIXED_PRECISION_FASTPATH
[ 82%] Linking CXX executable test_mpfr_header_smoke
[ 82%] Building CXX object tests/CMakeFiles/test_leaf_single_rounding.dir/test_leaf_single_rounding.cpp.o
[ 82%] Linking CXX executable test_library_tls_detection
[ 82%] Built target Rgemm_gmp_kernel_openmp_05_orig
[ 82%] Built target test_mpc_header_smoke
[ 82%] Building CXX object tests/CMakeFiles/test_expr_unary_move_folding.dir/test_expr_unary_move_folding.cpp.o
[ 82%] Building CXX object tests/CMakeFiles/test_comparisons.dir/test_comparisons.cpp.o
[ 82%] Built target Rgemm_gmp_kernel_openmp_01_mkII
[ 82%] Built target Rgemm_gmp_kernel_06_mkII_FIXED_PRECISION_FASTPATH
[ 82%] Linking CXX executable gmp/03_Rgemm/Rgemm_gmp_kernel_openmp_02_mkII
[ 82%] Linking CXX executable test_gmp_header_smoke
[ 82%] Built target test_mpfr_header_smoke
[ 82%] Linking CXX executable test_namespace_aliases
[ 82%] Building CXX object tests/CMakeFiles/test_common_type.dir/test_common_type.cpp.o
[ 82%] Building CXX object tests/CMakeFiles/test_compound_assign.dir/test_compound_assign.cpp.o
[ 82%] Building CXX object tests/CMakeFiles/test_exception_support.dir/test_exception_support.cpp.o
[ 82%] Built target test_library_tls_detection
[ 82%] Linking CXX executable gmp/03_Rgemm/Rgemm_gmp_kernel_openmp_01_mkII_FIXED_PRECISION_FASTPATH
[ 82%] Linking CXX executable test_expr_unary_move_folding
[ 82%] Built target test_namespace_aliases
[ 82%] Building CXX object tests/CMakeFiles/test_random.dir/test_random.cpp.o
[ 83%] Linking CXX executable gmp/03_Rgemm/Rgemm_gmp_kernel_openmp_03_mkII
[ 83%] Building CXX object tests/CMakeFiles/test_type_conversions.dir/test_type_conversions.cpp.o
[ 83%] Linking CXX executable test_dd_real_adapter
[ 83%] Built target test_expr_unary_move_folding
[ 83%] Built target Rgemm_gmp_kernel_openmp_02_mkII
[ 83%] Building CXX object tests/CMakeFiles/test_mpq_floating_conversion.dir/test_mpq_floating_conversion.cpp.o
[ 83%] Building CXX object tests/CMakeFiles/test_unary_minus_simplification.dir/test_unary_minus_simplification.cpp.o
[ 83%] Linking CXX executable gmp/03_Rgemm/Rgemm_gmp_kernel_openmp_02_mkII_FIXED_PRECISION_FASTPATH
[ 83%] Linking CXX executable test_qd_real_adapter
[ 83%] Built target test_gmp_header_smoke
[ 83%] Built target Rgemm_gmp_kernel_openmp_01_mkII_FIXED_PRECISION_FASTPATH
[ 83%] Linking CXX executable gmp/03_Rgemm/Rgemm_gmp_kernel_openmp_03_mkII_FIXED_PRECISION_FASTPATH
[ 83%] Building CXX object tests/CMakeFiles/test_et_contract_mpfr.dir/test_et_contract_mpfr.cpp.o
[ 83%] Built target Rgemm_gmp_kernel_openmp_03_mkII
[ 83%] Building CXX object tests/CMakeFiles/test_user_defined_literals.dir/test_user_defined_literals.cpp.o
[ 83%] Built target test_dd_real_adapter
[ 83%] Building CXX object tests/CMakeFiles/test_mpfr_user_defined_literals.dir/test_mpfr_user_defined_literals.cpp.o
[ 83%] Building CXX object tests/CMakeFiles/test_mpfr_expression_eval.dir/test_mpfr_expression_eval.cpp.o
[ 83%] Linking CXX executable gmp/03_Rgemm/Rgemm_gmp_kernel_openmp_04_mkII
[ 83%] Built target test_qd_real_adapter
[ 83%] Built target Rgemm_gmp_kernel_openmp_02_mkII_FIXED_PRECISION_FASTPATH
[ 83%] Building CXX object tests/CMakeFiles/test_mpfr_precision_policy.dir/test_mpfr_precision_policy.cpp.o
[ 83%] Building CXX object tests/CMakeFiles/test_mpfr_aliasing.dir/test_mpfr_aliasing.cpp.o
[ 84%] Linking CXX executable gmp/03_Rgemm/Rgemm_gmp_kernel_openmp_05_mkII
[ 84%] Built target Rgemm_gmp_kernel_openmp_03_mkII_FIXED_PRECISION_FASTPATH
[ 84%] Linking CXX executable test_mpf_binary_real_adapters
[ 85%] Building CXX object tests/CMakeFiles/test_mpfr_random.dir/test_mpfr_random.cpp.o
[ 85%] Linking CXX executable gmp/03_Rgemm/Rgemm_gmp_kernel_openmp_06_mkII
[ 85%] Linking CXX executable gmp/03_Rgemm/Rgemm_gmp_kernel_openmp_05_mkII_FIXED_PRECISION_FASTPATH
[ 85%] Built target Rgemm_gmp_kernel_openmp_04_mkII
[ 85%] Linking CXX executable gmp/03_Rgemm/Rgemm_gmp_kernel_openmp_04_mkII_FIXED_PRECISION_FASTPATH
[ 86%] Linking CXX executable test_header_boundaries
[ 86%] Building CXX object tests/CMakeFiles/test_et_contract_mpfr_scalar.dir/test_et_contract_mpfr_scalar.cpp.o
[ 86%] Built target Rgemm_gmp_kernel_openmp_05_mkII
[ 86%] Linking CXX executable test_integer_model_diagnostics
[ 87%] Building CXX object tests/CMakeFiles/test_mpfr_scalar_eval.dir/test_mpfr_scalar_eval.cpp.o
[ 87%] Built target test_mpf_binary_real_adapters
[ 87%] Linking CXX executable test_aggregator_header_smoke
[ 87%] Built target Rgemm_gmp_kernel_openmp_06_mkII
[ 87%] Building CXX object tests/CMakeFiles/test_mpfr_long_width_dispatch.dir/test_mpfr_long_width_dispatch.cpp.o
[ 87%] Built target test_integer_model_diagnostics
[ 87%] Building CXX object tests/CMakeFiles/test_mpfr_alloc_count.dir/test_mpfr_alloc_count.cpp.o
[ 87%] Built target Rgemm_gmp_kernel_openmp_05_mkII_FIXED_PRECISION_FASTPATH
[ 87%] Building CXX object tests/CMakeFiles/test_mpfr_fixed_precision_materialization.dir/test_mpfr_fixed_precision_materialization.cpp.o
[ 87%] Building CXX object tests/CMakeFiles/test_mpfr_fixed_precision_fma_alloc_count.dir/test_mpfr_fixed_precision_fma_alloc_count.cpp.o
[ 87%] Built target Rgemm_gmp_kernel_openmp_04_mkII_FIXED_PRECISION_FASTPATH
[ 87%] Built target test_header_boundaries
[ 87%] Building CXX object tests/CMakeFiles/test_mpfr_type_conversions.dir/test_mpfr_type_conversions.cpp.o
[ 87%] Building CXX object tests/CMakeFiles/test_mpfr_fixed_precision_tls_scratch.dir/test_mpfr_fixed_precision_tls_scratch.cpp.o
[ 87%] Built target test_aggregator_header_smoke
[ 87%] Linking CXX executable gmp/03_Rgemm/Rgemm_gmp_kernel_openmp_06_mkII_FIXED_PRECISION_FASTPATH
[ 87%] Linking CXX executable test_version_info
[ 87%] Building CXX object tests/CMakeFiles/test_mpfr_comparisons.dir/test_mpfr_comparisons.cpp.o
[ 87%] Built target test_version_info
[ 87%] Built target Rgemm_gmp_kernel_openmp_06_mkII_FIXED_PRECISION_FASTPATH
[ 88%] Building CXX object tests/CMakeFiles/test_mpfr_compound_assign.dir/test_mpfr_compound_assign.cpp.o
[ 88%] Building CXX object tests/CMakeFiles/test_mpfr_rounding_context.dir/test_mpfr_rounding_context.cpp.o
[ 88%] Linking CXX executable test_abi_fingerprint
[ 88%] Built target test_abi_fingerprint
[ 88%] Building CXX object tests/CMakeFiles/test_mpfr_rounding_context_fixed_precision.dir/test_mpfr_rounding_context.cpp.o
[ 88%] Linking CXX executable test_et_contract_mpfr
[ 88%] Linking CXX executable test_comparisons
[ 88%] Linking CXX executable test_compound_assign
[ 88%] Built target test_et_contract_mpfr
[ 88%] Building CXX object tests/CMakeFiles/test_mpfr_rounding_scope.dir/test_mpfr_rounding_scope.cpp.o
[ 88%] Linking CXX executable test_mpfr_expression_eval
[ 88%] Linking CXX executable test_mpfr_aliasing
[ 88%] Built target test_comparisons
[ 88%] Built target test_compound_assign
[ 88%] Linking CXX executable test_et_contract_mpfr_scalar
[ 88%] Building CXX object tests/CMakeFiles/test_mpfr_rounding_scope_stable.dir/test_mpfr_rounding_scope.cpp.o
[ 88%] Building CXX object tests/CMakeFiles/test_mpfr_exception_support.dir/test_mpfr_exception_support.cpp.o
[ 88%] Built target test_mpfr_expression_eval
[ 88%] Built target test_mpfr_aliasing
[ 88%] Linking CXX executable test_leaf_single_rounding
[ 88%] Building CXX object tests/CMakeFiles/test_mpfr_defaults.dir/test_mpfr_defaults.cpp.o
[ 88%] Built target test_et_contract_mpfr_scalar
[ 88%] Building CXX object tests/CMakeFiles/test_mpfr_initialization_sentinel.dir/test_mpfr_initialization_sentinel.cpp.o
[ 88%] Building CXX object tests/CMakeFiles/test_mpfr_environment.dir/test_mpfr_environment.cpp.o
[ 88%] Linking CXX executable test_mpfr_precision_policy
[ 88%] Linking CXX executable test_alias_safety
[ 88%] Linking CXX executable test_user_defined_literals
[ 88%] Linking CXX executable test_mpfr_long_width_dispatch
[ 89%] Linking CXX executable test_random
[ 89%] Built target test_leaf_single_rounding
[ 89%] Linking CXX executable test_mpfr_fixed_precision_fma_alloc_count
[ 89%] Building CXX object tests/CMakeFiles/test_mpfr_environment_first_use.dir/test_mpfr_environment_first_use.cpp.o
[ 89%] Built target test_mpfr_precision_policy
[ 89%] Built target test_user_defined_literals
[ 89%] Built target test_alias_safety
[ 89%] Linking CXX executable test_type_conversions
[ 89%] Building CXX object tests/CMakeFiles/test_mpfr_environment_invalid.dir/test_mpfr_environment_invalid.cpp.o
[ 89%] Building CXX object tests/CMakeFiles/test_mpfr_environment_first_use_stable.dir/test_mpfr_environment_first_use.cpp.o
[ 89%] Building CXX object tests/CMakeFiles/test_mpfr_string_io.dir/test_mpfr_string_io.cpp.o
[ 89%] Built target test_mpfr_long_width_dispatch
[ 89%] Linking CXX executable test_mpfr_fixed_precision_tls_scratch
[ 89%] Built target test_random
[ 89%] Building CXX object tests/CMakeFiles/test_mpfr_math.dir/test_mpfr_math.cpp.o
[ 89%] Built target test_mpfr_fixed_precision_fma_alloc_count
[ 89%] Building CXX object tests/CMakeFiles/test_mpfr_transcendent_functions.dir/test_mpfr_transcendent_functions.cpp.o
[ 89%] Building CXX object tests/CMakeFiles/test_et_contract_mpf.dir/test_et_contract_mpf.cpp.o
[ 89%] Linking CXX executable test_common_type
[ 89%] Linking CXX executable test_mpfr_rounding_context
[ 89%] Built target test_type_conversions
[ 89%] Linking CXX executable test_mpfr_alloc_count
[ 89%] Built target test_mpfr_fixed_precision_tls_scratch
[ 89%] Building CXX object tests/CMakeFiles/test_mpf_basic.dir/test_mpf_basic.cpp.o
[ 89%] Linking CXX executable test_unary_minus_simplification
[ 89%] Building CXX object tests/CMakeFiles/test_mpf_precision_policy.dir/test_mpf_precision_policy.cpp.o
[ 89%] Linking CXX executable test_mpfr_fixed_precision_materialization
[ 89%] Built target test_mpfr_rounding_context
[ 89%] Built target test_mpfr_alloc_count
[ 89%] Built target test_common_type
[ 89%] Linking CXX executable test_temporary_expression_lifetime
[ 89%] Building CXX object tests/CMakeFiles/test_mpf_default_precision_env.dir/test_mpf_default_precision_env.cpp.o
[ 89%] Built target test_unary_minus_simplification
[ 89%] Building CXX object tests/CMakeFiles/test_mpf_default_precision_invalid_env.dir/test_mpf_default_precision_invalid_env.cpp.o
[ 89%] Building CXX object tests/CMakeFiles/test_mpf_external_provider.dir/test_mpf_external_provider.cpp.o
[ 89%] Linking CXX executable test_mpfr_random
[ 89%] Building CXX object tests/CMakeFiles/test_mpf_aliasing.dir/test_mpf_aliasing.cpp.o
[ 89%] Built target test_mpfr_fixed_precision_materialization
[ 89%] Building CXX object tests/CMakeFiles/test_mpf_string_io.dir/test_mpf_string_io.cpp.o
[ 89%] Built target test_temporary_expression_lifetime
[ 89%] Linking CXX executable test_mpfr_rounding_context_fixed_precision
[ 89%] Built target test_mpfr_random
[ 90%] Building CXX object tests/CMakeFiles/test_mpf_scalar_alloc_count.dir/test_mpf_scalar_alloc_count.cpp.o
[ 90%] Building CXX object tests/CMakeFiles/test_mpf_alloc_count.dir/test_mpf_alloc_count.cpp.o
[ 90%] Linking CXX executable test_exception_support
[ 90%] Linking CXX executable test_mpfr_rounding_scope
[ 90%] Linking CXX executable test_mpfr_rounding_scope_stable
[ 90%] Built target test_mpfr_rounding_context_fixed_precision
[ 90%] Building CXX object tests/CMakeFiles/test_mpf_fixed_precision_materialization.dir/test_mpf_fixed_precision_materialization.cpp.o
[ 90%] Built target test_mpfr_rounding_scope
[ 90%] Built target test_exception_support
[ 90%] Linking CXX executable test_mpfr_user_defined_literals
[ 90%] Building CXX object tests/CMakeFiles/test_mpf_fixed_precision_tls_scratch.dir/test_mpf_fixed_precision_tls_scratch.cpp.o
[ 90%] Linking CXX executable test_mpfr_initialization_sentinel
[ 90%] Building CXX object tests/CMakeFiles/test_mpf_long_width_dispatch.dir/test_mpf_long_width_dispatch.cpp.o
[ 90%] Built target test_mpfr_rounding_scope_stable
[ 90%] Linking CXX executable test_mpq_floating_conversion
[ 90%] Building CXX object tests/CMakeFiles/test_mpf_numeric_equivalence.dir/test_mpf_numeric_equivalence.cpp.o
[ 90%] Built target test_mpfr_user_defined_literals
[ 90%] Linking CXX executable test_mpfr_environment
[ 90%] Building CXX object tests/CMakeFiles/test_mpf_power_of_two_fusion.dir/test_mpf_power_of_two_fusion.cpp.o
[ 90%] Built target test_mpfr_initialization_sentinel
[ 90%] Linking CXX executable test_mpfr_defaults
[ 90%] Building CXX object tests/CMakeFiles/test_mpf_decomposition_functions.dir/test_mpf_decomposition_functions.cpp.o
[ 90%] Built target test_mpq_floating_conversion
[ 90%] Building CXX object tests/CMakeFiles/test_mpf_thread_safety.dir/test_mpf_thread_safety.cpp.o
[ 90%] Linking CXX executable test_mpfr_type_conversions
[ 90%] Built target test_mpfr_environment
[ 90%] Built target test_mpfr_defaults
[ 90%] Linking CXX executable test_mpfr_environment_first_use_stable
[ 90%] Building CXX object tests/CMakeFiles/test_mpf_pi.dir/test_mpf_pi.cpp.o
[ 90%] Building CXX object tests/CMakeFiles/test_mpf_transcendent_functions.dir/test_mpf_transcendent_functions.cpp.o
[ 90%] Linking CXX executable test_mpfr_environment_first_use
[ 91%] Linking CXX executable test_mpfr_environment_invalid
[ 91%] Built target test_mpfr_type_conversions
[ 91%] Linking CXX executable test_mpfr_exception_support
[ 91%] Building CXX object tests/CMakeFiles/test_mpf_math_functions.dir/test_mpf_math_functions.cpp.o
[ 91%] Built target test_mpfr_environment_first_use_stable
[ 91%] Linking CXX executable test_et_contract_mpf
[ 91%] Building CXX object tests/CMakeFiles/test_mpf_extended_transcendent_functions.dir/test_mpf_extended_transcendent_functions.cpp.o
[ 91%] Built target test_mpfr_environment_first_use
[ 91%] Built target test_mpfr_environment_invalid
[ 91%] Building CXX object tests/CMakeFiles/test_construction_copy.dir/test_construction_copy.cpp.o
[ 91%] Built target test_mpfr_exception_support
[ 91%] Building CXX object tests/CMakeFiles/test_et_contract_mpfc.dir/test_et_contract_mpfc.cpp.o
[ 91%] Linking CXX executable test_mpf_default_precision_invalid_env
[ 91%] Building CXX object tests/CMakeFiles/test_mpfc_basic.dir/test_mpfc_basic.cpp.o
[ 91%] Linking CXX executable test_mpf_default_precision_env
[ 91%] Linking CXX executable test_mpf_precision_policy
[ 91%] Linking CXX executable test_mpfr_comparisons
[ 91%] Built target test_et_contract_mpf
[ 91%] Linking CXX executable test_mpf_external_provider
[ 91%] Building CXX object tests/CMakeFiles/test_mpfc_precision_policy.dir/test_mpfc_precision_policy.cpp.o
[ 91%] Linking CXX executable test_mpfr_compound_assign
[ 91%] Built target test_mpf_default_precision_invalid_env
[ 91%] Built target test_mpf_default_precision_env
[ 91%] Built target test_mpf_precision_policy
[ 91%] Building CXX object tests/CMakeFiles/test_mpfc_header_boundary.dir/test_mpfc_header_boundary.cpp.o
[ 91%] Built target test_mpfr_comparisons
[ 91%] Building CXX object tests/CMakeFiles/test_mpfc_math.dir/test_mpfc_math.cpp.o
[ 92%] Building CXX object tests/CMakeFiles/test_mpfc_io.dir/test_mpfc_io.cpp.o
[ 92%] Built target test_mpf_external_provider
[ 92%] Building CXX object tests/CMakeFiles/test_et_contract_zq_mpf.dir/test_et_contract_zq_mpf.cpp.o
[ 92%] Building CXX object tests/CMakeFiles/test_mixed_zq_mpf_promotion.dir/test_mixed_zq_mpf_promotion.cpp.o
[ 92%] Built target test_mpfr_compound_assign
[ 92%] Building CXX object tests/CMakeFiles/test_mixed_type_arithmetic.dir/test_mixed_type_arithmetic.cpp.o
[ 92%] Linking CXX executable test_mpf_aliasing
[ 92%] Linking CXX executable test_mpf_scalar_alloc_count
[ 92%] Linking CXX executable test_mpfr_scalar_eval
[ 92%] Linking CXX executable test_mpf_alloc_count
[ 92%] Built target test_mpf_aliasing
[ 93%] Linking CXX executable test_mpf_fixed_precision_tls_scratch
[ 93%] Built target test_mpf_scalar_alloc_count
[ 93%] Built target test_mpfr_scalar_eval
[ 93%] Building CXX object tests/CMakeFiles/test_et_contract_zq_mpfr.dir/test_et_contract_zq_mpfr.cpp.o
[ 93%] Linking CXX executable test_mpf_fixed_precision_materialization
[ 93%] Building CXX object tests/CMakeFiles/test_mpz_basic.dir/test_mpz_basic.cpp.o
[ 93%] Building CXX object tests/CMakeFiles/test_mpz_arithmetic.dir/test_mpz_arithmetic.cpp.o
[ 93%] Built target test_mpf_alloc_count
[ 93%] Building CXX object tests/CMakeFiles/test_mpz_addmul_fusion.dir/test_mpz_addmul_fusion.cpp.o
[ 93%] Built target test_mpf_fixed_precision_tls_scratch
[ 93%] Built target test_mpf_fixed_precision_materialization
[ 93%] Building CXX object tests/CMakeFiles/test_mpz_addmul_alloc_count.dir/test_mpz_addmul_alloc_count.cpp.o
[ 93%] Building CXX object tests/CMakeFiles/test_mpq_basic.dir/test_mpq_basic.cpp.o
[ 93%] Linking CXX executable test_mpf_long_width_dispatch
[ 94%] Linking CXX executable test_mpf_decomposition_functions
[ 94%] Linking CXX executable test_mpf_power_of_two_fusion
[ 94%] Linking CXX executable test_mpf_numeric_equivalence
[ 94%] Built target test_mpf_long_width_dispatch
[ 94%] Built target test_mpf_decomposition_functions
[ 94%] Building CXX object tests/CMakeFiles/test_mpq_arithmetic.dir/test_mpq_arithmetic.cpp.o
[ 94%] Building CXX object tests/CMakeFiles/test_mpq_canonicalization.dir/test_mpq_canonicalization.cpp.o
[ 94%] Linking CXX executable test_mpfrxx_mkII
[ 94%] Built target test_mpf_power_of_two_fusion
[ 94%] Building CXX object tests/CMakeFiles/test_zq_string_io.dir/test_zq_string_io.cpp.o
[ 94%] Built target test_mpf_numeric_equivalence
[ 94%] Linking CXX executable test_et_contract_mpfc
[ 94%] Building CXX object tests/CMakeFiles/test_mpz_mpq_alloc_count.dir/test_mpz_mpq_alloc_count.cpp.o
[ 94%] Built target test_mpfrxx_mkII
[ 94%] Linking CXX executable test_mpfr_string_io
[ 95%] Building CXX object tests/CMakeFiles/test_mixed_zq_mpfr_promotion.dir/test_mixed_zq_mpfr_promotion.cpp.o
[ 95%] Built target test_et_contract_mpfc
[ 95%] Linking CXX executable test_mpfc_header_boundary
[ 95%] Building CXX object tests/CMakeFiles/test_mixed_zq_mpfr_exact_subexpression.dir/test_mixed_zq_mpfr_exact_subexpression.cpp.o
[ 95%] Linking CXX executable test_mpf_thread_safety
[ 95%] Built target test_mpfr_string_io
[ 95%] Linking CXX executable test_mpf_string_io
[ 96%] Linking CXX executable test_et_contract_zq_mpf
[ 96%] Building CXX object tests/CMakeFiles/test_mpfr_numeric_equivalence.dir/test_mpfr_numeric_equivalence.cpp.o
[ 96%] Built target test_mpfc_header_boundary
[ 96%] Linking CXX executable test_mpf_math_functions
[ 96%] Building CXX object tests/CMakeFiles/test_mpfr_power_of_two_fusion.dir/test_mpfr_power_of_two_fusion.cpp.o
[ 96%] Built target test_mpf_thread_safety
[ 96%] Built target test_et_contract_zq_mpf
[ 96%] Building CXX object tests/CMakeFiles/test_mpfr_decomposition_functions.dir/test_mpfr_decomposition_functions.cpp.o
[ 96%] Building CXX object tests/CMakeFiles/test_mpfr_scalar_alloc_count.dir/test_mpfr_scalar_alloc_count.cpp.o
[ 96%] Built target test_mpf_math_functions
[ 96%] Built target test_mpf_string_io
[ 96%] Linking CXX executable test_mixed_zq_mpf_promotion
[ 96%] Building CXX object tests/CMakeFiles/test_mpfr_thread_safety.dir/test_mpfr_thread_safety.cpp.o
[ 96%] Linking CXX executable test_et_contract_zq_mpfr
[ 96%] Building CXX object tests/CMakeFiles/test_et_contract_mpc.dir/test_et_contract_mpc.cpp.o
[ 96%] Linking CXX executable test_mpfr_transcendent_functions
[ 96%] Built target test_mixed_zq_mpf_promotion
[ 96%] Built target test_et_contract_zq_mpfr
[ 96%] Linking CXX executable test_mpf_pi
[ 96%] Linking CXX executable test_mpz_addmul_alloc_count
[ 96%] Building CXX object tests/CMakeFiles/test_mpc_basic.dir/test_mpc_basic.cpp.o
[ 96%] Building CXX object tests/CMakeFiles/test_mpc_aliasing.dir/test_mpc_aliasing.cpp.o
[ 96%] Built target test_mpfr_transcendent_functions
[ 96%] Linking CXX executable test_mpf_basic
[ 96%] Building CXX object tests/CMakeFiles/test_mpc_defaults.dir/test_mpc_defaults.cpp.o
[ 96%] Built target test_mpz_addmul_alloc_count
[ 96%] Built target test_mpf_pi
[ 97%] Linking CXX executable test_mpz_addmul_fusion
[ 98%] Building CXX object tests/CMakeFiles/test_mpc_environment_first_use.dir/test_mpc_environment_first_use.cpp.o
[ 98%] Building CXX object tests/CMakeFiles/test_mpc_environment.dir/test_mpc_environment.cpp.o
[ 98%] Built target test_mpf_basic
[ 98%] Building CXX object tests/CMakeFiles/test_mpc_environment_invalid.dir/test_mpc_environment_invalid.cpp.o
[ 98%] Linking CXX executable test_mpfr_math
[ 98%] Linking CXX executable test_mpq_basic
[ 98%] Built target test_mpz_addmul_fusion
[ 98%] Building CXX object tests/CMakeFiles/test_mpc_precision_policy.dir/test_mpc_precision_policy.cpp.o
[ 98%] Built target test_mpq_basic
[ 98%] Linking CXX executable test_mpfc_io
[ 98%] Built target test_mpfr_math
[ 98%] Building CXX object tests/CMakeFiles/test_mpc_evaluation_context.dir/test_mpc_evaluation_context.cpp.o
[ 98%] Building CXX object tests/CMakeFiles/test_mpc_evaluation_context_fixed_precision.dir/test_mpc_evaluation_context.cpp.o
[ 98%] Linking CXX executable test_mpq_canonicalization
[ 98%] Linking CXX executable test_mpz_mpq_alloc_count
[ 98%] Linking CXX executable test_construction_copy
[ 98%] Built target test_mpfc_io
[ 98%] Building CXX object tests/CMakeFiles/test_mpc_io.dir/test_mpc_io.cpp.o
[ 98%] Built target test_mpq_canonicalization
[ 98%] Built target test_mpz_mpq_alloc_count
[ 98%] Linking CXX executable test_mixed_zq_mpfr_promotion
[ 98%] Built target test_construction_copy
[ 99%] Building CXX object tests/CMakeFiles/test_mpc_math.dir/test_mpc_math.cpp.o
[ 99%] Building CXX object tests/CMakeFiles/test_mpc_alloc_count.dir/test_mpc_alloc_count.cpp.o
[ 99%] Building CXX object examples/CMakeFiles/example16_mpf_thread_context.dir/example16_mpf_thread_context.cpp.o
[ 99%] Linking CXX executable test_mixed_zq_mpfr_exact_subexpression
[ 99%] Built target test_mixed_zq_mpfr_promotion
[ 99%] Linking CXX executable test_mpfr_scalar_alloc_count
[ 99%] Built target test_mixed_zq_mpfr_exact_subexpression
[ 99%] Built target test_mpfr_scalar_alloc_count
[ 99%] Linking CXX executable test_mpf_extended_transcendent_functions
[100%] Linking CXX executable test_zq_string_io
[100%] Linking CXX executable test_et_contract_mpc
[100%] Linking CXX executable test_mpc_aliasing
[100%] Built target test_mpf_extended_transcendent_functions
[100%] Linking CXX executable test_mpfr_numeric_equivalence
[100%] Built target test_zq_string_io
[100%] Linking CXX executable test_mpc_defaults
[100%] Linking CXX executable test_mpz_basic
[100%] Linking CXX executable test_mpc_environment_invalid
[100%] Built target test_et_contract_mpc
[100%] Built target test_mpc_aliasing
[100%] Linking CXX executable test_mpfc_precision_policy
[100%] Built target test_mpfr_numeric_equivalence
[100%] Linking CXX executable test_mpq_arithmetic
[100%] Linking CXX executable test_mpfc_basic
[100%] Built target test_mpc_defaults
[100%] Built target test_mpz_basic
[100%] Built target test_mpc_environment_invalid
[100%] Linking CXX executable test_mpfr_decomposition_functions
[100%] Linking CXX executable test_mpc_environment_first_use
[100%] Built target test_mpfc_precision_policy
[100%] Linking CXX executable test_mpfr_power_of_two_fusion
[100%] Built target test_mpq_arithmetic
[100%] Built target test_mpfc_basic
[100%] Built target test_mpfr_decomposition_functions
[100%] Built target test_mpc_environment_first_use
[100%] Built target test_mpfr_power_of_two_fusion
[100%] Linking CXX executable test_mpc_evaluation_context
[100%] Linking CXX executable test_mpc_evaluation_context_fixed_precision
[100%] Linking CXX executable test_mixed_type_arithmetic
[100%] Linking CXX executable test_mpfr_thread_safety
[100%] Built target test_mpc_evaluation_context
[100%] Built target test_mpc_evaluation_context_fixed_precision
[100%] Built target test_mixed_type_arithmetic
[100%] Linking CXX executable test_mpc_environment
[100%] Built target test_mpfr_thread_safety
[100%] Built target test_mpc_environment
[100%] Linking CXX executable test_mpc_alloc_count
[100%] Linking CXX executable test_mpz_arithmetic
[100%] Linking CXX executable test_mpfc_math
[100%] Built target test_mpc_alloc_count
[100%] Built target test_mpz_arithmetic
[100%] Built target test_mpfc_math
[100%] Linking CXX executable test_gmpxx_mkII
[100%] Built target test_gmpxx_mkII
[100%] Linking CXX executable test_mpc_precision_policy
[100%] Built target test_mpc_precision_policy
[100%] Linking CXX executable test_mpf_transcendent_functions
[100%] Built target test_mpf_transcendent_functions
[100%] Linking CXX executable example16_mpf_thread_context
[100%] Linking CXX executable test_mpc_basic
[100%] Built target example16_mpf_thread_context
[100%] Built target test_mpc_basic
[100%] Linking CXX executable test_mpc_math
[100%] Built target test_mpc_math
[100%] Linking CXX executable test_mpc_io
[100%] Built target test_mpc_io
tests/test_mpf_binary_real_adapters.cpp:8:int main(){gmpxx::mpf_class f(512);mpf_set_d(f.mpf_data(),1.);mpf_t l;mpf_init2(l,512);mpf_set_d(l,std::ldexp(1.,-100));mpf_add(f.mpf_data(),f.mpf_data(),l);mpfrxx::mpfr_class r=f;mpf_clear(l);if(above_one(r))return 1;
tests/test_mpf_binary_real_adapters.cpp:10:if(above_one(mpfrxx::mpfr_class(gmpfrxx_mkII::adapters::binary80_real(1.L+std::ldexp(1.L,-60)))))return 2;
tests/test_mpf_binary_real_adapters.cpp:8:int main(){gmpxx::mpf_class f(512);mpf_set_d(f.mpf_data(),1.);mpf_t l;mpf_init2(l,512);mpf_set_d(l,std::ldexp(1.,-100));mpf_add(f.mpf_data(),f.mpf_data(),l);mpfrxx::mpfr_class r=f;mpf_clear(l);if(above_one(r))return 1;
tests/test_mpf_binary_real_adapters.cpp:10:if(above_one(mpfrxx::mpfr_class(gmpfrxx_mkII::adapters::binary80_real(1.L+std::ldexp(1.L,-60)))))return 2;
tests/test_dd_real_adapter.cpp:4:int main(){dd_real x; x.x[0]=1.; x.x[1]=std::ldexp(1.,-100); mpfrxx::mpfr_class r=x; mpfrxx::mpfr_class one=1.; return mpfr_cmp(r.mpfr_data(),one.mpfr_data())>0?0:1;}
tests/test_qd_real_adapter.cpp:3:int main(){qd_real x; x.x[0]=1.; x.x[1]=std::ldexp(1.,-100); x.x[2]=0.; x.x[3]=0.; mpfrxx::mpfr_class r=x; mpfrxx::mpfr_class one=1.; return mpfr_cmp(r.mpfr_data(),one.mpfr_data())>0?0:1;}
include/gmpfrxx_mkII/adapters/detail/real_components.hpp:36:#include <cstddef>
include/gmpfrxx_mkII/adapters/detail/real_components.hpp:45:    using component_type = std::remove_cv_t<std::remove_reference_t<Component>>;
include/gmpfrxx_mkII/adapters/detail/real_components.hpp:46:    if constexpr (std::is_same_v<component_type, double>) {
include/gmpfrxx_mkII/adapters/detail/real_components.hpp:56:    using component_type = std::remove_cv_t<std::remove_reference_t<Component>>;
include/gmpfrxx_mkII/adapters/detail/real_components.hpp:57:    if constexpr (std::is_same_v<component_type, double>) {
include/gmpfrxx_mkII/adapters/detail/real_components.hpp:58:        return mpfr_get_d(source, rounding_mode);
include/gmpfrxx_mkII/adapters/detail/real_components.hpp:69:template <typename Real, std::size_t Components>
include/gmpfrxx_mkII/adapters/detail/real_components.hpp:80:    for (std::size_t i = 0; i < Components; ++i) {
include/gmpfrxx_mkII/adapters/detail/binary_float.hpp:82:class binary80_complex {
include/gmpfrxx_mkII/adapters/detail/binary_float.hpp:84:    binary80_complex() = default;
include/gmpfrxx_mkII/adapters/detail/binary_float.hpp:85:    binary80_complex(binary80_real real_part, binary80_real imag_part)
include/gmpfrxx_mkII/adapters/detail/binary_float.hpp:116:class binary128_complex {
include/gmpfrxx_mkII/adapters/detail/binary_float.hpp:118:    binary128_complex() = default;
include/gmpfrxx_mkII/adapters/detail/binary_float.hpp:119:    binary128_complex(binary128_real real_part, binary128_real imag_part)
Test project /tmp/gmpfrxx-mkII-p2a-recheck.IDSxFp/build-p2a
        Start   1: example01
  1/189 Test   #1: example01 ...............................................................   Passed    0.00 sec
        Start   2: example02_mpf
  2/189 Test   #2: example02_mpf ...........................................................   Passed    0.00 sec
        Start   3: example02_mpfr
  3/189 Test   #3: example02_mpfr ..........................................................   Passed    0.00 sec
        Start   4: example02_mpc
  4/189 Test   #4: example02_mpc ...........................................................   Passed    0.00 sec
        Start   5: example03_mpf
  5/189 Test   #5: example03_mpf ...........................................................   Passed    0.00 sec
        Start   6: example03_mpfr
  6/189 Test   #6: example03_mpfr ..........................................................   Passed    0.00 sec
        Start   7: example03_mpfc
  7/189 Test   #7: example03_mpfc ..........................................................   Passed    0.00 sec
        Start   8: example04_mpf
  8/189 Test   #8: example04_mpf ...........................................................   Passed    0.00 sec
        Start   9: example04_mpfr
  9/189 Test   #9: example04_mpfr ..........................................................   Passed    0.00 sec
        Start  10: example05_mpf
 10/189 Test  #10: example05_mpf ...........................................................   Passed    0.01 sec
        Start  11: example05_mpfr
 11/189 Test  #11: example05_mpfr ..........................................................   Passed    0.01 sec
        Start  12: example06_mpfc
 12/189 Test  #12: example06_mpfc ..........................................................   Passed    0.01 sec
        Start  13: example06_mpc
 13/189 Test  #13: example06_mpc ...........................................................   Passed    0.01 sec
        Start  14: example07_mpfc
 14/189 Test  #14: example07_mpfc ..........................................................   Passed    0.01 sec
        Start  15: example07_mpc
 15/189 Test  #15: example07_mpc ...........................................................   Passed    0.01 sec
        Start  16: example08_mpfc
 16/189 Test  #16: example08_mpfc ..........................................................   Passed    0.01 sec
        Start  17: example08_mpc
 17/189 Test  #17: example08_mpc ...........................................................   Passed    0.02 sec
        Start  18: example09_mpfc
 18/189 Test  #18: example09_mpfc ..........................................................   Passed    0.02 sec
        Start  19: example09_mpc
 19/189 Test  #19: example09_mpc ...........................................................   Passed    0.02 sec
        Start  20: example10_mpf
 20/189 Test  #20: example10_mpf ...........................................................   Passed    0.00 sec
        Start  21: example10_mpfr
 21/189 Test  #21: example10_mpfr ..........................................................   Passed    0.00 sec
        Start  22: example11_mpf
 22/189 Test  #22: example11_mpf ...........................................................   Passed    0.00 sec
        Start  23: example11_mpfr
 23/189 Test  #23: example11_mpfr ..........................................................   Passed    0.01 sec
        Start  24: example12_mpf
 24/189 Test  #24: example12_mpf ...........................................................   Passed    0.00 sec
        Start  25: example12_mpfr
 25/189 Test  #25: example12_mpfr ..........................................................   Passed    0.01 sec
        Start  26: example13_mpf
 26/189 Test  #26: example13_mpf ...........................................................   Passed    0.46 sec
        Start  27: example13_mpfr
 27/189 Test  #27: example13_mpfr ..........................................................   Passed    0.08 sec
        Start  28: example14_mpf
 28/189 Test  #28: example14_mpf ...........................................................   Passed    0.59 sec
        Start  29: example14_mpfr
 29/189 Test  #29: example14_mpfr ..........................................................   Passed    0.12 sec
        Start  30: example15_mpf
 30/189 Test  #30: example15_mpf ...........................................................   Passed    0.00 sec
        Start  31: example15_mpfr
 31/189 Test  #31: example15_mpfr ..........................................................   Passed    0.00 sec
        Start  32: example16_mpf_thread_context
 32/189 Test  #32: example16_mpf_thread_context ............................................   Passed    0.00 sec
        Start  33: example16_mpfr_thread_context
 33/189 Test  #33: example16_mpfr_thread_context ...........................................   Passed    0.00 sec
        Start  34: example15_mpf_bbp
 34/189 Test  #34: example15_mpf_bbp .......................................................   Passed    0.00 sec
        Start  35: example15_mpfr_bbp
 35/189 Test  #35: example15_mpfr_bbp ......................................................   Passed    0.00 sec
        Start  36: benchmark_disasm_equivalence
 36/189 Test  #36: benchmark_disasm_equivalence ............................................   Passed    0.51 sec
        Start  37: test_gmp_header_smoke
 37/189 Test  #37: test_gmp_header_smoke ...................................................   Passed    0.00 sec
        Start  38: test_mpfr_header_smoke
 38/189 Test  #38: test_mpfr_header_smoke ..................................................   Passed    0.00 sec
        Start  39: test_mpc_header_smoke
 39/189 Test  #39: test_mpc_header_smoke ...................................................   Passed    0.00 sec
        Start  40: test_dd_real_adapter
 40/189 Test  #40: test_dd_real_adapter ....................................................   Passed    0.00 sec
        Start  41: test_qd_real_adapter
 41/189 Test  #41: test_qd_real_adapter ....................................................   Passed    0.00 sec
        Start  42: test_mpf_binary_real_adapters
 42/189 Test  #42: test_mpf_binary_real_adapters ...........................................   Passed    0.00 sec
        Start  43: test_aggregator_header_smoke
 43/189 Test  #43: test_aggregator_header_smoke ............................................   Passed    0.00 sec
        Start  44: test_namespace_aliases
 44/189 Test  #44: test_namespace_aliases ..................................................   Passed    0.00 sec
        Start  45: test_header_boundaries
 45/189 Test  #45: test_header_boundaries ..................................................   Passed    0.00 sec
        Start  46: test_library_tls_detection
 46/189 Test  #46: test_library_tls_detection ..............................................   Passed    0.00 sec
        Start  47: test_version_info
 47/189 Test  #47: test_version_info .......................................................   Passed    0.00 sec
        Start  48: test_integer_model_diagnostics
 48/189 Test  #48: test_integer_model_diagnostics ..........................................   Passed    0.00 sec
        Start  49: test_gmpxx_mkII
 49/189 Test  #49: test_gmpxx_mkII .........................................................   Passed    0.01 sec
        Start  50: test_mpfrxx_mkII
 50/189 Test  #50: test_mpfrxx_mkII ........................................................   Passed    0.00 sec
        Start  51: test_abi_fingerprint
 51/189 Test  #51: test_abi_fingerprint ....................................................   Passed    0.00 sec
        Start  52: test_alias_safety
 52/189 Test  #52: test_alias_safety .......................................................   Passed    0.00 sec
        Start  53: test_temporary_expression_lifetime
 53/189 Test  #53: test_temporary_expression_lifetime ......................................   Passed    0.00 sec
        Start  54: test_leaf_single_rounding
 54/189 Test  #54: test_leaf_single_rounding ...............................................   Passed    0.00 sec
        Start  55: test_expr_unary_move_folding
 55/189 Test  #55: test_expr_unary_move_folding ............................................   Passed    0.00 sec
        Start  56: test_comparisons
 56/189 Test  #56: test_comparisons ........................................................   Passed    0.00 sec
        Start  57: test_compound_assign
 57/189 Test  #57: test_compound_assign ....................................................   Passed    0.00 sec
        Start  58: test_common_type
 58/189 Test  #58: test_common_type ........................................................   Passed    0.00 sec
        Start  59: test_exception_support
 59/189 Test  #59: test_exception_support ..................................................   Passed    0.00 sec
        Start  60: test_random
 60/189 Test  #60: test_random .............................................................   Passed    0.01 sec
        Start  61: test_type_conversions
 61/189 Test  #61: test_type_conversions ...................................................   Passed    0.00 sec
        Start  62: test_mpq_floating_conversion
 62/189 Test  #62: test_mpq_floating_conversion ............................................   Passed    0.00 sec
        Start  63: test_unary_minus_simplification
 63/189 Test  #63: test_unary_minus_simplification .........................................   Passed    0.00 sec
        Start  64: test_user_defined_literals
 64/189 Test  #64: test_user_defined_literals ..............................................   Passed    0.00 sec
        Start  65: test_et_contract_mpfr
 65/189 Test  #65: test_et_contract_mpfr ...................................................   Passed    0.00 sec
        Start  66: test_mpfr_user_defined_literals
 66/189 Test  #66: test_mpfr_user_defined_literals .........................................   Passed    0.00 sec
        Start  67: test_mpfr_expression_eval
 67/189 Test  #67: test_mpfr_expression_eval ...............................................   Passed    0.00 sec
        Start  68: test_mpfr_precision_policy
 68/189 Test  #68: test_mpfr_precision_policy ..............................................   Passed    0.00 sec
        Start  69: test_mpfr_aliasing
 69/189 Test  #69: test_mpfr_aliasing ......................................................   Passed    0.00 sec
        Start  70: test_mpfr_random
 70/189 Test  #70: test_mpfr_random ........................................................   Passed    0.02 sec
        Start  71: test_et_contract_mpfr_scalar
 71/189 Test  #71: test_et_contract_mpfr_scalar ............................................   Passed    0.00 sec
        Start  72: test_mpfr_scalar_eval
 72/189 Test  #72: test_mpfr_scalar_eval ...................................................   Passed    0.00 sec
        Start  73: test_mpfr_long_width_dispatch
 73/189 Test  #73: test_mpfr_long_width_dispatch ...........................................   Passed    0.00 sec
        Start  74: test_mpfr_alloc_count
 74/189 Test  #74: test_mpfr_alloc_count ...................................................   Passed    0.00 sec
        Start  75: test_mpfr_fixed_precision_materialization
 75/189 Test  #75: test_mpfr_fixed_precision_materialization ...............................   Passed    0.00 sec
        Start  76: test_mpfr_fixed_precision_fma_alloc_count
 76/189 Test  #76: test_mpfr_fixed_precision_fma_alloc_count ...............................   Passed    0.00 sec
        Start  77: test_mpfr_fixed_precision_tls_scratch
 77/189 Test  #77: test_mpfr_fixed_precision_tls_scratch ...................................   Passed    0.00 sec
        Start  78: test_mpfr_type_conversions
 78/189 Test  #78: test_mpfr_type_conversions ..............................................   Passed    0.00 sec
        Start  79: test_mpfr_comparisons
 79/189 Test  #79: test_mpfr_comparisons ...................................................   Passed    0.00 sec
        Start  80: test_mpfr_compound_assign
 80/189 Test  #80: test_mpfr_compound_assign ...............................................   Passed    0.00 sec
        Start  81: test_mpfr_rounding_context
 81/189 Test  #81: test_mpfr_rounding_context ..............................................   Passed    0.00 sec
        Start  82: test_mpfr_rounding_context_fixed_precision
 82/189 Test  #82: test_mpfr_rounding_context_fixed_precision ..............................   Passed    0.00 sec
        Start  83: test_mpfr_rounding_scope
 83/189 Test  #83: test_mpfr_rounding_scope ................................................   Passed    0.00 sec
        Start  84: test_mpfr_rounding_scope_stable
 84/189 Test  #84: test_mpfr_rounding_scope_stable .........................................   Passed    0.00 sec
        Start  85: test_mpfr_exception_support
 85/189 Test  #85: test_mpfr_exception_support .............................................   Passed    0.00 sec
        Start  86: test_mpfr_defaults
 86/189 Test  #86: test_mpfr_defaults ......................................................   Passed    0.00 sec
        Start  87: test_mpfr_initialization_sentinel
 87/189 Test  #87: test_mpfr_initialization_sentinel .......................................   Passed    0.00 sec
        Start  88: test_mpfr_environment
 88/189 Test  #88: test_mpfr_environment ...................................................   Passed    0.00 sec
        Start  89: test_mpfr_environment_first_use_with_precision
 89/189 Test  #89: test_mpfr_environment_first_use_with_precision ..........................   Passed    0.00 sec
        Start  90: test_mpfr_environment_first_use_explicit_precision_constructor
 90/189 Test  #90: test_mpfr_environment_first_use_explicit_precision_constructor ..........   Passed    0.00 sec
        Start  91: test_mpfr_environment_first_use_current_eval_context
 91/189 Test  #91: test_mpfr_environment_first_use_current_eval_context ....................   Passed    0.00 sec
        Start  92: test_mpfr_environment_first_use_initialize_thread_defaults
 92/189 Test  #92: test_mpfr_environment_first_use_initialize_thread_defaults ..............   Passed    0.00 sec
        Start  93: test_mpfr_environment_first_use_raw_rounding_preserved
 93/189 Test  #93: test_mpfr_environment_first_use_raw_rounding_preserved ..................   Passed    0.00 sec
        Start  94: test_mpfr_environment_first_use_stable_with_precision
 94/189 Test  #94: test_mpfr_environment_first_use_stable_with_precision ...................   Passed    0.00 sec
        Start  95: test_mpfr_environment_first_use_stable_explicit_precision_constructor
 95/189 Test  #95: test_mpfr_environment_first_use_stable_explicit_precision_constructor ...   Passed    0.00 sec
        Start  96: test_mpfr_environment_first_use_stable_current_eval_context
 96/189 Test  #96: test_mpfr_environment_first_use_stable_current_eval_context .............   Passed    0.00 sec
        Start  97: test_mpfr_environment_first_use_stable_initialize_thread_defaults
 97/189 Test  #97: test_mpfr_environment_first_use_stable_initialize_thread_defaults .......   Passed    0.00 sec
        Start  98: test_mpfr_environment_first_use_stable_raw_rounding_preserved
 98/189 Test  #98: test_mpfr_environment_first_use_stable_raw_rounding_preserved ...........   Passed    0.00 sec
        Start  99: test_mpfr_environment_invalid
 99/189 Test  #99: test_mpfr_environment_invalid ...........................................   Passed    0.00 sec
        Start 100: test_mpfr_string_io
100/189 Test #100: test_mpfr_string_io .....................................................   Passed    0.00 sec
        Start 101: test_mpfr_math
101/189 Test #101: test_mpfr_math ..........................................................   Passed    0.03 sec
        Start 102: test_mpfr_transcendent_functions
102/189 Test #102: test_mpfr_transcendent_functions ........................................   Passed    0.04 sec
        Start 103: test_et_contract_mpf
103/189 Test #103: test_et_contract_mpf ....................................................   Passed    0.00 sec
        Start 104: test_mpf_basic
104/189 Test #104: test_mpf_basic ..........................................................   Passed    0.00 sec
        Start 105: test_mpf_precision_policy
105/189 Test #105: test_mpf_precision_policy ...............................................   Passed    0.00 sec
        Start 106: test_mpf_default_precision_env
106/189 Test #106: test_mpf_default_precision_env ..........................................   Passed    0.00 sec
        Start 107: test_mpf_default_precision_invalid_env
107/189 Test #107: test_mpf_default_precision_invalid_env ..................................   Passed    0.00 sec
        Start 108: test_mpf_default_precision_overflow_env
108/189 Test #108: test_mpf_default_precision_overflow_env .................................   Passed    0.00 sec
        Start 109: test_mpf_external_provider
109/189 Test #109: test_mpf_external_provider ..............................................   Passed    0.00 sec
        Start 110: test_mpf_aliasing
110/189 Test #110: test_mpf_aliasing .......................................................   Passed    0.00 sec
        Start 111: test_mpf_string_io
111/189 Test #111: test_mpf_string_io ......................................................   Passed    0.00 sec
        Start 112: test_mpf_alloc_count
112/189 Test #112: test_mpf_alloc_count ....................................................   Passed    0.00 sec
        Start 113: test_mpf_scalar_alloc_count
113/189 Test #113: test_mpf_scalar_alloc_count .............................................   Passed    0.00 sec
        Start 114: test_mpf_fixed_precision_materialization
114/189 Test #114: test_mpf_fixed_precision_materialization ................................   Passed    0.00 sec
        Start 115: test_mpf_fixed_precision_tls_scratch
115/189 Test #115: test_mpf_fixed_precision_tls_scratch ....................................   Passed    0.00 sec
        Start 116: test_mpf_long_width_dispatch
116/189 Test #116: test_mpf_long_width_dispatch ............................................   Passed    0.00 sec
        Start 117: test_mpf_numeric_equivalence
117/189 Test #117: test_mpf_numeric_equivalence ............................................   Passed    0.00 sec
        Start 118: test_mpf_power_of_two_fusion
118/189 Test #118: test_mpf_power_of_two_fusion ............................................   Passed    0.00 sec
        Start 119: test_mpf_decomposition_functions
119/189 Test #119: test_mpf_decomposition_functions ........................................   Passed    0.00 sec
        Start 120: test_mpf_thread_safety
120/189 Test #120: test_mpf_thread_safety ..................................................   Passed    0.00 sec
        Start 121: test_mpf_pi
121/189 Test #121: test_mpf_pi .............................................................   Passed    0.00 sec
        Start 122: test_mpf_transcendent_functions
122/189 Test #122: test_mpf_transcendent_functions .........................................   Passed    4.68 sec
        Start 123: test_mpf_math_functions
123/189 Test #123: test_mpf_math_functions .................................................   Passed    0.00 sec
        Start 124: test_mpf_extended_transcendent_functions
124/189 Test #124: test_mpf_extended_transcendent_functions ................................   Passed    0.10 sec
        Start 125: test_construction_copy
125/189 Test #125: test_construction_copy ..................................................   Passed    0.00 sec
        Start 126: test_et_contract_mpfc
126/189 Test #126: test_et_contract_mpfc ...................................................   Passed    0.00 sec
        Start 127: test_mpfc_basic
127/189 Test #127: test_mpfc_basic .........................................................   Passed    0.00 sec
        Start 128: test_mpfc_precision_policy
128/189 Test #128: test_mpfc_precision_policy ..............................................   Passed    0.00 sec
        Start 129: test_mpfc_header_boundary
129/189 Test #129: test_mpfc_header_boundary ...............................................   Passed    0.00 sec
        Start 130: test_mpfc_math
130/189 Test #130: test_mpfc_math ..........................................................   Passed    0.01 sec
        Start 131: test_mpfc_io
131/189 Test #131: test_mpfc_io ............................................................   Passed    0.00 sec
        Start 132: test_et_contract_zq_mpf
132/189 Test #132: test_et_contract_zq_mpf .................................................   Passed    0.00 sec
        Start 133: test_mixed_zq_mpf_promotion
133/189 Test #133: test_mixed_zq_mpf_promotion .............................................   Passed    0.00 sec
        Start 134: test_mixed_type_arithmetic
134/189 Test #134: test_mixed_type_arithmetic ..............................................   Passed    0.00 sec
        Start 135: test_et_contract_zq_mpfr
135/189 Test #135: test_et_contract_zq_mpfr ................................................   Passed    0.00 sec
        Start 136: test_mpz_basic
136/189 Test #136: test_mpz_basic ..........................................................   Passed    0.00 sec
        Start 137: test_mpz_arithmetic
137/189 Test #137: test_mpz_arithmetic .....................................................   Passed    0.00 sec
        Start 138: test_mpz_addmul_fusion
138/189 Test #138: test_mpz_addmul_fusion ..................................................   Passed    0.00 sec
        Start 139: test_mpz_addmul_alloc_count
139/189 Test #139: test_mpz_addmul_alloc_count .............................................   Passed    0.00 sec
        Start 140: test_mpq_basic
140/189 Test #140: test_mpq_basic ..........................................................   Passed    0.00 sec
        Start 141: test_mpq_arithmetic
141/189 Test #141: test_mpq_arithmetic .....................................................   Passed    0.00 sec
        Start 142: test_mpq_canonicalization
142/189 Test #142: test_mpq_canonicalization ...............................................   Passed    0.00 sec
        Start 143: test_zq_string_io
143/189 Test #143: test_zq_string_io .......................................................   Passed    0.00 sec
        Start 144: test_mpz_mpq_alloc_count
144/189 Test #144: test_mpz_mpq_alloc_count ................................................   Passed    0.00 sec
        Start 145: test_mixed_zq_mpfr_promotion
145/189 Test #145: test_mixed_zq_mpfr_promotion ............................................   Passed    0.00 sec
        Start 146: test_mixed_zq_mpfr_exact_subexpression
146/189 Test #146: test_mixed_zq_mpfr_exact_subexpression ..................................   Passed    0.00 sec
        Start 147: test_mpfr_numeric_equivalence
147/189 Test #147: test_mpfr_numeric_equivalence ...........................................   Passed    0.00 sec
        Start 148: test_mpfr_power_of_two_fusion
148/189 Test #148: test_mpfr_power_of_two_fusion ...........................................   Passed    0.00 sec
        Start 149: test_mpfr_decomposition_functions
149/189 Test #149: test_mpfr_decomposition_functions .......................................   Passed    0.00 sec
        Start 150: test_mpfr_scalar_alloc_count
150/189 Test #150: test_mpfr_scalar_alloc_count ............................................   Passed    0.00 sec
        Start 151: test_mpfr_thread_safety
151/189 Test #151: test_mpfr_thread_safety .................................................   Passed    0.01 sec
        Start 152: test_et_contract_mpc
152/189 Test #152: test_et_contract_mpc ....................................................   Passed    0.00 sec
        Start 153: test_mpc_basic
153/189 Test #153: test_mpc_basic ..........................................................   Passed    0.00 sec
        Start 154: test_mpc_aliasing
154/189 Test #154: test_mpc_aliasing .......................................................   Passed    0.00 sec
        Start 155: test_mpc_defaults
155/189 Test #155: test_mpc_defaults .......................................................   Passed    0.00 sec
        Start 156: test_mpc_environment
156/189 Test #156: test_mpc_environment ....................................................   Passed    0.00 sec
        Start 157: test_mpc_environment_first_use_share_mpfr
157/189 Test #157: test_mpc_environment_first_use_share_mpfr ...............................   Passed    0.00 sec
        Start 158: test_mpc_environment_first_use_mpc_env
158/189 Test #158: test_mpc_environment_first_use_mpc_env ..................................   Passed    0.00 sec
        Start 159: test_mpc_environment_first_use_component_env
159/189 Test #159: test_mpc_environment_first_use_component_env ............................   Passed    0.00 sec
        Start 160: test_mpc_environment_first_use_asymmetric_override
160/189 Test #160: test_mpc_environment_first_use_asymmetric_override ......................   Passed    0.00 sec
        Start 161: test_mpc_environment_invalid
161/189 Test #161: test_mpc_environment_invalid ............................................   Passed    0.00 sec
        Start 162: test_mpc_precision_policy
162/189 Test #162: test_mpc_precision_policy ...............................................   Passed    0.00 sec
        Start 163: test_mpc_evaluation_context
163/189 Test #163: test_mpc_evaluation_context .............................................   Passed    0.00 sec
        Start 164: test_mpc_evaluation_context_fixed_precision
164/189 Test #164: test_mpc_evaluation_context_fixed_precision .............................   Passed    0.00 sec
        Start 165: test_mpc_io
165/189 Test #165: test_mpc_io .............................................................   Passed    0.00 sec
        Start 166: test_mpc_math
166/189 Test #166: test_mpc_math ...........................................................   Passed    0.01 sec
        Start 167: test_mpc_alloc_count
167/189 Test #167: test_mpc_alloc_count ....................................................   Passed    0.00 sec
        Start 168: compile_pass_harness_control
168/189 Test #168: compile_pass_harness_control ............................................   Passed    0.65 sec
        Start 169: compile_fail_mpfr_header_must_not_expose_mpf
169/189 Test #169: compile_fail_mpfr_header_must_not_expose_mpf ............................   Passed    0.44 sec
        Start 170: compile_fail_mpfr_header_must_not_expose_mpfc
170/189 Test #170: compile_fail_mpfr_header_must_not_expose_mpfc ...........................   Passed    0.45 sec
        Start 171: compile_fail_mpfr_header_must_not_expose_mpc
171/189 Test #171: compile_fail_mpfr_header_must_not_expose_mpc ............................   Passed    0.45 sec
        Start 172: compile_fail_gmp_header_must_not_expose_mpfr_or_mpc
172/189 Test #172: compile_fail_gmp_header_must_not_expose_mpfr_or_mpc .....................   Passed    0.53 sec
        Start 173: compile_fail_test_bool_scalar
173/189 Test #173: compile_fail_test_bool_scalar ...........................................   Passed    0.44 sec
        Start 174: compile_fail_test_wchar_scalar
174/189 Test #174: compile_fail_test_wchar_scalar ..........................................   Passed    0.44 sec
        Start 175: compile_fail_test_char16_scalar
175/189 Test #175: compile_fail_test_char16_scalar .........................................   Passed    0.45 sec
        Start 176: compile_fail_test_char32_scalar
176/189 Test #176: compile_fail_test_char32_scalar .........................................   Passed    0.45 sec
        Start 177: compile_fail_test_long_double_scalar
177/189 Test #177: compile_fail_test_long_double_scalar ....................................   Passed    0.45 sec
        Start 178: compile_fail_test_int128_scalar
178/189 Test #178: compile_fail_test_int128_scalar .........................................   Passed    0.44 sec
        Start 179: compile_fail_test_scalar_scalar_et_operator
179/189 Test #179: compile_fail_test_scalar_scalar_et_operator .............................   Passed    0.44 sec
        Start 180: compile_fail_test_mpf_precision_guard_frozen_env
180/189 Test #180: compile_fail_test_mpf_precision_guard_frozen_env ........................   Passed    0.53 sec
        Start 181: compile_fail_test_mpf_plus_mpfr
181/189 Test #181: compile_fail_test_mpf_plus_mpfr .........................................   Passed    0.63 sec
        Start 182: compile_fail_test_mpfr_plus_mpf
182/189 Test #182: compile_fail_test_mpfr_plus_mpf .........................................   Passed    0.62 sec
        Start 183: compile_fail_test_mpf_plus_mpc
183/189 Test #183: compile_fail_test_mpf_plus_mpc ..........................................   Passed    0.62 sec
        Start 184: compile_fail_test_mpc_plus_mpf
184/189 Test #184: compile_fail_test_mpc_plus_mpf ..........................................   Passed    0.63 sec
        Start 185: compile_fail_test_mpfc_plus_mpfr
185/189 Test #185: compile_fail_test_mpfc_plus_mpfr ........................................   Passed    0.62 sec
        Start 186: compile_fail_test_mpfr_plus_mpfc
186/189 Test #186: compile_fail_test_mpfr_plus_mpfc ........................................   Passed    0.63 sec
        Start 187: compile_fail_test_mpfc_plus_mpc
187/189 Test #187: compile_fail_test_mpfc_plus_mpc .........................................   Passed    0.63 sec
        Start 188: compile_fail_test_mpc_plus_mpfc
188/189 Test #188: compile_fail_test_mpc_plus_mpfc .........................................   Passed    0.62 sec
        Start 189: link_fail_mpf_external_provider_missing
189/189 Test #189: link_fail_mpf_external_provider_missing .................................   Passed    0.57 sec

100% tests passed, 0 tests failed out of 189

Label Time Summary:
alloc-count    =   0.04 sec*proc (11 tests)
benchmark      =   0.51 sec*proc (1 test)
disasm         =   0.51 sec*proc (1 test)

Total Test time (real) =  19.11 sec
-- gmpfrxx_mkII enabled components: GMP;MPFR;MPC
-- MPFR buildopt TLS probe: has API=1, tls=1
-- MPC buildopt TLS probe: has API=0, tls=0
-- OpenMP benchmark targets enabled
-- Configuring done (0.4s)
-- Generating done (1.2s)
-- Build files have been written to: /home/docker/gmpfrxx_mkII-p2a-clean.wbx83b/build-p2b
[  1%] Built target example01
[  1%] Built target example04_mpfr
[  1%] Built target example05_mpf
[  1%] Built target example02_mpfr
[  1%] Built target gmpxx_mkII_default_context_provider
[  1%] Built target example04_mpf
[  1%] Built target example05_mpfr
[  1%] Built target example02_mpc
[  1%] Built target example02_mpf
[  1%] Built target example06_mpc
[  2%] Built target example06_mpfc
[  3%] Built target example03_mpfr
[  3%] Built target example08_mpc
[  3%] Built target example03_mpf
[  3%] Built target example07_mpc
[  3%] Built target example07_mpfc
[  4%] Built target example10_mpf
[  4%] Built target example03_mpfc
[  4%] Built target example11_mpf
[  4%] Built target example08_mpfc
[  4%] Built target example10_mpfr
[  4%] Built target example09_mpc
[  4%] Built target example11_mpfr
[  4%] Built target example09_mpfc
[  4%] Built target example12_mpf
[  5%] Built target example13_mpf
[  5%] Built target example14_mpf
[  5%] Built target example12_mpfr
[  5%] Built target example15_mpf
[  5%] Built target example13_mpfr
[  5%] Built target example15_mpfr
[  5%] Built target example14_mpfr
[  5%] Built target Rdot_gmp_C_native_03
[  5%] Built target Rdot_gmp_C_native_01
[  5%] Built target example16_mpfr_thread_context
[  5%] Built target Rdot_gmp_C_native_06
[  5%] Built target Rdot_gmp_C_native_04
[  6%] Built target Rdot_gmp_kernel_01_orig
[  7%] Built target Rdot_gmp_C_native_05
[  7%] Built target Rdot_gmp_C_native_02
[  7%] Built target Rdot_gmp_C_native_openmp_01
[  7%] Built target Rdot_gmp_kernel_01_mkII
[  7%] Built target Rdot_gmp_C_native_openmp_02
[  8%] Built target Rdot_gmp_C_native_openmp_03
[  8%] Built target Rdot_gmp_C_native_openmp_04
[  8%] Built target Rdot_gmp_C_native_openmp_06
[  8%] Built target Rdot_gmp_kernel_01_mkII_FIXED_PRECISION_FASTPATH
[  8%] Built target Rdot_gmp_C_native_openmp_05
[  8%] Built target Rdot_gmp_kernel_02_mkII_FIXED_PRECISION_FASTPATH
[  8%] Built target Rdot_gmp_kernel_03_mkII
[  8%] Built target Rdot_gmp_kernel_02_mkII
[  8%] Built target Rdot_gmp_kernel_03_mkII_FIXED_PRECISION_FASTPATH
[  8%] Built target Rdot_gmp_kernel_02_orig
[  8%] Built target Rdot_gmp_kernel_04_orig
[  8%] Built target Rdot_gmp_kernel_openmp_01_orig
[  9%] Built target Rdot_gmp_kernel_05_orig
[ 10%] Built target Rdot_gmp_kernel_03_orig
[ 10%] Built target Rdot_gmp_kernel_04_mkII_FIXED_PRECISION_FASTPATH
[ 10%] Built target Rdot_gmp_kernel_04_mkII
[ 10%] Built target Rdot_gmp_kernel_06_mkII_FIXED_PRECISION_FASTPATH
[ 10%] Built target Rdot_gmp_kernel_05_mkII
[ 10%] Built target Rdot_gmp_kernel_05_mkII_FIXED_PRECISION_FASTPATH
[ 10%] Built target Rdot_gmp_kernel_06_orig
[ 10%] Built target Rdot_gmp_kernel_06_mkII
[ 10%] Built target Rdot_gmp_kernel_openmp_01_mkII_FIXED_PRECISION_FASTPATH
[ 10%] Built target Rdot_gmp_kernel_openmp_01_mkII
[ 10%] Built target Rdot_gmp_kernel_openmp_03_orig
[ 11%] Built target Rdot_gmp_kernel_openmp_02_mkII
[ 11%] Built target Rdot_gmp_kernel_openmp_03_mkII
[ 11%] Built target Rdot_gmp_kernel_openmp_02_mkII_FIXED_PRECISION_FASTPATH
[ 11%] Built target Rdot_gmp_kernel_openmp_02_orig
[ 11%] Built target Rdot_gmp_kernel_openmp_04_mkII_FIXED_PRECISION_FASTPATH
[ 12%] Built target Rdot_gmp_kernel_openmp_04_mkII
[ 12%] Built target Rdot_gmp_kernel_openmp_04_orig
[ 12%] Built target Rdot_gmp_kernel_openmp_05_orig
[ 12%] Built target Rdot_gmp_kernel_openmp_05_mkII_FIXED_PRECISION_FASTPATH
[ 12%] Built target Rdot_gmp_kernel_openmp_05_mkII
[ 12%] Built target Rdot_mpfr_C_native_01
[ 12%] Built target Rdot_gmp_kernel_openmp_03_mkII_FIXED_PRECISION_FASTPATH
[ 13%] Built target Rdot_gmp_kernel_openmp_06_mkII
[ 13%] Built target Rdot_gmp_kernel_openmp_06_mkII_FIXED_PRECISION_FASTPATH
[ 13%] Built target Rdot_gmp_kernel_openmp_06_orig
[ 13%] Built target Rdot_mpfr_C_native_02
[ 14%] Built target Rdot_mpfr_C_native_03
[ 14%] Built target Rdot_mpfr_C_native_01_FMA
[ 14%] Built target Rdot_mpfr_C_native_openmp_02
[ 14%] Built target Rdot_mpfr_C_native_06_FMA
[ 14%] Built target Rdot_mpfr_C_native_05_FMA
[ 14%] Built target Rdot_mpfr_C_native_06
[ 14%] Built target Rdot_mpfr_C_native_openmp_03
[ 14%] Built target Rdot_mpfr_C_native_openmp_05
[ 15%] Built target Rdot_mpfr_C_native_openmp_01
[ 15%] Built target Rdot_mpfr_C_native_05
[ 15%] Built target Rdot_mpfr_C_native_openmp_04
[ 15%] Built target Rdot_mpfr_C_native_openmp_05_FMA
[ 15%] Built target Rdot_mpfr_C_native_04
[ 16%] Built target Rdot_mpfr_C_native_openmp_01_FMA
[ 16%] Built target Rdot_mpfr_C_native_openmp_06
[ 16%] Built target Rdot_mpfr_C_native_openmp_06_FMA
[ 16%] Built target Rdot_mpfr_kernel_01
[ 16%] Built target Rdot_mpfr_kernel_01_PRECISION
[ 16%] Built target Rdot_mpfr_kernel_01_ROUNDING
[ 16%] Built target Rdot_mpfr_kernel_03_ROUNDING
[ 16%] Built target Rdot_mpfr_kernel_02_PRECISION
[ 16%] Built target Rdot_mpfr_kernel_02
[ 16%] Built target Rdot_mpfr_kernel_03_ROUNDING_PRECISION
[ 17%] Built target Rdot_mpfr_kernel_03
[ 18%] Built target Rdot_mpfr_kernel_01_ROUNDING_PRECISION
[ 19%] Built target Rdot_mpfr_kernel_04_ROUNDING
[ 19%] Built target Rdot_mpfr_kernel_04_PRECISION
[ 19%] Built target Rdot_mpfr_kernel_05_PRECISION
[ 19%] Built target Rdot_mpfr_kernel_04
[ 19%] Built target Rdot_mpfr_kernel_05
[ 19%] Built target Rdot_mpfr_kernel_02_ROUNDING
[ 19%] Built target Rdot_mpfr_kernel_02_ROUNDING_PRECISION
[ 19%] Built target Rdot_mpfr_kernel_06_PRECISION
[ 19%] Built target Rdot_mpfr_kernel_03_PRECISION
[ 19%] Built target Rdot_mpfr_kernel_05_ROUNDING_PRECISION
[ 19%] Built target Rdot_mpfr_kernel_04_ROUNDING_PRECISION
[ 19%] Built target Rdot_mpfr_kernel_01_PRECISION_FMA
[ 19%] Built target Rdot_mpfr_kernel_06_ROUNDING
[ 19%] Built target Rdot_mpfr_kernel_06_ROUNDING_PRECISION
[ 20%] Built target Rdot_mpfr_kernel_05_ROUNDING_PRECISION_FMA
[ 20%] Built target Rdot_mpfr_kernel_06
[ 20%] Built target Rdot_mpfr_kernel_01_ROUNDING_PRECISION_FMA
[ 20%] Built target Rdot_mpfr_kernel_05_ROUNDING
[ 20%] Built target Rdot_mpfr_kernel_05_PRECISION_FMA
[ 20%] Built target Rdot_mpfr_kernel_06_PRECISION_FMA
[ 21%] Built target Rdot_mpfr_kernel_06_ROUNDING_PRECISION_FMA
[ 21%] Built target Rdot_mpfr_kernel_openmp_01
[ 21%] Built target Rdot_mpfr_kernel_openmp_01_PRECISION
[ 21%] Built target Rdot_mpfr_kernel_openmp_02_PRECISION
[ 21%] Built target Rdot_mpfr_kernel_openmp_02_ROUNDING
[ 21%] Built target Rdot_mpfr_kernel_openmp_03
[ 21%] Built target Rdot_mpfr_kernel_openmp_03_ROUNDING
[ 21%] Built target Rdot_mpfr_kernel_openmp_04
[ 22%] Built target Rdot_mpfr_kernel_openmp_04_ROUNDING
[ 22%] Built target Rdot_mpfr_kernel_openmp_03_PRECISION
[ 22%] Built target Rdot_mpfr_kernel_openmp_02
[ 22%] Built target Rdot_mpfr_kernel_openmp_01_ROUNDING
[ 22%] Built target Rdot_mpfr_kernel_openmp_01_ROUNDING_PRECISION
[ 23%] Built target Rdot_mpfr_kernel_openmp_04_ROUNDING_PRECISION
[ 23%] Built target Rdot_mpfr_kernel_openmp_03_ROUNDING_PRECISION
[ 23%] Built target Rdot_mpfr_kernel_openmp_05
[ 23%] Built target Rdot_mpfr_kernel_openmp_02_ROUNDING_PRECISION
[ 23%] Built target Rdot_mpfr_kernel_openmp_04_PRECISION
[ 23%] Built target Rdot_mpfr_kernel_openmp_06_ROUNDING
[ 24%] Built target Rdot_mpfr_kernel_openmp_06
[ 24%] Built target Rdot_mpfr_kernel_openmp_05_PRECISION
[ 25%] Built target Rdot_mpfr_kernel_openmp_06_ROUNDING_PRECISION
[ 25%] Built target Rdot_mpfr_kernel_openmp_06_PRECISION
[ 25%] Built target Rdot_mpfr_kernel_openmp_01_ROUNDING_PRECISION_FMA
[ 25%] Built target Rdot_mpfr_kernel_openmp_05_ROUNDING
[ 25%] Built target Rdot_mpfr_kernel_openmp_01_PRECISION_FMA
[ 25%] Built target Rdot_mpfr_kernel_openmp_05_ROUNDING_PRECISION_FMA
[ 25%] Built target Rdot_mpfr_kernel_openmp_06_PRECISION_FMA
[ 25%] Built target Rdot_mpfr_kernel_openmp_05_ROUNDING_PRECISION
[ 25%] Built target Rdot_mpfr_kernel_openmp_05_PRECISION_FMA
[ 25%] Built target Rdot_mpfr_kernel_openmp_06_ROUNDING_PRECISION_FMA
[ 25%] Built target Raxpy_mpfr_C_native_01
[ 25%] Built target Raxpy_mpfr_C_native_04
[ 25%] Built target Raxpy_mpfr_C_native_03
[ 25%] Built target Raxpy_mpfr_C_native_02
[ 25%] Built target Raxpy_mpfr_C_native_01_FMA
[ 25%] Built target Raxpy_mpfr_C_native_packed_custom_layout_FMA
[ 29%] Built target Raxpy_mpfr_C_native_openmp_02
[ 29%] Built target Raxpy_mpfr_kernel_01_ROUNDING_PRECISION_FMA
[ 29%] Built target Raxpy_mpfr_kernel_01_PRECISION_FMA
[ 29%] Built target Raxpy_mpfr_kernel_03_PRECISION
[ 26%] Built target Raxpy_mpfr_kernel_02_PRECISION
[ 28%] Built target Raxpy_mpfr_kernel_01_ROUNDING_PRECISION
[ 26%] Built target Raxpy_mpfr_C_native_openmp_01_FMA
[ 26%] Built target Raxpy_mpfr_C_native_openmp_04
[ 29%] Built target Raxpy_mpfr_C_native_openmp_01
[ 26%] Built target Raxpy_mpfr_C_native_openmp_03
[ 29%] Built target Raxpy_mpfr_kernel_01_PRECISION
[ 29%] Built target Raxpy_mpfr_kernel_02
[ 26%] Built target Raxpy_mpfr_kernel_01_ROUNDING
[ 29%] Built target Raxpy_mpfr_kernel_01
[ 29%] Built target Raxpy_mpfr_kernel_04_PRECISION
[ 29%] Built target Raxpy_mpfr_kernel_openmp_01_PRECISION
[ 29%] Built target Raxpy_mpfr_kernel_02_ROUNDING
[ 29%] Built target Raxpy_mpfr_kernel_02_ROUNDING_PRECISION
[ 29%] Built target Raxpy_mpfr_kernel_03_ROUNDING
[ 29%] Built target Raxpy_mpfr_kernel_04_ROUNDING
[ 29%] Built target Raxpy_mpfr_kernel_03
[ 29%] Built target Raxpy_mpfr_kernel_openmp_01_ROUNDING
[ 30%] Built target Raxpy_mpfr_kernel_03_ROUNDING_PRECISION
[ 30%] Built target Raxpy_mpfr_kernel_04
[ 30%] Built target Raxpy_mpfr_kernel_openmp_01
[ 30%] Built target Raxpy_mpfr_kernel_04_ROUNDING_PRECISION
[ 30%] Built target Raxpy_mpfr_kernel_openmp_01_ROUNDING_PRECISION
[ 30%] Built target Raxpy_mpfr_kernel_openmp_01_ROUNDING_PRECISION_FMA
[ 30%] Built target Raxpy_mpfr_kernel_openmp_01_PRECISION_FMA
[ 30%] Built target Raxpy_mpfr_kernel_openmp_02
[ 31%] Built target Raxpy_mpfr_kernel_openmp_02_ROUNDING
[ 31%] Built target Raxpy_mpfr_kernel_openmp_02_PRECISION
[ 31%] Built target Raxpy_mpfr_kernel_openmp_03
[ 31%] Built target Raxpy_mpfr_kernel_openmp_02_ROUNDING_PRECISION
[ 31%] Built target Raxpy_mpfr_kernel_openmp_03_PRECISION
[ 31%] Built target Raxpy_mpfr_kernel_openmp_03_ROUNDING
[ 31%] Built target Raxpy_mpfr_kernel_openmp_04
[ 31%] Built target Rgemv_mpfr_C_native_01_FMA
[ 31%] Built target Raxpy_mpfr_kernel_openmp_04_PRECISION
[ 32%] Built target Rgemv_mpfr_C_native_openmp_04
[ 32%] Built target Rgemv_mpfr_C_native_openmp_01
[ 32%] Built target Rgemv_mpfr_C_native_01
[ 32%] Built target Raxpy_mpfr_kernel_openmp_04_ROUNDING
[ 32%] Built target Rgemv_mpfr_C_native_02_FMA
[ 34%] Built target Rgemv_mpfr_C_native_03
[ 34%] Built target Raxpy_mpfr_kernel_openmp_03_ROUNDING_PRECISION
[ 34%] Built target Rgemv_mpfr_C_native_02
[ 34%] Built target Rgemv_mpfr_C_native_openmp_01_FMA
[ 34%] Built target Raxpy_mpfr_kernel_openmp_04_ROUNDING_PRECISION
[ 34%] Built target Rgemv_mpfr_C_native_04
[ 34%] Built target Rgemv_mpfr_C_native_openmp_03
[ 34%] Built target Rgemv_mpfr_C_native_openmp_02
[ 34%] Built target Rgemv_mpfr_C_native_openmp_04_FMA
[ 34%] Built target Rgemv_mpfr_C_native_openmp_02_FMA
[ 34%] Built target Rgemv_mpfr_C_native_openmp_07_FMA
[ 34%] Built target Rgemv_mpfr_C_native_openmp_05_FMA
[ 34%] Built target Rgemv_mpfr_C_native_openmp_05
[ 35%] Built target Rgemv_mpfr_C_native_openmp_06_FMA
[ 35%] Built target Rgemv_mpfr_C_native_openmp_07
[ 35%] Built target Rgemv_mpfr_C_native_openmp_06
[ 35%] Built target Rgemv_mpfr_kernel_01_ROUNDING
[ 36%] Built target Rgemv_mpfr_kernel_01_ROUNDING_FMA_CAPTURE_PRECISION_FMA
[ 36%] Built target Rgemv_mpfr_kernel_02_PRECISION
[ 36%] Built target Rgemv_mpfr_kernel_01_PRECISION
[ 36%] Built target Rgemv_mpfr_kernel_01_ROUNDING_FMA_CAPTURE_FMA
[ 36%] Built target Rgemv_mpfr_kernel_02_ROUNDING_PRECISION
[ 36%] Built target Rgemv_mpfr_kernel_01_ROUNDING_PRECISION
[ 36%] Built target Rgemv_mpfr_kernel_02
[ 36%] Built target Rgemv_mpfr_kernel_01
[ 36%] Built target Rgemv_mpfr_kernel_02_ROUNDING_FMA_CAPTURE_FMA
[ 36%] Built target Rgemv_mpfr_kernel_02_ROUNDING
[ 36%] Built target Rgemv_mpfr_kernel_03
[ 37%] Built target Rgemv_mpfr_kernel_03_ROUNDING_PRECISION
[ 38%] Built target Rgemv_mpfr_kernel_02_ROUNDING_FMA_CAPTURE_PRECISION_FMA
[ 38%] Built target Rgemv_mpfr_kernel_03_ROUNDING_FMA_CAPTURE_FMA
[ 38%] Built target Rgemv_mpfr_kernel_04_PRECISION
[ 38%] Built target Rgemv_mpfr_kernel_04
[ 38%] Built target Rgemv_mpfr_kernel_03_ROUNDING_FMA_CAPTURE_PRECISION_FMA
[ 38%] Built target Rgemv_mpfr_kernel_04_ROUNDING_FMA_CAPTURE_PRECISION_FMA
[ 38%] Built target Rgemv_mpfr_kernel_04_ROUNDING
[ 38%] Built target Rgemv_mpfr_kernel_04_ROUNDING_FMA_CAPTURE_FMA
[ 39%] Built target Rgemv_mpfr_kernel_03_ROUNDING
[ 39%] Built target Rgemv_mpfr_kernel_04_ROUNDING_PRECISION
[ 39%] Built target Rgemv_mpfr_kernel_03_PRECISION
[ 39%] Built target Rgemv_mpfr_kernel_openmp_02_PRECISION
[ 39%] Built target Rgemv_mpfr_kernel_openmp_01
[ 39%] Built target Rgemv_mpfr_kernel_openmp_01_ROUNDING
[ 40%] Built target Rgemv_mpfr_kernel_openmp_01_ROUNDING_PRECISION
[ 41%] Built target Rgemv_mpfr_kernel_openmp_02_ROUNDING_PRECISION
[ 41%] Built target Rgemv_mpfr_kernel_openmp_01_PRECISION
[ 41%] Built target Rgemv_mpfr_kernel_openmp_01_ROUNDING_FMA_CAPTURE_PRECISION_FMA
[ 41%] Built target Rgemv_mpfr_kernel_openmp_02_ROUNDING
[ 41%] Built target Rgemv_mpfr_kernel_openmp_01_ROUNDING_FMA_CAPTURE_FMA
[ 42%] Built target Rgemv_mpfr_kernel_openmp_03_ROUNDING_PRECISION
[ 42%] Built target Rgemv_mpfr_kernel_openmp_03_ROUNDING
[ 42%] Built target Rgemv_mpfr_kernel_openmp_03_PRECISION
[ 42%] Built target Rgemv_mpfr_kernel_openmp_02
[ 42%] Built target Rgemv_mpfr_kernel_openmp_02_ROUNDING_FMA_CAPTURE_FMA
[ 42%] Built target Rgemv_mpfr_kernel_openmp_02_ROUNDING_FMA_CAPTURE_PRECISION_FMA
[ 42%] Built target Rgemv_mpfr_kernel_openmp_03
[ 42%] Built target Rgemv_mpfr_kernel_openmp_03_ROUNDING_FMA_CAPTURE_PRECISION_FMA
[ 42%] Built target Rgemv_mpfr_kernel_openmp_03_ROUNDING_FMA_CAPTURE_FMA
[ 42%] Built target Rgemv_mpfr_kernel_openmp_04
[ 42%] Built target Rgemv_mpfr_kernel_openmp_04_PRECISION
[ 42%] Built target Rgemv_mpfr_kernel_openmp_04_ROUNDING
[ 42%] Built target Rgemv_mpfr_kernel_openmp_04_ROUNDING_PRECISION
[ 42%] Built target Rgemv_mpfr_kernel_openmp_04_ROUNDING_FMA_CAPTURE_PRECISION_FMA
[ 42%] Built target Rgemv_mpfr_kernel_openmp_05_ROUNDING_PRECISION
[ 42%] Built target Rgemv_mpfr_kernel_openmp_05_ROUNDING
[ 42%] Built target Rgemv_mpfr_kernel_openmp_04_ROUNDING_FMA_CAPTURE_FMA
[ 43%] Built target Rgemv_mpfr_kernel_openmp_06
[ 43%] Built target Rgemv_mpfr_kernel_openmp_05_ROUNDING_FMA_CAPTURE_PRECISION_FMA
[ 43%] Built target Rgemv_mpfr_kernel_openmp_05_ROUNDING_FMA_CAPTURE_FMA
[ 44%] Built target Rgemv_mpfr_kernel_openmp_05
[ 44%] Built target Rgemv_mpfr_kernel_openmp_06_ROUNDING_PRECISION
[ 44%] Built target Rgemv_mpfr_kernel_openmp_05_PRECISION
[ 44%] Built target Rgemv_mpfr_kernel_openmp_06_PRECISION
[ 44%] Built target Rgemv_mpfr_kernel_openmp_06_ROUNDING_FMA_CAPTURE_PRECISION_FMA
[ 45%] Built target Rgemv_mpfr_kernel_openmp_07
[ 45%] Built target Rgemv_mpfr_kernel_openmp_06_ROUNDING_FMA_CAPTURE_FMA
[ 45%] Built target Rgemv_mpfr_kernel_openmp_07_ROUNDING
[ 45%] Built target Rgemm_mpfr_C_native_openmp_01
[ 45%] Built target Rgemv_mpfr_kernel_openmp_07_PRECISION
[ 45%] Built target Rgemv_mpfr_kernel_openmp_06_ROUNDING
[ 45%] Built target Rgemv_mpfr_kernel_openmp_07_ROUNDING_FMA_CAPTURE_PRECISION_FMA
[ 46%] Built target Rgemm_mpfr_C_native_03
[ 46%] Built target Rgemv_mpfr_kernel_openmp_07_ROUNDING_PRECISION
[ 46%] Built target Rgemm_mpfr_C_native_openmp_03
[ 46%] Built target Rgemv_mpfr_kernel_openmp_07_ROUNDING_FMA_CAPTURE_FMA
[ 46%] Built target Rgemm_mpfr_C_native_04
[ 46%] Built target Rgemm_mpfr_C_native_02
[ 46%] Built target Rgemm_mpfr_C_native_05
[ 46%] Built target Rgemm_mpfr_C_native_01
[ 47%] Built target Rgemm_mpfr_C_native_openmp_04
[ 47%] Built target Rgemm_mpfr_C_native_openmp_02
[ 47%] Built target Rgemm_mpfr_C_native_openmp_05
[ 48%] Built target Rgemm_mpfr_C_native_06
[ 48%] Built target Rgemm_mpfr_C_native_openmp_06
[ 48%] Built target Rgemm_mpfr_C_native_03_FMA
[ 48%] Built target Rgemm_mpfr_C_native_openmp_04_FMA
[ 48%] Built target Rgemm_mpfr_C_native_openmp_03_FMA
[ 48%] Built target Rgemm_mpfr_C_native_06_FMA
[ 48%] Built target Rgemm_mpfr_C_native_04_FMA
[ 48%] Built target Rgemm_mpfr_C_native_05_FMA
[ 48%] Built target Rgemm_mpfr_C_native_openmp_06_FMA
[ 48%] Built target Rgemm_mpfr_kernel_01_mkII_PRECISION
[ 48%] Built target Rgemm_mpfr_kernel_01_mkII_ROUNDING
[ 48%] Built target Rgemm_mpfr_kernel_openmp_01_mkII_PRECISION
[ 49%] Built target Rgemm_mpfr_C_native_openmp_05_FMA
[ 49%] Built target Rgemm_mpfr_kernel_openmp_01_mkII
[ 49%] Built target Rgemm_mpfr_kernel_02_mkII
[ 49%] Built target Rgemm_mpfr_kernel_01_mkII_ROUNDING_PRECISION
[ 49%] Built target Rgemm_mpfr_kernel_openmp_01_mkII_ROUNDING
[ 50%] Built target Rgemm_mpfr_kernel_01_mkII
[ 51%] Built target Rgemm_mpfr_kernel_openmp_01_mkII_ROUNDING_PRECISION
[ 51%] Built target Rgemm_mpfr_kernel_02_mkII_ROUNDING_PRECISION
[ 51%] Built target Rgemm_mpfr_kernel_openmp_02_mkII_PRECISION
[ 51%] Built target Rgemm_mpfr_kernel_openmp_02_mkII
[ 52%] Built target Rgemm_mpfr_kernel_openmp_02_mkII_ROUNDING
[ 52%] Built target Rgemm_mpfr_kernel_openmp_02_mkII_ROUNDING_PRECISION
[ 52%] Built target Rgemm_mpfr_kernel_02_mkII_ROUNDING
[ 52%] Built target Rgemm_mpfr_kernel_03_mkII_ROUNDING_PRECISION
[ 52%] Built target Rgemm_mpfr_kernel_02_mkII_PRECISION
[ 52%] Built target Rgemm_mpfr_kernel_03_mkII_ROUNDING
[ 52%] Built target Rgemm_mpfr_kernel_03_mkII_ROUNDING_FMA
[ 52%] Built target Rgemm_mpfr_kernel_03_mkII
[ 52%] Built target Rgemm_mpfr_kernel_03_mkII_PRECISION
[ 53%] Built target Rgemm_mpfr_kernel_03_mkII_ROUNDING_PRECISION_FMA
[ 53%] Built target Rgemm_mpfr_kernel_openmp_03_mkII_ROUNDING
[ 53%] Built target Rgemm_mpfr_kernel_openmp_03_mkII_PRECISION
[ 54%] Built target Rgemm_mpfr_kernel_openmp_03_mkII_ROUNDING_PRECISION
[ 54%] Built target Rgemm_mpfr_kernel_openmp_03_mkII_ROUNDING_FMA
[ 54%] Built target Rgemm_mpfr_kernel_04_mkII_PRECISION
[ 54%] Built target Rgemm_mpfr_kernel_04_mkII
[ 54%] Built target Rgemm_mpfr_kernel_openmp_03_mkII_ROUNDING_PRECISION_FMA
[ 54%] Built target Rgemm_mpfr_kernel_04_mkII_ROUNDING_PRECISION
[ 54%] Built target Rgemm_mpfr_kernel_04_mkII_ROUNDING
[ 54%] Built target Rgemm_mpfr_kernel_openmp_04_mkII
[ 54%] Built target Rgemm_mpfr_kernel_openmp_03_mkII
[ 54%] Built target Rgemm_mpfr_kernel_04_mkII_ROUNDING_FMA
[ 54%] Built target Rgemm_mpfr_kernel_openmp_04_mkII_ROUNDING_FMA
[ 54%] Built target Rgemm_mpfr_kernel_openmp_04_mkII_PRECISION
[ 54%] Built target Rgemm_mpfr_kernel_openmp_05_mkII
[ 54%] Built target Rgemm_mpfr_kernel_05_mkII
[ 55%] Built target Rgemm_mpfr_kernel_05_mkII_ROUNDING_FMA
[ 55%] Built target Rgemm_mpfr_kernel_04_mkII_ROUNDING_PRECISION_FMA
[ 55%] Built target Rgemm_mpfr_kernel_05_mkII_PRECISION
[ 55%] Built target Rgemm_mpfr_kernel_openmp_04_mkII_ROUNDING
[ 55%] Built target Rgemm_mpfr_kernel_05_mkII_ROUNDING_PRECISION
[ 55%] Built target Rgemm_mpfr_kernel_openmp_04_mkII_ROUNDING_PRECISION_FMA
[ 55%] Built target Rgemm_mpfr_kernel_openmp_05_mkII_PRECISION
[ 55%] Built target Rgemm_mpfr_kernel_05_mkII_ROUNDING
[ 56%] Built target Rgemm_mpfr_kernel_openmp_04_mkII_ROUNDING_PRECISION
[ 56%] Built target Rgemm_mpfr_kernel_openmp_05_mkII_ROUNDING
[ 57%] Built target Rgemm_mpfr_kernel_05_mkII_ROUNDING_PRECISION_FMA
[ 57%] Built target Rgemm_mpfr_kernel_openmp_05_mkII_ROUNDING_PRECISION_FMA
[ 58%] Built target Rgemm_mpfr_kernel_openmp_05_mkII_ROUNDING_PRECISION
[ 58%] Built target Rgemm_mpfr_kernel_openmp_05_mkII_ROUNDING_FMA
[ 58%] Built target Rgemm_mpfr_kernel_06_mkII
[ 58%] Built target Rgemm_mpfr_kernel_06_mkII_PRECISION
[ 58%] Built target Rgemm_mpfr_kernel_openmp_06_mkII
[ 58%] Built target Rgemm_mpfr_kernel_06_mkII_ROUNDING
[ 58%] Built target Rgemm_mpfr_kernel_06_mkII_ROUNDING_FMA
[ 58%] Built target Rgemm_mpfr_kernel_openmp_06_mkII_ROUNDING
[ 58%] Built target Rgemm_mpfr_kernel_openmp_06_mkII_PRECISION
[ 58%] Built target Rgemm_mpfr_kernel_06_mkII_ROUNDING_PRECISION_FMA
[ 58%] Built target Rgemm_mpfr_kernel_openmp_06_mkII_ROUNDING_PRECISION
[ 58%] Built target Rgemm_mpfr_kernel_openmp_06_mkII_ROUNDING_FMA
[ 58%] Built target Rgemm_mpfr_kernel_06_mkII_ROUNDING_PRECISION
[ 58%] Built target Raxpy_gmp_C_native_02
[ 59%] Built target Rgemm_mpfr_kernel_openmp_06_mkII_ROUNDING_PRECISION_FMA
[ 59%] Built target Raxpy_gmp_C_native_01
[ 59%] Built target Raxpy_gmp_C_native_03
[ 59%] Built target Raxpy_gmp_C_native_04
[ 59%] Built target Raxpy_gmp_C_native_openmp_04
[ 59%] Built target Raxpy_gmp_C_native_openmp_02
[ 59%] Built target Raxpy_gmp_C_native_openmp_01
[ 59%] Built target Raxpy_gmp_kernel_01_orig
[ 59%] Built target Raxpy_gmp_kernel_01_mkII
[ 59%] Built target Raxpy_gmp_kernel_02_orig
[ 60%] Built target Raxpy_gmp_kernel_01_mkII_FIXED_PRECISION_FASTPATH
[ 60%] Built target Raxpy_gmp_C_native_openmp_03
[ 60%] Built target Raxpy_gmp_kernel_02_mkII
[ 60%] Built target Raxpy_gmp_kernel_03_mkII_FIXED_PRECISION_FASTPATH
[ 61%] Built target Raxpy_gmp_kernel_04_orig
[ 61%] Built target Raxpy_gmp_kernel_02_mkII_FIXED_PRECISION_FASTPATH
[ 61%] Built target Raxpy_gmp_kernel_03_mkII
[ 62%] Built target Raxpy_gmp_kernel_04_mkII_FIXED_PRECISION_FASTPATH
[ 62%] Built target Raxpy_gmp_kernel_03_orig
[ 62%] Built target Raxpy_gmp_kernel_openmp_01_orig
[ 62%] Built target Raxpy_gmp_kernel_04_mkII
[ 62%] Built target Raxpy_gmp_kernel_openmp_01_mkII_FIXED_PRECISION_FASTPATH
[ 62%] Built target Raxpy_gmp_kernel_openmp_01_mkII
[ 62%] Built target Raxpy_gmp_kernel_openmp_02_orig
[ 62%] Built target Rgemv_gmp_C_native_02
[ 63%] Built target Raxpy_gmp_kernel_openmp_02_mkII_FIXED_PRECISION_FASTPATH
[ 63%] Built target Raxpy_gmp_kernel_openmp_03_orig
[ 63%] Built target Raxpy_gmp_kernel_openmp_03_mkII
[ 63%] Built target Raxpy_gmp_kernel_openmp_02_mkII
[ 63%] Built target Raxpy_gmp_kernel_openmp_04_mkII
[ 63%] Built target Rgemv_gmp_C_native_01
[ 63%] Built target Raxpy_gmp_kernel_openmp_04_mkII_FIXED_PRECISION_FASTPATH
[ 64%] Built target Raxpy_gmp_kernel_openmp_04_orig
[ 64%] Built target Rgemv_gmp_C_native_04
[ 65%] Built target Rgemv_gmp_C_native_openmp_02
[ 65%] Built target Rgemv_gmp_C_native_03
[ 65%] Built target Rgemv_gmp_C_native_openmp_01
[ 65%] Built target Raxpy_gmp_kernel_openmp_03_mkII_FIXED_PRECISION_FASTPATH
[ 65%] Built target Rgemv_gmp_C_native_openmp_07
[ 65%] Built target Rgemv_gmp_C_native_openmp_03
[ 65%] Built target Rgemv_gmp_C_native_openmp_06
[ 65%] Built target Rgemv_gmp_kernel_02_orig
[ 65%] Built target Rgemv_gmp_C_native_openmp_05
[ 65%] Built target Rgemv_gmp_C_native_openmp_04
[ 65%] Built target Rgemv_gmp_kernel_01_orig
[ 65%] Built target Rgemv_gmp_kernel_02_mkII_FIXED_PRECISION_FASTPATH
[ 66%] Built target Rgemv_gmp_kernel_01_mkII
[ 66%] Built target Rgemv_gmp_kernel_04_orig
[ 66%] Built target Rgemv_gmp_kernel_03_mkII_FIXED_PRECISION_FASTPATH
[ 67%] Built target Rgemv_gmp_kernel_02_mkII
[ 67%] Built target Rgemv_gmp_kernel_03_mkII
[ 67%] Built target Rgemv_gmp_kernel_03_orig
[ 67%] Built target Rgemv_gmp_kernel_01_mkII_FIXED_PRECISION_FASTPATH
[ 67%] Built target Rgemv_gmp_kernel_04_mkII
[ 67%] Built target Rgemv_gmp_kernel_openmp_01_orig
[ 67%] Built target Rgemv_gmp_kernel_04_mkII_FIXED_PRECISION_FASTPATH
[ 67%] Built target Rgemv_gmp_kernel_openmp_01_mkII
[ 67%] Built target Rgemv_gmp_kernel_openmp_02_mkII_FIXED_PRECISION_FASTPATH
[ 68%] Built target Rgemv_gmp_kernel_openmp_01_mkII_FIXED_PRECISION_FASTPATH
[ 68%] Built target Rgemv_gmp_kernel_openmp_03_mkII
[ 69%] Built target Rgemv_gmp_kernel_openmp_03_mkII_FIXED_PRECISION_FASTPATH
[ 69%] Built target Rgemv_gmp_kernel_openmp_03_orig
[ 69%] Built target Rgemv_gmp_kernel_openmp_04_mkII
[ 69%] Built target Rgemv_gmp_kernel_openmp_04_orig
[ 69%] Built target Rgemv_gmp_kernel_openmp_02_mkII
[ 69%] Built target Rgemv_gmp_kernel_openmp_02_orig
[ 69%] Built target Rgemv_gmp_kernel_openmp_06_mkII_FIXED_PRECISION_FASTPATH
[ 69%] Built target Rgemv_gmp_kernel_openmp_05_orig
[ 69%] Built target Rgemv_gmp_kernel_openmp_05_mkII
[ 69%] Built target Rgemv_gmp_kernel_openmp_06_orig
[ 69%] Built target Rgemv_gmp_kernel_openmp_07_mkII
[ 70%] Built target Rgemv_gmp_kernel_openmp_05_mkII_FIXED_PRECISION_FASTPATH
[ 71%] Built target Rgemv_gmp_kernel_openmp_06_mkII
[ 71%] Built target Rgemv_gmp_kernel_openmp_04_mkII_FIXED_PRECISION_FASTPATH
[ 71%] Built target Rgemm_gmp_C_native_01
[ 71%] Built target Rgemm_gmp_C_native_03
[ 72%] Built target Rgemv_gmp_kernel_openmp_07_mkII_FIXED_PRECISION_FASTPATH
[ 72%] Built target Rgemv_gmp_kernel_openmp_07_orig
[ 72%] Built target Rgemm_gmp_C_native_06
[ 72%] Built target Rgemm_gmp_C_native_02
[ 72%] Built target Rgemm_gmp_C_native_04
[ 72%] Built target Rgemm_gmp_C_native_05
[ 73%] Built target Rgemm_gmp_C_native_openmp_01
[ 73%] Built target Rgemm_gmp_C_native_openmp_03
[ 73%] Built target Rgemm_gmp_C_native_openmp_02
[ 73%] Built target Rgemm_gmp_C_native_openmp_05
[ 73%] Built target Rgemm_gmp_C_native_openmp_04
[ 73%] Built target Rgemm_gmp_kernel_01_orig
[ 73%] Built target Rgemm_gmp_kernel_02_orig
[ 73%] Built target Rgemm_gmp_C_native_openmp_06
[ 73%] Built target Rgemm_gmp_kernel_02_mkII_FIXED_PRECISION_FASTPATH
[ 74%] Built target Rgemm_gmp_kernel_01_mkII
[ 74%] Built target Rgemm_gmp_kernel_03_orig
[ 74%] Built target Rgemm_gmp_kernel_01_mkII_FIXED_PRECISION_FASTPATH
[ 74%] Built target Rgemm_gmp_kernel_02_mkII
[ 75%] Built target Rgemm_gmp_kernel_03_mkII
[ 75%] Built target Rgemm_gmp_kernel_03_mkII_FIXED_PRECISION_FASTPATH
[ 75%] Built target Rgemm_gmp_kernel_04_orig
[ 75%] Built target Rgemm_gmp_kernel_05_mkII
[ 75%] Built target Rgemm_gmp_kernel_04_mkII_FIXED_PRECISION_FASTPATH
[ 76%] Built target Rgemm_gmp_kernel_05_mkII_FIXED_PRECISION_FASTPATH
[ 76%] Built target Rgemm_gmp_kernel_04_mkII
[ 76%] Built target Rgemm_gmp_kernel_05_orig
[ 76%] Built target Rgemm_gmp_kernel_06_mkII
[ 76%] Built target Rgemm_gmp_kernel_06_orig
[ 76%] Built target Rgemm_gmp_kernel_openmp_01_orig
[ 76%] Built target Rgemm_gmp_kernel_openmp_02_mkII_FIXED_PRECISION_FASTPATH
[ 76%] Built target Rgemm_gmp_kernel_openmp_02_orig
[ 76%] Built target Rgemm_gmp_kernel_openmp_03_orig
[ 76%] Built target Rgemm_gmp_kernel_06_mkII_FIXED_PRECISION_FASTPATH
[ 77%] Built target Rgemm_gmp_kernel_openmp_01_mkII
[ 77%] Built target Rgemm_gmp_kernel_openmp_02_mkII
[ 77%] Built target Rgemm_gmp_kernel_openmp_01_mkII_FIXED_PRECISION_FASTPATH
[ 77%] Built target Rgemm_gmp_kernel_openmp_03_mkII
[ 78%] Built target Rgemm_gmp_kernel_openmp_03_mkII_FIXED_PRECISION_FASTPATH
[ 78%] Built target Rgemm_gmp_kernel_openmp_04_mkII
[ 78%] Built target Rgemm_gmp_kernel_openmp_04_orig
[ 78%] Built target Rgemm_gmp_kernel_openmp_06_orig
[ 78%] Built target Rgemm_gmp_kernel_openmp_05_mkII
[ 78%] Built target Rgemm_gmp_kernel_openmp_04_mkII_FIXED_PRECISION_FASTPATH
[ 78%] Built target Rgemm_gmp_kernel_openmp_05_orig
[ 78%] Built target Rgemm_gmp_kernel_openmp_06_mkII
[ 78%] Built target test_expr_unary_move_folding
[ 79%] Built target Rgemm_gmp_kernel_openmp_05_mkII_FIXED_PRECISION_FASTPATH
[ 79%] Built target test_aggregator_header_smoke
[ 79%] Built target test_namespace_aliases
[ 79%] Built target Rgemm_gmp_kernel_openmp_06_mkII_FIXED_PRECISION_FASTPATH
[ 80%] Built target test_mplapack_wrapper_compat
[ 80%] Built target test_library_tls_detection
[ 80%] Built target test_mpf_binary_real_adapters
[ 80%] Built target test_header_boundaries
[ 80%] Built target test_gmpxx_mkII
[ 80%] Built target test_abi_fingerprint
[ 80%] Built target test_version_info
[ 80%] Built target test_mpfrxx_mkII
[ 80%] Built target test_gmp_header_smoke
[ 80%] Built target test_mpfr_header_smoke
[ 80%] Built target test_qd_real_adapter
[ 80%] Built target test_integer_model_diagnostics
[ 80%] Built target test_dd_real_adapter
[ 80%] Built target test_mpc_header_smoke
[ 80%] Built target test_complex_compare_adapters
[ 80%] Built target test_temporary_expression_lifetime
[ 80%] Built target test_mplapack_default_512
[ 81%] Built target test_random
[ 81%] Built target test_compound_assign
[ 81%] Built target test_alias_safety
[ 82%] Built target test_leaf_single_rounding
[ 83%] Built target test_exception_support
[ 83%] Built target test_comparisons
[ 84%] Built target test_common_type
[ 84%] Built target test_unary_minus_simplification
[ 84%] Built target test_user_defined_literals
[ 84%] Built target test_mpq_floating_conversion
[ 84%] Built target test_type_conversions
[ 84%] Built target test_et_contract_mpfr
[ 85%] Built target test_mpfr_random
[ 85%] Built target test_mpfr_expression_eval
[ 85%] Built target test_mpfr_user_defined_literals
[ 85%] Built target test_mpfr_precision_policy
[ 85%] Built target test_mpfr_scalar_eval
[ 85%] Built target test_mpfr_fixed_precision_materialization
[ 85%] Built target test_mpfr_alloc_count
[ 86%] Built target test_mpfr_long_width_dispatch
[ 86%] Built target test_et_contract_mpfr_scalar
[ 86%] Built target test_mpfr_aliasing
[ 86%] Built target test_mpfr_fixed_precision_fma_alloc_count
[ 86%] Built target test_mpfr_fixed_precision_tls_scratch
[ 86%] Built target test_mpfr_type_conversions
[ 86%] Built target test_mpfr_comparisons
[ 86%] Built target test_mpfr_compound_assign
[ 87%] Built target test_mpfr_rounding_context
[ 87%] Built target test_mpfr_exception_support
[ 87%] Built target test_mpfr_rounding_context_fixed_precision
[ 88%] Built target test_mpfr_defaults
[ 88%] Built target test_mpfr_environment
[ 88%] Built target test_mpfr_rounding_scope_stable
[ 88%] Built target test_mpfr_string_io
[ 88%] Built target test_mpfr_initialization_sentinel
[ 88%] Built target test_mpfr_environment_first_use
[ 88%] Built target test_mpfr_environment_invalid
[ 88%] Built target test_mpfr_math
[ 88%] Built target test_mpfr_transcendent_functions
[ 88%] Built target test_mpfr_environment_first_use_stable
[ 88%] Built target test_mpf_basic
[ 88%] Built target test_mpf_precision_policy
[ 88%] Built target test_mpfr_rounding_scope
[ 88%] Built target test_et_contract_mpf
[ 88%] Built target test_mpf_alloc_count
[ 89%] Built target test_mpf_aliasing
[ 89%] Built target test_mpf_fixed_precision_materialization
[ 89%] Built target test_mpf_external_provider
[ 89%] Built target test_mpf_default_precision_env
[ 91%] Built target test_mpf_default_precision_invalid_env
[ 91%] Built target test_mpf_string_io
[ 91%] Built target test_mpf_scalar_alloc_count
[ 91%] Built target test_mpf_fixed_precision_tls_scratch
[ 91%] Built target test_mpf_long_width_dispatch
[ 91%] Built target test_mpf_thread_safety
[ 91%] Built target test_mpf_numeric_equivalence
[ 91%] Built target test_mpf_decomposition_functions
[ 91%] Built target test_mpf_power_of_two_fusion
[ 91%] Built target test_mpf_transcendent_functions
[ 92%] Built target test_mpf_extended_transcendent_functions
[ 92%] Built target test_mpf_math_functions
[ 92%] Built target test_construction_copy
[ 92%] Built target test_mpf_pi
[ 92%] Built target test_mpfc_header_boundary
[ 92%] Built target test_mpfc_io
[ 92%] Built target test_mpz_basic
[ 92%] Built target test_mpfc_basic
[ 92%] Built target test_et_contract_mpfc
[ 93%] Built target test_et_contract_zq_mpfr
[ 93%] Built target test_mpfc_math
[ 93%] Built target test_mpfc_precision_policy
[ 93%] Built target test_et_contract_zq_mpf
[ 93%] Built target test_mixed_zq_mpf_promotion
[ 93%] Built target test_mpz_arithmetic
[ 93%] Built target test_mpz_addmul_alloc_count
[ 93%] Built target test_mixed_zq_mpfr_promotion
[ 93%] Built target test_mixed_type_arithmetic
[ 94%] Built target test_mpz_addmul_fusion
[ 94%] Built target test_mpq_basic
[ 95%] Built target test_mpq_arithmetic
[ 95%] Built target test_mpq_canonicalization
[ 95%] Built target test_mpfr_power_of_two_fusion
[ 95%] Built target test_zq_string_io
[ 95%] Built target test_mpz_mpq_alloc_count
[ 95%] Built target test_mixed_zq_mpfr_exact_subexpression
[ 95%] Built target test_mpfr_numeric_equivalence
[ 95%] Built target test_mpfr_scalar_alloc_count
[ 95%] Built target test_mpfr_decomposition_functions
[ 96%] Built target test_mpfr_thread_safety
[ 97%] Built target test_mpc_aliasing
[ 98%] Built target test_et_contract_mpc
[ 98%] Built target test_mpc_defaults
[ 98%] Built target test_mpc_basic
[ 98%] Built target test_mpc_environment
[ 98%] Built target test_mpc_evaluation_context
[ 98%] Built target test_mpc_environment_first_use
[ 99%] Built target test_mpc_environment_invalid
[ 99%] Built target test_mpc_evaluation_context_fixed_precision
[ 99%] Built target test_mpc_math
[ 99%] Built target test_mpc_precision_policy
[100%] Built target example16_mpf_thread_context
[100%] Built target test_mpc_alloc_count
[100%] Built target test_mpc_io
Test project /home/docker/gmpfrxx_mkII-p2a-clean.wbx83b/build-p2b
        Start   1: example01
  1/192 Test   #1: example01 ...............................................................   Passed    0.00 sec
        Start   2: example02_mpf
  2/192 Test   #2: example02_mpf ...........................................................   Passed    0.00 sec
        Start   3: example02_mpfr
  3/192 Test   #3: example02_mpfr ..........................................................   Passed    0.00 sec
        Start   4: example02_mpc
  4/192 Test   #4: example02_mpc ...........................................................   Passed    0.00 sec
        Start   5: example03_mpf
  5/192 Test   #5: example03_mpf ...........................................................   Passed    0.00 sec
        Start   6: example03_mpfr
  6/192 Test   #6: example03_mpfr ..........................................................   Passed    0.00 sec
        Start   7: example03_mpfc
  7/192 Test   #7: example03_mpfc ..........................................................   Passed    0.00 sec
        Start   8: example04_mpf
  8/192 Test   #8: example04_mpf ...........................................................   Passed    0.00 sec
        Start   9: example04_mpfr
  9/192 Test   #9: example04_mpfr ..........................................................   Passed    0.00 sec
        Start  10: example05_mpf
 10/192 Test  #10: example05_mpf ...........................................................   Passed    0.01 sec
        Start  11: example05_mpfr
 11/192 Test  #11: example05_mpfr ..........................................................   Passed    0.01 sec
        Start  12: example06_mpfc
 12/192 Test  #12: example06_mpfc ..........................................................   Passed    0.01 sec
        Start  13: example06_mpc
 13/192 Test  #13: example06_mpc ...........................................................   Passed    0.01 sec
        Start  14: example07_mpfc
 14/192 Test  #14: example07_mpfc ..........................................................   Passed    0.00 sec
        Start  15: example07_mpc
 15/192 Test  #15: example07_mpc ...........................................................   Passed    0.01 sec
        Start  16: example08_mpfc
 16/192 Test  #16: example08_mpfc ..........................................................   Passed    0.01 sec
        Start  17: example08_mpc
 17/192 Test  #17: example08_mpc ...........................................................   Passed    0.02 sec
        Start  18: example09_mpfc
 18/192 Test  #18: example09_mpfc ..........................................................   Passed    0.02 sec
        Start  19: example09_mpc
 19/192 Test  #19: example09_mpc ...........................................................   Passed    0.02 sec
        Start  20: example10_mpf
 20/192 Test  #20: example10_mpf ...........................................................   Passed    0.00 sec
        Start  21: example10_mpfr
 21/192 Test  #21: example10_mpfr ..........................................................   Passed    0.00 sec
        Start  22: example11_mpf
 22/192 Test  #22: example11_mpf ...........................................................   Passed    0.00 sec
        Start  23: example11_mpfr
 23/192 Test  #23: example11_mpfr ..........................................................   Passed    0.01 sec
        Start  24: example12_mpf
 24/192 Test  #24: example12_mpf ...........................................................   Passed    0.01 sec
        Start  25: example12_mpfr
 25/192 Test  #25: example12_mpfr ..........................................................   Passed    0.01 sec
        Start  26: example13_mpf
 26/192 Test  #26: example13_mpf ...........................................................   Passed    0.45 sec
        Start  27: example13_mpfr
 27/192 Test  #27: example13_mpfr ..........................................................   Passed    0.07 sec
        Start  28: example14_mpf
 28/192 Test  #28: example14_mpf ...........................................................   Passed    0.59 sec
        Start  29: example14_mpfr
 29/192 Test  #29: example14_mpfr ..........................................................   Passed    0.12 sec
        Start  30: example15_mpf
 30/192 Test  #30: example15_mpf ...........................................................   Passed    0.00 sec
        Start  31: example15_mpfr
 31/192 Test  #31: example15_mpfr ..........................................................   Passed    0.00 sec
        Start  32: example16_mpf_thread_context
 32/192 Test  #32: example16_mpf_thread_context ............................................   Passed    0.00 sec
        Start  33: example16_mpfr_thread_context
 33/192 Test  #33: example16_mpfr_thread_context ...........................................   Passed    0.00 sec
        Start  34: example15_mpf_bbp
 34/192 Test  #34: example15_mpf_bbp .......................................................   Passed    0.00 sec
        Start  35: example15_mpfr_bbp
 35/192 Test  #35: example15_mpfr_bbp ......................................................   Passed    0.00 sec
        Start  36: benchmark_disasm_equivalence
 36/192 Test  #36: benchmark_disasm_equivalence ............................................   Passed    0.50 sec
        Start  37: test_gmp_header_smoke
 37/192 Test  #37: test_gmp_header_smoke ...................................................   Passed    0.00 sec
        Start  38: test_mpfr_header_smoke
 38/192 Test  #38: test_mpfr_header_smoke ..................................................   Passed    0.00 sec
        Start  39: test_mpc_header_smoke
 39/192 Test  #39: test_mpc_header_smoke ...................................................   Passed    0.00 sec
        Start  40: test_dd_real_adapter
 40/192 Test  #40: test_dd_real_adapter ....................................................   Passed    0.00 sec
        Start  41: test_qd_real_adapter
 41/192 Test  #41: test_qd_real_adapter ....................................................   Passed    0.00 sec
        Start  42: test_mpf_binary_real_adapters
 42/192 Test  #42: test_mpf_binary_real_adapters ...........................................   Passed    0.00 sec
        Start  43: test_complex_compare_adapters
 43/192 Test  #43: test_complex_compare_adapters ...........................................   Passed    0.00 sec
        Start  44: test_mplapack_default_512
 44/192 Test  #44: test_mplapack_default_512 ...............................................   Passed    0.00 sec
        Start  45: test_mplapack_wrapper_compat
 45/192 Test  #45: test_mplapack_wrapper_compat ............................................   Passed    0.00 sec
        Start  46: test_aggregator_header_smoke
 46/192 Test  #46: test_aggregator_header_smoke ............................................   Passed    0.00 sec
        Start  47: test_namespace_aliases
 47/192 Test  #47: test_namespace_aliases ..................................................   Passed    0.00 sec
        Start  48: test_header_boundaries
 48/192 Test  #48: test_header_boundaries ..................................................   Passed    0.00 sec
        Start  49: test_library_tls_detection
 49/192 Test  #49: test_library_tls_detection ..............................................   Passed    0.00 sec
        Start  50: test_version_info
 50/192 Test  #50: test_version_info .......................................................   Passed    0.00 sec
        Start  51: test_integer_model_diagnostics
 51/192 Test  #51: test_integer_model_diagnostics ..........................................   Passed    0.00 sec
        Start  52: test_gmpxx_mkII
 52/192 Test  #52: test_gmpxx_mkII .........................................................   Passed    0.01 sec
        Start  53: test_mpfrxx_mkII
 53/192 Test  #53: test_mpfrxx_mkII ........................................................   Passed    0.00 sec
        Start  54: test_abi_fingerprint
 54/192 Test  #54: test_abi_fingerprint ....................................................   Passed    0.00 sec
        Start  55: test_alias_safety
 55/192 Test  #55: test_alias_safety .......................................................   Passed    0.00 sec
        Start  56: test_temporary_expression_lifetime
 56/192 Test  #56: test_temporary_expression_lifetime ......................................   Passed    0.00 sec
        Start  57: test_leaf_single_rounding
 57/192 Test  #57: test_leaf_single_rounding ...............................................   Passed    0.00 sec
        Start  58: test_expr_unary_move_folding
 58/192 Test  #58: test_expr_unary_move_folding ............................................   Passed    0.00 sec
        Start  59: test_comparisons
 59/192 Test  #59: test_comparisons ........................................................   Passed    0.00 sec
        Start  60: test_compound_assign
 60/192 Test  #60: test_compound_assign ....................................................   Passed    0.00 sec
        Start  61: test_common_type
 61/192 Test  #61: test_common_type ........................................................   Passed    0.00 sec
        Start  62: test_exception_support
 62/192 Test  #62: test_exception_support ..................................................   Passed    0.00 sec
        Start  63: test_random
 63/192 Test  #63: test_random .............................................................   Passed    0.01 sec
        Start  64: test_type_conversions
 64/192 Test  #64: test_type_conversions ...................................................   Passed    0.00 sec
        Start  65: test_mpq_floating_conversion
 65/192 Test  #65: test_mpq_floating_conversion ............................................   Passed    0.00 sec
        Start  66: test_unary_minus_simplification
 66/192 Test  #66: test_unary_minus_simplification .........................................   Passed    0.00 sec
        Start  67: test_user_defined_literals
 67/192 Test  #67: test_user_defined_literals ..............................................   Passed    0.00 sec
        Start  68: test_et_contract_mpfr
 68/192 Test  #68: test_et_contract_mpfr ...................................................   Passed    0.00 sec
        Start  69: test_mpfr_user_defined_literals
 69/192 Test  #69: test_mpfr_user_defined_literals .........................................   Passed    0.00 sec
        Start  70: test_mpfr_expression_eval
 70/192 Test  #70: test_mpfr_expression_eval ...............................................   Passed    0.00 sec
        Start  71: test_mpfr_precision_policy
 71/192 Test  #71: test_mpfr_precision_policy ..............................................   Passed    0.00 sec
        Start  72: test_mpfr_aliasing
 72/192 Test  #72: test_mpfr_aliasing ......................................................   Passed    0.00 sec
        Start  73: test_mpfr_random
 73/192 Test  #73: test_mpfr_random ........................................................   Passed    0.02 sec
        Start  74: test_et_contract_mpfr_scalar
 74/192 Test  #74: test_et_contract_mpfr_scalar ............................................   Passed    0.00 sec
        Start  75: test_mpfr_scalar_eval
 75/192 Test  #75: test_mpfr_scalar_eval ...................................................   Passed    0.00 sec
        Start  76: test_mpfr_long_width_dispatch
 76/192 Test  #76: test_mpfr_long_width_dispatch ...........................................   Passed    0.00 sec
        Start  77: test_mpfr_alloc_count
 77/192 Test  #77: test_mpfr_alloc_count ...................................................   Passed    0.00 sec
        Start  78: test_mpfr_fixed_precision_materialization
 78/192 Test  #78: test_mpfr_fixed_precision_materialization ...............................   Passed    0.00 sec
        Start  79: test_mpfr_fixed_precision_fma_alloc_count
 79/192 Test  #79: test_mpfr_fixed_precision_fma_alloc_count ...............................   Passed    0.00 sec
        Start  80: test_mpfr_fixed_precision_tls_scratch
 80/192 Test  #80: test_mpfr_fixed_precision_tls_scratch ...................................   Passed    0.00 sec
        Start  81: test_mpfr_type_conversions
 81/192 Test  #81: test_mpfr_type_conversions ..............................................   Passed    0.00 sec
        Start  82: test_mpfr_comparisons
 82/192 Test  #82: test_mpfr_comparisons ...................................................   Passed    0.00 sec
        Start  83: test_mpfr_compound_assign
 83/192 Test  #83: test_mpfr_compound_assign ...............................................   Passed    0.00 sec
        Start  84: test_mpfr_rounding_context
 84/192 Test  #84: test_mpfr_rounding_context ..............................................   Passed    0.00 sec
        Start  85: test_mpfr_rounding_context_fixed_precision
 85/192 Test  #85: test_mpfr_rounding_context_fixed_precision ..............................   Passed    0.00 sec
        Start  86: test_mpfr_rounding_scope
 86/192 Test  #86: test_mpfr_rounding_scope ................................................   Passed    0.00 sec
        Start  87: test_mpfr_rounding_scope_stable
 87/192 Test  #87: test_mpfr_rounding_scope_stable .........................................   Passed    0.00 sec
        Start  88: test_mpfr_exception_support
 88/192 Test  #88: test_mpfr_exception_support .............................................   Passed    0.00 sec
        Start  89: test_mpfr_defaults
 89/192 Test  #89: test_mpfr_defaults ......................................................   Passed    0.00 sec
        Start  90: test_mpfr_initialization_sentinel
 90/192 Test  #90: test_mpfr_initialization_sentinel .......................................   Passed    0.00 sec
        Start  91: test_mpfr_environment
 91/192 Test  #91: test_mpfr_environment ...................................................   Passed    0.00 sec
        Start  92: test_mpfr_environment_first_use_with_precision
 92/192 Test  #92: test_mpfr_environment_first_use_with_precision ..........................   Passed    0.00 sec
        Start  93: test_mpfr_environment_first_use_explicit_precision_constructor
 93/192 Test  #93: test_mpfr_environment_first_use_explicit_precision_constructor ..........   Passed    0.00 sec
        Start  94: test_mpfr_environment_first_use_current_eval_context
 94/192 Test  #94: test_mpfr_environment_first_use_current_eval_context ....................   Passed    0.00 sec
        Start  95: test_mpfr_environment_first_use_initialize_thread_defaults
 95/192 Test  #95: test_mpfr_environment_first_use_initialize_thread_defaults ..............   Passed    0.00 sec
        Start  96: test_mpfr_environment_first_use_raw_rounding_preserved
 96/192 Test  #96: test_mpfr_environment_first_use_raw_rounding_preserved ..................   Passed    0.00 sec
        Start  97: test_mpfr_environment_first_use_stable_with_precision
 97/192 Test  #97: test_mpfr_environment_first_use_stable_with_precision ...................   Passed    0.00 sec
        Start  98: test_mpfr_environment_first_use_stable_explicit_precision_constructor
 98/192 Test  #98: test_mpfr_environment_first_use_stable_explicit_precision_constructor ...   Passed    0.00 sec
        Start  99: test_mpfr_environment_first_use_stable_current_eval_context
 99/192 Test  #99: test_mpfr_environment_first_use_stable_current_eval_context .............   Passed    0.00 sec
        Start 100: test_mpfr_environment_first_use_stable_initialize_thread_defaults
100/192 Test #100: test_mpfr_environment_first_use_stable_initialize_thread_defaults .......   Passed    0.00 sec
        Start 101: test_mpfr_environment_first_use_stable_raw_rounding_preserved
101/192 Test #101: test_mpfr_environment_first_use_stable_raw_rounding_preserved ...........   Passed    0.00 sec
        Start 102: test_mpfr_environment_invalid
102/192 Test #102: test_mpfr_environment_invalid ...........................................   Passed    0.00 sec
        Start 103: test_mpfr_string_io
103/192 Test #103: test_mpfr_string_io .....................................................   Passed    0.00 sec
        Start 104: test_mpfr_math
104/192 Test #104: test_mpfr_math ..........................................................   Passed    0.04 sec
        Start 105: test_mpfr_transcendent_functions
105/192 Test #105: test_mpfr_transcendent_functions ........................................   Passed    0.04 sec
        Start 106: test_et_contract_mpf
106/192 Test #106: test_et_contract_mpf ....................................................   Passed    0.00 sec
        Start 107: test_mpf_basic
107/192 Test #107: test_mpf_basic ..........................................................   Passed    0.00 sec
        Start 108: test_mpf_precision_policy
108/192 Test #108: test_mpf_precision_policy ...............................................   Passed    0.00 sec
        Start 109: test_mpf_default_precision_env
109/192 Test #109: test_mpf_default_precision_env ..........................................   Passed    0.00 sec
        Start 110: test_mpf_default_precision_invalid_env
110/192 Test #110: test_mpf_default_precision_invalid_env ..................................   Passed    0.00 sec
        Start 111: test_mpf_default_precision_overflow_env
111/192 Test #111: test_mpf_default_precision_overflow_env .................................   Passed    0.00 sec
        Start 112: test_mpf_external_provider
112/192 Test #112: test_mpf_external_provider ..............................................   Passed    0.00 sec
        Start 113: test_mpf_aliasing
113/192 Test #113: test_mpf_aliasing .......................................................   Passed    0.00 sec
        Start 114: test_mpf_string_io
114/192 Test #114: test_mpf_string_io ......................................................   Passed    0.00 sec
        Start 115: test_mpf_alloc_count
115/192 Test #115: test_mpf_alloc_count ....................................................   Passed    0.00 sec
        Start 116: test_mpf_scalar_alloc_count
116/192 Test #116: test_mpf_scalar_alloc_count .............................................   Passed    0.00 sec
        Start 117: test_mpf_fixed_precision_materialization
117/192 Test #117: test_mpf_fixed_precision_materialization ................................   Passed    0.00 sec
        Start 118: test_mpf_fixed_precision_tls_scratch
118/192 Test #118: test_mpf_fixed_precision_tls_scratch ....................................   Passed    0.00 sec
        Start 119: test_mpf_long_width_dispatch
119/192 Test #119: test_mpf_long_width_dispatch ............................................   Passed    0.00 sec
        Start 120: test_mpf_numeric_equivalence
120/192 Test #120: test_mpf_numeric_equivalence ............................................   Passed    0.00 sec
        Start 121: test_mpf_power_of_two_fusion
121/192 Test #121: test_mpf_power_of_two_fusion ............................................   Passed    0.00 sec
        Start 122: test_mpf_decomposition_functions
122/192 Test #122: test_mpf_decomposition_functions ........................................   Passed    0.00 sec
        Start 123: test_mpf_thread_safety
123/192 Test #123: test_mpf_thread_safety ..................................................   Passed    0.00 sec
        Start 124: test_mpf_pi
124/192 Test #124: test_mpf_pi .............................................................   Passed    0.00 sec
        Start 125: test_mpf_transcendent_functions
125/192 Test #125: test_mpf_transcendent_functions .........................................   Passed    4.60 sec
        Start 126: test_mpf_math_functions
126/192 Test #126: test_mpf_math_functions .................................................   Passed    0.00 sec
        Start 127: test_mpf_extended_transcendent_functions
127/192 Test #127: test_mpf_extended_transcendent_functions ................................   Passed    0.10 sec
        Start 128: test_construction_copy
128/192 Test #128: test_construction_copy ..................................................   Passed    0.01 sec
        Start 129: test_et_contract_mpfc
129/192 Test #129: test_et_contract_mpfc ...................................................   Passed    0.00 sec
        Start 130: test_mpfc_basic
130/192 Test #130: test_mpfc_basic .........................................................   Passed    0.01 sec
        Start 131: test_mpfc_precision_policy
131/192 Test #131: test_mpfc_precision_policy ..............................................   Passed    0.00 sec
        Start 132: test_mpfc_header_boundary
132/192 Test #132: test_mpfc_header_boundary ...............................................   Passed    0.00 sec
        Start 133: test_mpfc_math
133/192 Test #133: test_mpfc_math ..........................................................   Passed    0.01 sec
        Start 134: test_mpfc_io
134/192 Test #134: test_mpfc_io ............................................................   Passed    0.00 sec
        Start 135: test_et_contract_zq_mpf
135/192 Test #135: test_et_contract_zq_mpf .................................................   Passed    0.00 sec
        Start 136: test_mixed_zq_mpf_promotion
136/192 Test #136: test_mixed_zq_mpf_promotion .............................................   Passed    0.00 sec
        Start 137: test_mixed_type_arithmetic
137/192 Test #137: test_mixed_type_arithmetic ..............................................   Passed    0.00 sec
        Start 138: test_et_contract_zq_mpfr
138/192 Test #138: test_et_contract_zq_mpfr ................................................   Passed    0.00 sec
        Start 139: test_mpz_basic
139/192 Test #139: test_mpz_basic ..........................................................   Passed    0.00 sec
        Start 140: test_mpz_arithmetic
140/192 Test #140: test_mpz_arithmetic .....................................................   Passed    0.00 sec
        Start 141: test_mpz_addmul_fusion
141/192 Test #141: test_mpz_addmul_fusion ..................................................   Passed    0.00 sec
        Start 142: test_mpz_addmul_alloc_count
142/192 Test #142: test_mpz_addmul_alloc_count .............................................   Passed    0.00 sec
        Start 143: test_mpq_basic
143/192 Test #143: test_mpq_basic ..........................................................   Passed    0.00 sec
        Start 144: test_mpq_arithmetic
144/192 Test #144: test_mpq_arithmetic .....................................................   Passed    0.00 sec
        Start 145: test_mpq_canonicalization
145/192 Test #145: test_mpq_canonicalization ...............................................   Passed    0.00 sec
        Start 146: test_zq_string_io
146/192 Test #146: test_zq_string_io .......................................................   Passed    0.00 sec
        Start 147: test_mpz_mpq_alloc_count
147/192 Test #147: test_mpz_mpq_alloc_count ................................................   Passed    0.00 sec
        Start 148: test_mixed_zq_mpfr_promotion
148/192 Test #148: test_mixed_zq_mpfr_promotion ............................................   Passed    0.00 sec
        Start 149: test_mixed_zq_mpfr_exact_subexpression
149/192 Test #149: test_mixed_zq_mpfr_exact_subexpression ..................................   Passed    0.00 sec
        Start 150: test_mpfr_numeric_equivalence
150/192 Test #150: test_mpfr_numeric_equivalence ...........................................   Passed    0.00 sec
        Start 151: test_mpfr_power_of_two_fusion
151/192 Test #151: test_mpfr_power_of_two_fusion ...........................................   Passed    0.00 sec
        Start 152: test_mpfr_decomposition_functions
152/192 Test #152: test_mpfr_decomposition_functions .......................................   Passed    0.00 sec
        Start 153: test_mpfr_scalar_alloc_count
153/192 Test #153: test_mpfr_scalar_alloc_count ............................................   Passed    0.00 sec
        Start 154: test_mpfr_thread_safety
154/192 Test #154: test_mpfr_thread_safety .................................................   Passed    0.01 sec
        Start 155: test_et_contract_mpc
155/192 Test #155: test_et_contract_mpc ....................................................   Passed    0.00 sec
        Start 156: test_mpc_basic
156/192 Test #156: test_mpc_basic ..........................................................   Passed    0.00 sec
        Start 157: test_mpc_aliasing
157/192 Test #157: test_mpc_aliasing .......................................................   Passed    0.00 sec
        Start 158: test_mpc_defaults
158/192 Test #158: test_mpc_defaults .......................................................   Passed    0.00 sec
        Start 159: test_mpc_environment
159/192 Test #159: test_mpc_environment ....................................................   Passed    0.00 sec
        Start 160: test_mpc_environment_first_use_share_mpfr
160/192 Test #160: test_mpc_environment_first_use_share_mpfr ...............................   Passed    0.00 sec
        Start 161: test_mpc_environment_first_use_mpc_env
161/192 Test #161: test_mpc_environment_first_use_mpc_env ..................................   Passed    0.00 sec
        Start 162: test_mpc_environment_first_use_component_env
162/192 Test #162: test_mpc_environment_first_use_component_env ............................   Passed    0.00 sec
        Start 163: test_mpc_environment_first_use_asymmetric_override
163/192 Test #163: test_mpc_environment_first_use_asymmetric_override ......................   Passed    0.00 sec
        Start 164: test_mpc_environment_invalid
164/192 Test #164: test_mpc_environment_invalid ............................................   Passed    0.00 sec
        Start 165: test_mpc_precision_policy
165/192 Test #165: test_mpc_precision_policy ...............................................   Passed    0.00 sec
        Start 166: test_mpc_evaluation_context
166/192 Test #166: test_mpc_evaluation_context .............................................   Passed    0.00 sec
        Start 167: test_mpc_evaluation_context_fixed_precision
167/192 Test #167: test_mpc_evaluation_context_fixed_precision .............................   Passed    0.00 sec
        Start 168: test_mpc_io
168/192 Test #168: test_mpc_io .............................................................   Passed    0.00 sec
        Start 169: test_mpc_math
169/192 Test #169: test_mpc_math ...........................................................   Passed    0.00 sec
        Start 170: test_mpc_alloc_count
170/192 Test #170: test_mpc_alloc_count ....................................................   Passed    0.00 sec
        Start 171: compile_pass_harness_control
171/192 Test #171: compile_pass_harness_control ............................................   Passed    0.65 sec
        Start 172: compile_fail_mpfr_header_must_not_expose_mpf
172/192 Test #172: compile_fail_mpfr_header_must_not_expose_mpf ............................   Passed    0.44 sec
        Start 173: compile_fail_mpfr_header_must_not_expose_mpfc
173/192 Test #173: compile_fail_mpfr_header_must_not_expose_mpfc ...........................   Passed    0.44 sec
        Start 174: compile_fail_mpfr_header_must_not_expose_mpc
174/192 Test #174: compile_fail_mpfr_header_must_not_expose_mpc ............................   Passed    0.44 sec
        Start 175: compile_fail_gmp_header_must_not_expose_mpfr_or_mpc
175/192 Test #175: compile_fail_gmp_header_must_not_expose_mpfr_or_mpc .....................   Passed    0.53 sec
        Start 176: compile_fail_test_bool_scalar
176/192 Test #176: compile_fail_test_bool_scalar ...........................................   Passed    0.44 sec
        Start 177: compile_fail_test_wchar_scalar
177/192 Test #177: compile_fail_test_wchar_scalar ..........................................   Passed    0.45 sec
        Start 178: compile_fail_test_char16_scalar
178/192 Test #178: compile_fail_test_char16_scalar .........................................   Passed    0.44 sec
        Start 179: compile_fail_test_char32_scalar
179/192 Test #179: compile_fail_test_char32_scalar .........................................   Passed    0.45 sec
        Start 180: compile_fail_test_long_double_scalar
180/192 Test #180: compile_fail_test_long_double_scalar ....................................   Passed    0.45 sec
        Start 181: compile_fail_test_int128_scalar
181/192 Test #181: compile_fail_test_int128_scalar .........................................   Passed    0.44 sec
        Start 182: compile_fail_test_scalar_scalar_et_operator
182/192 Test #182: compile_fail_test_scalar_scalar_et_operator .............................   Passed    0.44 sec
        Start 183: compile_fail_test_mpf_precision_guard_frozen_env
183/192 Test #183: compile_fail_test_mpf_precision_guard_frozen_env ........................   Passed    0.51 sec
        Start 184: compile_fail_test_mpf_plus_mpfr
184/192 Test #184: compile_fail_test_mpf_plus_mpfr .........................................   Passed    0.62 sec
        Start 185: compile_fail_test_mpfr_plus_mpf
185/192 Test #185: compile_fail_test_mpfr_plus_mpf .........................................   Passed    0.62 sec
        Start 186: compile_fail_test_mpf_plus_mpc
186/192 Test #186: compile_fail_test_mpf_plus_mpc ..........................................   Passed    0.62 sec
        Start 187: compile_fail_test_mpc_plus_mpf
187/192 Test #187: compile_fail_test_mpc_plus_mpf ..........................................   Passed    0.64 sec
        Start 188: compile_fail_test_mpfc_plus_mpfr
188/192 Test #188: compile_fail_test_mpfc_plus_mpfr ........................................   Passed    0.62 sec
        Start 189: compile_fail_test_mpfr_plus_mpfc
189/192 Test #189: compile_fail_test_mpfr_plus_mpfc ........................................   Passed    0.61 sec
        Start 190: compile_fail_test_mpfc_plus_mpc
190/192 Test #190: compile_fail_test_mpfc_plus_mpc .........................................   Passed    0.62 sec
        Start 191: compile_fail_test_mpc_plus_mpfc
191/192 Test #191: compile_fail_test_mpc_plus_mpfc .........................................   Passed    0.62 sec
        Start 192: link_fail_mpf_external_provider_missing
192/192 Test #192: link_fail_mpf_external_provider_missing .................................   Passed    0.56 sec

100% tests passed, 0 tests failed out of 192

Label Time Summary:
alloc-count    =   0.03 sec*proc (11 tests)
benchmark      =   0.50 sec*proc (1 test)
disasm         =   0.50 sec*proc (1 test)

Total Test time (real) =  18.90 sec
-- Install configuration: "Release"
-- Installing: /tmp/gmpfrxx-mkII-p2b-gate-install.b2977Y/include
-- Installing: /tmp/gmpfrxx-mkII-p2b-gate-install.b2977Y/include/gmpfrxx_mkII
-- Installing: /tmp/gmpfrxx-mkII-p2b-gate-install.b2977Y/include/gmpfrxx_mkII/adapters
-- Installing: /tmp/gmpfrxx-mkII-p2b-gate-install.b2977Y/include/gmpfrxx_mkII/adapters/qd_complex.hpp
-- Installing: /tmp/gmpfrxx-mkII-p2b-gate-install.b2977Y/include/gmpfrxx_mkII/adapters/mpfc_complex.hpp
-- Installing: /tmp/gmpfrxx-mkII-p2b-gate-install.b2977Y/include/gmpfrxx_mkII/adapters/qd_real.hpp
-- Installing: /tmp/gmpfrxx-mkII-p2b-gate-install.b2977Y/include/gmpfrxx_mkII/adapters/dd_real.hpp
-- Installing: /tmp/gmpfrxx-mkII-p2b-gate-install.b2977Y/include/gmpfrxx_mkII/adapters/dd_complex.hpp
-- Installing: /tmp/gmpfrxx-mkII-p2b-gate-install.b2977Y/include/gmpfrxx_mkII/adapters/binary80_real.hpp
-- Installing: /tmp/gmpfrxx-mkII-p2b-gate-install.b2977Y/include/gmpfrxx_mkII/adapters/mpf_real.hpp
-- Installing: /tmp/gmpfrxx-mkII-p2b-gate-install.b2977Y/include/gmpfrxx_mkII/adapters/binary128_real.hpp
-- Installing: /tmp/gmpfrxx-mkII-p2b-gate-install.b2977Y/include/gmpfrxx_mkII/adapters/detail
-- Installing: /tmp/gmpfrxx-mkII-p2b-gate-install.b2977Y/include/gmpfrxx_mkII/adapters/detail/binary_float.hpp
-- Installing: /tmp/gmpfrxx-mkII-p2b-gate-install.b2977Y/include/gmpfrxx_mkII/adapters/detail/real_components.hpp
-- Installing: /tmp/gmpfrxx-mkII-p2b-gate-install.b2977Y/include/gmpfrxx_mkII/adapters/detail/complex_components.hpp
-- Installing: /tmp/gmpfrxx-mkII-p2b-gate-install.b2977Y/include/gmpfrxx_mkII/adapters/binary128_complex.hpp
-- Installing: /tmp/gmpfrxx-mkII-p2b-gate-install.b2977Y/include/gmpfrxx_mkII/adapters/binary80_complex.hpp
-- Installing: /tmp/gmpfrxx-mkII-p2b-gate-install.b2977Y/include/gmpfrxx_mkII/detail
-- Installing: /tmp/gmpfrxx-mkII-p2b-gate-install.b2977Y/include/gmpfrxx_mkII/detail/expr.hpp
-- Installing: /tmp/gmpfrxx-mkII-p2b-gate-install.b2977Y/include/gmpfrxx_mkII/detail/math_mpf.hpp
-- Installing: /tmp/gmpfrxx-mkII-p2b-gate-install.b2977Y/include/gmpfrxx_mkII/detail/integer_conversion.hpp
-- Installing: /tmp/gmpfrxx-mkII-p2b-gate-install.b2977Y/include/gmpfrxx_mkII/detail/type_traits.hpp
-- Installing: /tmp/gmpfrxx-mkII-p2b-gate-install.b2977Y/include/gmpfrxx_mkII/detail/environment.hpp
-- Installing: /tmp/gmpfrxx-mkII-p2b-gate-install.b2977Y/include/gmpfrxx_mkII/detail/mpfr_impl.hpp
-- Installing: /tmp/gmpfrxx-mkII-p2b-gate-install.b2977Y/include/gmpfrxx_mkII/detail/common_type_macros.hpp
-- Installing: /tmp/gmpfrxx-mkII-p2b-gate-install.b2977Y/include/gmpfrxx_mkII/detail/config.hpp
-- Installing: /tmp/gmpfrxx-mkII-p2b-gate-install.b2977Y/include/gmpfrxx_mkII/detail/math_mpfc.hpp
-- Installing: /tmp/gmpfrxx-mkII-p2b-gate-install.b2977Y/include/gmpfrxx_mkII/detail/zq_impl.hpp
-- Installing: /tmp/gmpfrxx-mkII-p2b-gate-install.b2977Y/include/gmpfrxx_mkII/detail/gmp_default_context.hpp
-- Installing: /tmp/gmpfrxx-mkII-p2b-gate-install.b2977Y/include/gmpfrxx_mkII/detail/mpfc_impl.hpp
-- Installing: /tmp/gmpfrxx-mkII-p2b-gate-install.b2977Y/include/gmpfrxx_mkII/detail/eval_context.hpp
-- Installing: /tmp/gmpfrxx-mkII-p2b-gate-install.b2977Y/include/gmpfrxx_mkII/detail/mpc_impl.hpp
-- Installing: /tmp/gmpfrxx-mkII-p2b-gate-install.b2977Y/include/gmpfrxx_mkII/detail/mpf_impl.hpp
-- Installing: /tmp/gmpfrxx-mkII-p2b-gate-install.b2977Y/include/gmpfrxx_mkII/detail/mpc_environment.hpp
-- Installing: /tmp/gmpfrxx-mkII-p2b-gate-install.b2977Y/include/mpfrxx_mkII.h
-- Installing: /tmp/gmpfrxx-mkII-p2b-gate-install.b2977Y/include/gmpxx_mkII.h
-- Installing: /tmp/gmpfrxx-mkII-p2b-gate-install.b2977Y/include/gmpfrxx_mkII.h
-- Installing: /tmp/gmpfrxx-mkII-p2b-gate-install.b2977Y/include/mpcxx_mkII.h
-- Up-to-date: /tmp/gmpfrxx-mkII-p2b-gate-install.b2977Y/include
-- Up-to-date: /tmp/gmpfrxx-mkII-p2b-gate-install.b2977Y/include/gmpfrxx_mkII
-- Up-to-date: /tmp/gmpfrxx-mkII-p2b-gate-install.b2977Y/include/gmpfrxx_mkII/detail
-- Installing: /tmp/gmpfrxx-mkII-p2b-gate-install.b2977Y/include/gmpfrxx_mkII/detail/version.hpp
-- Installing: /tmp/gmpfrxx-mkII-p2b-gate-install.b2977Y/include/gmpfrxx_mkII/detail/build_config.hpp
-- Installing: /tmp/gmpfrxx-mkII-p2b-gate-install.b2977Y/lib/libgmpxx_mkII_default_context_provider.so
-- Installing: /tmp/gmpfrxx-mkII-p2b-gate-install.b2977Y/lib/cmake/gmpfrxx_mkII/gmpxx_mkIITargets.cmake
-- Installing: /tmp/gmpfrxx-mkII-p2b-gate-install.b2977Y/lib/cmake/gmpfrxx_mkII/gmpxx_mkIITargets-release.cmake
-- Installing: /tmp/gmpfrxx-mkII-p2b-gate-install.b2977Y/lib/cmake/gmpfrxx_mkII/mpfrxx_mkIITargets.cmake
-- Installing: /tmp/gmpfrxx-mkII-p2b-gate-install.b2977Y/lib/cmake/gmpfrxx_mkII/mpcxx_mkIITargets.cmake
-- Installing: /tmp/gmpfrxx-mkII-p2b-gate-install.b2977Y/lib/cmake/gmpfrxx_mkII/gmpfrxx_mkIITargets.cmake
-- Installing: /tmp/gmpfrxx-mkII-p2b-gate-install.b2977Y/lib/cmake/gmpfrxx_mkII/gmpfrxx_mkIIConfig.cmake
-- Installing: /tmp/gmpfrxx-mkII-p2b-gate-install.b2977Y/lib/cmake/gmpfrxx_mkII/gmpfrxx_mkIIConfigVersion.cmake
-- Installing: /tmp/gmpfrxx-mkII-p2b-gate-install.b2977Y/lib/cmake/gmpfrxx_mkII/FindGMP.cmake
-- Installing: /tmp/gmpfrxx-mkII-p2b-gate-install.b2977Y/lib/cmake/gmpfrxx_mkII/FindMPFR.cmake
-- Installing: /tmp/gmpfrxx-mkII-p2b-gate-install.b2977Y/lib/cmake/gmpfrxx_mkII/FindMPC.cmake
-- The CXX compiler identification is GNU 15.2.0
-- Detecting CXX compiler ABI info
-- Detecting CXX compiler ABI info - done
-- Check for working CXX compiler: /usr/bin/c++ - skipped
-- Detecting CXX compile features
-- Detecting CXX compile features - done
-- Found GMP: /usr/lib/x86_64-linux-gnu/libgmp.so
-- Found MPFR: /usr/lib/x86_64-linux-gnu/libmpfr.so
-- Found MPC: /usr/lib/x86_64-linux-gnu/libmpc.so
-- Configuring done (0.3s)
-- Generating done (0.0s)
-- Build files have been written to: /tmp/gmpfrxx-mkII-p2b-consumer-build.w6NGfW
[ 50%] Building CXX object CMakeFiles/p2b_consumer.dir/main.cpp.o
[100%] Linking CXX executable p2b_consumer
[100%] Built target p2b_consumer
P2B gate: PASS
P2C gate: PASS
