variant,runs,ok_runs,max_mflops,avg_mflops,min_mflops,max_elapsed_s,avg_elapsed_s,min_elapsed_s
kernel_07_mkII,10,10,19.3113,19.04781,18.8268,1.06231,1.050044,1.03566
kernel_07_mkII_FMA,10,10,23.9659,23.35828,22.9252,0.872403,0.8563927,0.834518
kernel_08_mkII,10,10,23.5673,23.3567,23.0693,0.866952,0.8563195,0.848632
kernel_openmp_07_mkII,10,10,492.652,458.6128,357.897,0.0558819,0.04400581,0.0405966
kernel_openmp_07_mkII_FMA,10,10,563.324,539.399,455.97,0.0438626,0.037207859999999995,0.0355035
kernel_openmp_08_mkII,10,10,551.961,500.8995,337.463,0.0592658,0.04084377,0.0362344
