variant,runs,ok_runs,min_elapsed_s,max_elapsed_s,avg_elapsed_s,stdev_elapsed_s,max_melements_per_s,avg_melements_per_s,max_mflops,avg_mflops,estimated_read_gbps_200B,alloc,alloc_bytes
07_readonly,10,10,0.078627500,0.081799500,0.079477810,0.000954867,127.182000,125.837300,0.000000,0.000000,25.167460,0,0
08_addonly,10,10,0.162613000,0.171194000,0.166462500,0.002176908,61.495500,60.082780,0.000000,0.000000,12.016556,1,80
09_mulonly,10,10,0.443373000,0.451571000,0.447660300,0.002422361,22.554400,22.338960,0.000000,0.000000,4.467792,1,80
10_muladd,10,10,0.620160000,0.635615000,0.625428400,0.004894100,16.124900,15.989910,32.249800,31.979840,3.197982,2,160
